Window,Strategy,LLR,Accumulator_State,Confidence
0,InfiniteAccumulator,1.093361822300096,1.093361822300096,0.7490142459033697
1,InfiniteAccumulator,0.2351605871885146,1.3285224094886106,0.7905961189568046
2,InfiniteAccumulator,1.3510825861560942,2.679604995644705,0.9358124007345711
3,InfiniteAccumulator,11.51291546492478,14.192520460569483,0.9999993140911889
4,InfiniteAccumulator,0.11915673597567286,14.311677196545157,0.9999993911401978
5,InfiniteAccumulator,0.11917650733055411,14.43085370387571,0.9999994595448837
6,InfiniteAccumulator,11.51291546492478,25.94376916880049,0.9999999999945954
7,InfiniteAccumulator,1.5872611619387442,27.531030330739235,0.9999999999988949
8,InfiniteAccumulator,-0.16373407863388326,27.36729625210535,0.9999999999986982
9,InfiniteAccumulator,1.167915429123424,28.535211681228777,0.9999999999995952
10,InfiniteAccumulator,-0.15641937935367184,28.378792301875105,0.9999999999995266
11,InfiniteAccumulator,-0.15921116361118412,28.219581138263923,0.9999999999994449
12,InfiniteAccumulator,0.7199167358457066,28.93949787410963,0.9999999999997298
13,InfiniteAccumulator,-3.6226860396377574,25.316811834471874,0.999999999989883
14,InfiniteAccumulator,-2.4085286732413422,22.908283161230532,0.9999999998875242
15,InfiniteAccumulator,-0.27649312832750483,22.631790032903027,0.9999999998517008
16,InfiniteAccumulator,-0.8656959975445164,21.76609403535851,0.9999999996475435
17,InfiniteAccumulator,0.8201783604936758,22.586272395852184,0.9999999998447946
18,InfiniteAccumulator,-0.7190928385282216,21.86717955732396,0.9999999996814302
19,InfiniteAccumulator,-1.5415580823392778,20.325621474984683,0.9999999985116854
20,InfiniteAccumulator,11.51291546492478,31.83853693990946,0.9999999999999851
21,InfiniteAccumulator,0.1292480641024535,31.967785004011912,0.9999999999999869
22,InfiniteAccumulator,0.4906454046978576,32.458430408709766,0.999999999999992
23,InfiniteAccumulator,-1.5674827334515828,30.890947675258182,0.9999999999999616
24,InfiniteAccumulator,-0.25462612048669714,30.636321554771484,0.9999999999999505
25,InfiniteAccumulator,0.5463001698811727,31.182621724652655,0.9999999999999714
26,InfiniteAccumulator,-1.073690289822031,30.108931434830623,0.9999999999999161
27,InfiniteAccumulator,0.9085795435433601,31.017510978373984,0.9999999999999662
28,InfiniteAccumulator,-0.3235600057407681,30.693950972633218,0.9999999999999531
29,InfiniteAccumulator,0.04997790051089773,30.743928873144114,0.9999999999999556
30,InfiniteAccumulator,-0.32487548567991636,30.419053387464196,0.9999999999999385
31,InfiniteAccumulator,11.51291546492478,41.93196885238898,1.0
32,InfiniteAccumulator,0.3886215958947493,42.320590448283724,1.0
33,InfiniteAccumulator,-0.931173382352523,41.3894170659312,1.0
34,InfiniteAccumulator,1.7094387520797427,43.09885581801094,1.0
35,InfiniteAccumulator,-1.1872735989060132,41.91158221910493,1.0
36,InfiniteAccumulator,0.6751665920419747,42.586748811146904,1.0
37,InfiniteAccumulator,-4.4024627950158335,38.18428601613107,1.0
38,InfiniteAccumulator,-1.3766709913219892,36.80761502480908,1.0
39,InfiniteAccumulator,0.6591008179508016,37.46671584275988,1.0
40,InfiniteAccumulator,1.526815963889893,38.99353180664978,1.0
41,InfiniteAccumulator,0.625244930800677,39.61877673745045,1.0
42,InfiniteAccumulator,0.2627228696655296,39.881499607115984,1.0
43,InfiniteAccumulator,0.038680387281930115,39.92017999439791,1.0
44,InfiniteAccumulator,-1.6849326959776998,38.23524729842021,1.0
45,InfiniteAccumulator,-0.4724068307469765,37.762840467673236,1.0
46,InfiniteAccumulator,-0.15306467002892413,37.60977579764431,1.0
47,InfiniteAccumulator,2.4040638493045856,40.013839646948895,1.0
48,InfiniteAccumulator,0.8620342245734769,40.87587387152237,1.0
49,InfiniteAccumulator,-2.5700961684477854,38.30577770307459,1.0
50,InfiniteAccumulator,0.8341191192271639,39.13989682230175,1.0
51,InfiniteAccumulator,-0.062118703754302215,39.07777811854745,1.0
52,InfiniteAccumulator,-0.4183009055847059,38.65947721296274,1.0
53,InfiniteAccumulator,1.2861975320065213,39.94567474496926,1.0
54,InfiniteAccumulator,2.3051159786759357,42.250790723645196,1.0
55,InfiniteAccumulator,1.9866100537871694,44.23740077743236,1.0
56,InfiniteAccumulator,-0.6268076604567732,43.61059311697559,1.0
57,InfiniteAccumulator,0.02894717013859273,43.63954028711419,1.0
58,InfiniteAccumulator,0.8443426032190158,44.483882890333206,1.0
59,InfiniteAccumulator,2.1182413286294848,46.60212421896269,1.0
60,InfiniteAccumulator,-0.1754578330210907,46.4266663859416,1.0
61,InfiniteAccumulator,0.17767516819017284,46.60434155413177,1.0
62,InfiniteAccumulator,-1.0042863557543196,45.600055198377454,1.0
63,InfiniteAccumulator,-1.1464504891485003,44.453604709228955,1.0
64,InfiniteAccumulator,1.6864577150497344,46.14006242427869,1.0
65,InfiniteAccumulator,11.51291546492478,57.65297788920347,1.0
66,InfiniteAccumulator,0.31619622158418176,57.96917411078765,1.0
67,InfiniteAccumulator,2.2090567769715825,60.17823088775923,1.0
68,InfiniteAccumulator,0.8880655440652678,61.0662964318245,1.0
69,InfiniteAccumulator,-0.37860219999547645,60.68769423182902,1.0
70,InfiniteAccumulator,0.8877163451181581,61.57541057694718,1.0
71,InfiniteAccumulator,11.51291546492478,73.08832604187195,1.0
72,InfiniteAccumulator,0.36087482604525073,73.4492008679172,1.0
73,InfiniteAccumulator,11.51291546492478,84.96211633284197,1.0
74,InfiniteAccumulator,-11.512915464920228,73.44920086792175,1.0
75,InfiniteAccumulator,1.7079542389081912,75.15715510682993,1.0
76,InfiniteAccumulator,0.5155820396568971,75.67273714648682,1.0
77,InfiniteAccumulator,0.04119700505873351,75.71393415154556,1.0
78,InfiniteAccumulator,0.5216274209955609,76.23556157254112,1.0
79,InfiniteAccumulator,-5.587791563779945,70.64777000876117,1.0
80,InfiniteAccumulator,0.13660577384122854,70.7843757826024,1.0
81,InfiniteAccumulator,0.8815039110743812,71.66587969367677,1.0
82,InfiniteAccumulator,11.51291546492478,83.17879515860155,1.0
83,InfiniteAccumulator,-0.22284187157063606,82.95595328703091,1.0
84,InfiniteAccumulator,-0.5864407868543062,82.3695125001766,1.0
85,InfiniteAccumulator,-0.2028006728827269,82.16671182729387,1.0
86,InfiniteAccumulator,1.9424461739465209,84.10915800124039,1.0
87,InfiniteAccumulator,0.840760362190399,84.94991836343078,1.0
88,InfiniteAccumulator,-0.23681278396640532,84.71310557946438,1.0
89,InfiniteAccumulator,1.1199542485924217,85.8330598280568,1.0
90,InfiniteAccumulator,0.5284574497298388,86.36151727778665,1.0
91,InfiniteAccumulator,2.096817762048256,88.4583350398349,1.0
92,InfiniteAccumulator,-0.4499019783174888,88.00843306151742,1.0
93,InfiniteAccumulator,0.0068054503482797585,88.0152385118657,1.0
94,InfiniteAccumulator,-0.07055904283643726,87.94467946902927,1.0
95,InfiniteAccumulator,-1.6512097490546316,86.29346971997464,1.0
96,InfiniteAccumulator,0.7946834999678606,87.0881532199425,1.0
97,InfiniteAccumulator,0.7460462244786675,87.83419944442116,1.0
98,InfiniteAccumulator,0.4118610388652322,88.24606048328639,1.0
99,InfiniteAccumulator,0.11863438391882838,88.36469486720522,1.0
100,InfiniteAccumulator,-1.5479069350400911,86.81678793216513,1.0
101,InfiniteAccumulator,-0.10487039369731217,86.71191753846782,1.0
102,InfiniteAccumulator,-0.011257538721650206,86.70065999974616,1.0
103,InfiniteAccumulator,-0.5783305728218663,86.1223294269243,1.0
104,InfiniteAccumulator,0.20719521606443853,86.32952464298873,1.0
105,InfiniteAccumulator,0.9504976927728337,87.28002233576156,1.0
106,InfiniteAccumulator,11.51291546492478,98.79293780068633,1.0
107,InfiniteAccumulator,0.6294879345828027,99.42242573526913,1.0
108,InfiniteAccumulator,0.7412316123399902,100.16365734760912,1.0
109,InfiniteAccumulator,0.31320030015450145,100.47685764776362,1.0
110,InfiniteAccumulator,-3.6897879434353613,96.78706970432826,1.0
111,InfiniteAccumulator,0.37242923825902574,97.15949894258729,1.0
112,InfiniteAccumulator,0.481360404498292,97.64085934708558,1.0
113,InfiniteAccumulator,11.51291546492478,109.15377481201035,1.0
114,InfiniteAccumulator,0.169572009471269,109.32334682148162,1.0
115,InfiniteAccumulator,0.8022903817792333,110.12563720326085,1.0
116,InfiniteAccumulator,0.3622561279340075,110.48789333119485,1.0
117,InfiniteAccumulator,-1.101833076254119,109.38606025494073,1.0
118,InfiniteAccumulator,2.803169250634786,112.18922950557551,1.0
119,InfiniteAccumulator,1.5546193594717985,113.74384886504731,1.0
120,InfiniteAccumulator,1.6383447697612363,115.38219363480854,1.0
121,InfiniteAccumulator,-0.7209502598743726,114.66124337493417,1.0
122,InfiniteAccumulator,11.51291546492478,126.17415883985895,1.0
123,InfiniteAccumulator,-1.5201143516538718,124.65404448820507,1.0
124,InfiniteAccumulator,1.2428351532226163,125.89687964142769,1.0
125,InfiniteAccumulator,11.51291546492478,137.40979510635248,1.0
126,InfiniteAccumulator,-0.8338145775846707,136.57598052876781,1.0
127,InfiniteAccumulator,-0.28139959105368023,136.29458093771413,1.0
128,InfiniteAccumulator,0.5317681463297265,136.82634908404387,1.0
129,InfiniteAccumulator,-0.2048845033967007,136.62146458064717,1.0
130,InfiniteAccumulator,-1.8591601728204052,134.76230440782678,1.0
131,InfiniteAccumulator,0.4919635801898324,135.2542679880166,1.0
132,InfiniteAccumulator,-0.9379783569425223,134.31628963107408,1.0
133,InfiniteAccumulator,1.0567957304057976,135.3730853614799,1.0
134,InfiniteAccumulator,-0.7346610358545583,134.63842432562532,1.0
135,InfiniteAccumulator,11.51291546492478,146.1513397905501,1.0
136,InfiniteAccumulator,-0.5536240449938881,145.59771574555623,1.0
137,InfiniteAccumulator,0.013526386785265073,145.6112421323415,1.0
138,InfiniteAccumulator,1.6887155325209424,147.29995766486243,1.0
139,InfiniteAccumulator,-1.2041335060522622,146.09582415881016,1.0
140,InfiniteAccumulator,0.700226464638256,146.79605062344842,1.0
141,InfiniteAccumulator,4.838440111462973,151.6344907349114,1.0
142,InfiniteAccumulator,-2.0138633151468635,149.62062741976453,1.0
143,InfiniteAccumulator,0.6428178330827777,150.2634452528473,1.0
144,InfiniteAccumulator,0.7444346881555982,151.0078799410029,1.0
145,InfiniteAccumulator,1.6182008932834968,152.6260808342864,1.0
146,InfiniteAccumulator,-1.2144490665121863,151.41163176777422,1.0
147,InfiniteAccumulator,-1.362322982932805,150.04930878484143,1.0
148,InfiniteAccumulator,1.1340333414542063,151.18334212629563,1.0
149,InfiniteAccumulator,0.795893619452655,151.97923574574827,1.0
150,InfiniteAccumulator,0.7315615714510475,152.7107973171993,1.0
151,InfiniteAccumulator,0.8661044201705141,153.5769017373698,1.0
152,InfiniteAccumulator,-0.4221909941785967,153.1547107431912,1.0
153,InfiniteAccumulator,0.7067205157725885,153.8614312589638,1.0
154,InfiniteAccumulator,0.7904211010414606,154.65185236000525,1.0
155,InfiniteAccumulator,-0.4654464412629664,154.18640591874228,1.0
156,InfiniteAccumulator,11.51291546492478,165.69932138366707,1.0
157,InfiniteAccumulator,1.0571727120214405,166.7564940956885,1.0
158,InfiniteAccumulator,-1.13842880625653,165.61806528943197,1.0
159,InfiniteAccumulator,1.367439075614003,166.98550436504598,1.0
160,InfiniteAccumulator,-0.8113847192941882,166.1741196457518,1.0
161,InfiniteAccumulator,1.629676962869344,167.80379660862116,1.0
162,InfiniteAccumulator,2.8945964674961537,170.6983930761173,1.0
163,InfiniteAccumulator,-0.6023978096990971,170.0959952664182,1.0
164,InfiniteAccumulator,2.0806971472259814,172.1766924136442,1.0
165,InfiniteAccumulator,0.9635613412465699,173.14025375489075,1.0
166,InfiniteAccumulator,1.7083184172436836,174.84857217213442,1.0
167,InfiniteAccumulator,11.51291546492478,186.3614876370592,1.0
168,InfiniteAccumulator,0.10563237356983537,186.46712001062906,1.0
169,InfiniteAccumulator,-0.5156107837719653,185.9515092268571,1.0
170,InfiniteAccumulator,-0.6939917794790841,185.257517447378,1.0
171,InfiniteAccumulator,-0.5960106898012215,184.66150675757677,1.0
172,InfiniteAccumulator,0.30993537644015473,184.97144213401694,1.0
173,InfiniteAccumulator,0.8584924724830516,185.8299346065,1.0
174,InfiniteAccumulator,0.7676265243793439,186.59756113087934,1.0
175,InfiniteAccumulator,1.7202029420263656,188.3177640729057,1.0
176,InfiniteAccumulator,0.4217442893956279,188.73950836230134,1.0
177,InfiniteAccumulator,11.51291546492478,200.25242382722612,1.0
178,InfiniteAccumulator,0.08245849074155558,200.33488231796767,1.0
179,InfiniteAccumulator,11.51291546492478,211.84779778289246,1.0
180,InfiniteAccumulator,1.3111181598570907,213.15891594274956,1.0
181,InfiniteAccumulator,-0.6506071386034638,212.50830880414608,1.0
182,InfiniteAccumulator,-0.9507587810613929,211.5575500230847,1.0
183,InfiniteAccumulator,1.0707616024579991,212.6283116255427,1.0
184,InfiniteAccumulator,0.13203614527698834,212.7603477708197,1.0
185,InfiniteAccumulator,1.4775361895230914,214.23788396034277,1.0
186,InfiniteAccumulator,1.0562396781695995,215.29412363851236,1.0
187,InfiniteAccumulator,0.3151889876175488,215.6093126261299,1.0
188,InfiniteAccumulator,-0.6368370214037428,214.97247560472616,1.0
189,InfiniteAccumulator,-1.769971826720288,213.20250377800588,1.0
190,InfiniteAccumulator,-0.1360273027071861,213.06647647529869,1.0
191,InfiniteAccumulator,1.789937700887714,214.8564141761864,1.0
192,InfiniteAccumulator,0.6821936583997019,215.53860783458612,1.0
193,InfiniteAccumulator,-1.229446211392774,214.30916162319335,1.0
194,InfiniteAccumulator,0.6276405764210091,214.93680219961436,1.0
195,InfiniteAccumulator,0.9227161369204,215.85951833653476,1.0
196,InfiniteAccumulator,-0.686362374296845,215.17315596223793,1.0
197,InfiniteAccumulator,0.6020165776618156,215.77517253989976,1.0
198,InfiniteAccumulator,0.47879213936658405,216.25396467926635,1.0
199,InfiniteAccumulator,-1.0610496796923663,215.192914999574,1.0
200,InfiniteAccumulator,0.8824816124974656,216.07539661207144,1.0
201,InfiniteAccumulator,1.1983737588248302,217.27377037089627,1.0
202,InfiniteAccumulator,2.5110864065790217,219.78485677747528,1.0
203,InfiniteAccumulator,2.3910284625996745,222.17588524007496,1.0
204,InfiniteAccumulator,-1.4716023316369358,220.70428290843802,1.0
205,InfiniteAccumulator,-0.7599713428282344,219.94431156560978,1.0
206,InfiniteAccumulator,1.1228154509359956,221.06712701654578,1.0
207,InfiniteAccumulator,1.1207930274819506,222.18792004402772,1.0
208,InfiniteAccumulator,1.1228355657211027,223.3107556097488,1.0
209,InfiniteAccumulator,11.51291546492478,234.8236710746736,1.0
210,InfiniteAccumulator,1.215480101117974,236.03915117579157,1.0
211,InfiniteAccumulator,2.763471789309054,238.80262296510062,1.0
212,InfiniteAccumulator,2.0525053829962197,240.85512834809686,1.0
213,InfiniteAccumulator,1.3578950511845307,242.21302339928138,1.0
214,InfiniteAccumulator,0.021677755301760023,242.23470115458315,1.0
215,InfiniteAccumulator,1.5693488799817412,243.80405003456488,1.0
216,InfiniteAccumulator,-0.5401510897439648,243.2638989448209,1.0
217,InfiniteAccumulator,0.11594739530196962,243.37984634012287,1.0
218,InfiniteAccumulator,-0.18294480067621835,243.19690153944666,1.0
219,InfiniteAccumulator,0.5089582909392062,243.70585983038586,1.0
220,InfiniteAccumulator,11.51291546492478,255.21877529531065,1.0
221,InfiniteAccumulator,-3.1827399022126013,252.03603539309805,1.0
222,InfiniteAccumulator,1.423445903974526,253.45948129707259,1.0
223,InfiniteAccumulator,-2.029061692407611,251.43041960466496,1.0
224,InfiniteAccumulator,-0.16670322551207345,251.2637163791529,1.0
225,InfiniteAccumulator,2.5368511115763575,253.80056749072926,1.0
226,InfiniteAccumulator,0.4865103059380912,254.28707779666735,1.0
227,InfiniteAccumulator,-0.961007276749074,253.32607051991826,1.0
228,InfiniteAccumulator,-0.4666523739695906,252.85941814594867,1.0
229,InfiniteAccumulator,1.4107190040556419,254.2701371500043,1.0
230,InfiniteAccumulator,-0.48577229888145174,253.78436485112286,1.0
231,InfiniteAccumulator,0.6853763147341951,254.46974116585704,1.0
232,InfiniteAccumulator,0.4627719440946494,254.93251310995169,1.0
233,InfiniteAccumulator,-0.3866670568883881,254.5458460530633,1.0
234,InfiniteAccumulator,11.51291546492478,266.05876151798805,1.0
235,InfiniteAccumulator,1.325984852329001,267.38474637031703,1.0
236,InfiniteAccumulator,-11.512915464920228,255.8718309053968,1.0
237,InfiniteAccumulator,0.6452368412444794,256.51706774664126,1.0
238,InfiniteAccumulator,-0.39936855589155135,256.1176991907497,1.0
239,InfiniteAccumulator,1.7802683654226275,257.8979675561723,1.0
240,InfiniteAccumulator,-0.565638706043284,257.33232885012904,1.0
241,InfiniteAccumulator,0.26383615015737827,257.5961650002864,1.0
242,InfiniteAccumulator,1.1066079281424028,258.70277292842883,1.0
243,InfiniteAccumulator,1.813020710135784,260.5157936385646,1.0
244,InfiniteAccumulator,-1.1531670833543401,259.3626265552103,1.0
245,InfiniteAccumulator,-0.0014014832385321812,259.3612250719718,1.0
246,InfiniteAccumulator,-0.1703450966749611,259.1908799752968,1.0
247,InfiniteAccumulator,-0.388820679847426,258.8020592954494,1.0
248,InfiniteAccumulator,11.51291546492478,270.3149747603742,1.0
249,InfiniteAccumulator,0.9518870134819686,271.26686177385614,1.0
250,InfiniteAccumulator,-1.255585187563429,270.0112765862927,1.0
251,InfiniteAccumulator,1.9491926709844065,271.9604692572771,1.0
252,InfiniteAccumulator,11.51291546492478,283.4733847222019,1.0
253,InfiniteAccumulator,2.3104593127756226,285.7838440349775,1.0
254,InfiniteAccumulator,-1.780924535598948,284.00291949937855,1.0
255,InfiniteAccumulator,-0.18157814338312864,283.8213413559954,1.0
256,InfiniteAccumulator,3.8955691154988847,287.71691047149426,1.0
257,InfiniteAccumulator,-0.4569940509843736,287.2599164205099,1.0
258,InfiniteAccumulator,1.010642294252935,288.27055871476284,1.0
259,InfiniteAccumulator,1.6026627772599829,289.8732214920228,1.0
260,InfiniteAccumulator,-0.7449582746031959,289.1282632174196,1.0
261,InfiniteAccumulator,0.33157435868543433,289.45983757610503,1.0
262,InfiniteAccumulator,-11.512915464920228,277.9469221111848,1.0
263,InfiniteAccumulator,-0.8823854087211996,277.0645367024636,1.0
264,InfiniteAccumulator,0.09699418927237849,277.161530891736,1.0
265,InfiniteAccumulator,-1.2329527379221623,275.9285781538138,1.0
266,InfiniteAccumulator,11.51291546492478,287.4414936187386,1.0
267,InfiniteAccumulator,-1.5788558217074764,285.86263779703114,1.0
268,InfiniteAccumulator,-0.12822879711267035,285.73440899991846,1.0
269,InfiniteAccumulator,0.5719897521293033,286.30639875204776,1.0
270,InfiniteAccumulator,11.51291546492478,297.81931421697254,1.0
271,InfiniteAccumulator,-1.5910134837552854,296.2283007332173,1.0
272,InfiniteAccumulator,2.9225325169330594,299.15083325015036,1.0
273,InfiniteAccumulator,0.418272992224082,299.56910624237446,1.0
274,InfiniteAccumulator,-0.8210189651838155,298.7480872771906,1.0
275,InfiniteAccumulator,1.0388654898725007,299.7869527670631,1.0
276,InfiniteAccumulator,0.6620373785592917,300.4489901456224,1.0
277,InfiniteAccumulator,-0.3230404880687681,300.12594965755363,1.0
278,InfiniteAccumulator,0.4935426124763631,300.61949227003,1.0
279,InfiniteAccumulator,-0.06239655255178449,300.5570957174782,1.0
280,InfiniteAccumulator,0.5496535299475893,301.1067492474258,1.0
281,InfiniteAccumulator,1.3778109701742556,302.48456021760006,1.0
282,InfiniteAccumulator,11.51291546492478,313.99747568252485,1.0
283,InfiniteAccumulator,-1.2159194405096099,312.78155624201526,1.0
284,InfiniteAccumulator,11.51291546492478,324.29447170694004,1.0
285,InfiniteAccumulator,-4.227879942201274,320.06659176473875,1.0
286,InfiniteAccumulator,0.21872573820522975,320.285317502944,1.0
287,InfiniteAccumulator,1.2453573513812197,321.53067485432524,1.0
288,InfiniteAccumulator,0.7735927293575486,322.3042675836828,1.0
289,InfiniteAccumulator,-0.35079295798323984,321.9534746256996,1.0
290,InfiniteAccumulator,0.1505369379253136,322.1040115636249,1.0
291,InfiniteAccumulator,-0.19219052622337165,321.9118210374015,1.0
292,InfiniteAccumulator,-0.309689325022122,321.6021317123794,1.0
293,InfiniteAccumulator,1.7734051928284345,323.3755369052078,1.0
294,InfiniteAccumulator,0.881363276432602,324.2569001816404,1.0
295,InfiniteAccumulator,-0.4383797022583913,323.818520479382,1.0
296,InfiniteAccumulator,1.8998978393390742,325.7184183187211,1.0
297,InfiniteAccumulator,0.8103771002771262,326.52879541899824,1.0
298,InfiniteAccumulator,1.6872232086289953,328.21601862762725,1.0
299,InfiniteAccumulator,1.3182394789535719,329.5342581065808,1.0
300,InfiniteAccumulator,-0.6133232331600674,328.9209348734207,1.0
301,InfiniteAccumulator,-0.27391717599082516,328.6470176974299,1.0
302,InfiniteAccumulator,1.5449839796224867,330.19200167705236,1.0
303,InfiniteAccumulator,1.2838892152945973,331.47589089234697,1.0
304,InfiniteAccumulator,0.37940472494822425,331.8552956172952,1.0
305,InfiniteAccumulator,0.5545829484783426,332.40987856577357,1.0
306,InfiniteAccumulator,4.075473190399025,336.4853517561726,1.0
307,InfiniteAccumulator,-0.312401848787464,336.1729499073851,1.0
308,InfiniteAccumulator,1.1754527669513906,337.34840267433646,1.0
309,InfiniteAccumulator,0.15769479804353045,337.50609747237996,1.0
310,InfiniteAccumulator,0.13900595481949957,337.64510342719944,1.0
311,InfiniteAccumulator,2.581066331233826,340.2261697584333,1.0
312,InfiniteAccumulator,1.7160929953124804,341.94226275374575,1.0
313,InfiniteAccumulator,1.688698253287052,343.6309610070328,1.0
314,InfiniteAccumulator,4.7763411423034725,348.40730214933626,1.0
315,InfiniteAccumulator,0.43179054331786537,348.8390926926541,1.0
316,InfiniteAccumulator,1.4152067836776807,350.25429947633177,1.0
317,InfiniteAccumulator,0.027681659597723292,350.28198113592947,1.0
318,InfiniteAccumulator,0.8342361975711479,351.11621733350063,1.0
319,InfiniteAccumulator,0.2450472353885502,351.36126456888917,1.0
320,InfiniteAccumulator,0.5283525542142211,351.8896171231034,1.0
321,InfiniteAccumulator,1.2572196088778018,353.1468367319812,1.0
322,InfiniteAccumulator,-0.5991691811402978,352.54766755084086,1.0
323,InfiniteAccumulator,11.51291546492478,364.06058301576564,1.0
324,InfiniteAccumulator,-0.8559089774701396,363.2046740382955,1.0
325,InfiniteAccumulator,-1.1761595815734964,362.028514456722,1.0
326,InfiniteAccumulator,2.8916729372893717,364.9201873940114,1.0
327,InfiniteAccumulator,1.6397345046749872,366.5599218986864,1.0
328,InfiniteAccumulator,1.3083441784993013,367.8682660771857,1.0
329,InfiniteAccumulator,1.3159293114464692,369.1841953886322,1.0
330,InfiniteAccumulator,0.3901797435402924,369.57437513217246,1.0
331,InfiniteAccumulator,-0.7044619996847195,368.86991313248774,1.0
332,InfiniteAccumulator,0.5012003118751608,369.3711134443629,1.0
333,InfiniteAccumulator,-0.41860133597595833,368.95251210838694,1.0
334,InfiniteAccumulator,2.116910107410782,371.0694222157977,1.0
335,InfiniteAccumulator,0.22446893056647893,371.2938911463642,1.0
336,InfiniteAccumulator,-0.6087217419985252,370.6851694043657,1.0
337,InfiniteAccumulator,0.014337235603814233,370.6995066399695,1.0
338,InfiniteAccumulator,0.9637872586479657,371.6632938986175,1.0
339,InfiniteAccumulator,-0.2782509372283818,371.3850429613891,1.0
340,InfiniteAccumulator,-0.6044166666003081,370.7806262947888,1.0
341,InfiniteAccumulator,0.7222676044598315,371.50289389924865,1.0
342,InfiniteAccumulator,0.7240124414465976,372.2269063406952,1.0
343,InfiniteAccumulator,-0.20909025826504532,372.01781608243016,1.0
344,InfiniteAccumulator,-0.16562353480477168,371.8521925476254,1.0
345,InfiniteAccumulator,0.7064441943113665,372.55863674193677,1.0
346,InfiniteAccumulator,-1.6173207896413844,370.9413159522954,1.0
347,InfiniteAccumulator,-1.5315920608640465,369.4097238914313,1.0
348,InfiniteAccumulator,-0.4706317252203015,368.939092166211,1.0
349,InfiniteAccumulator,0.14411231573771371,369.0832044819487,1.0
350,InfiniteAccumulator,0.8154623254071038,369.8986668073558,1.0
351,InfiniteAccumulator,11.51291546492478,381.4115822722806,1.0
352,InfiniteAccumulator,1.7930261189836796,383.2046083912643,1.0
353,InfiniteAccumulator,0.2088293847507977,383.4134377760151,1.0
354,InfiniteAccumulator,0.3817501053824967,383.79518788139757,1.0
355,InfiniteAccumulator,-0.8509138555699464,382.9442740258276,1.0
356,InfiniteAccumulator,0.3823760913274781,383.3266501171551,1.0
357,InfiniteAccumulator,0.05362247830868851,383.3802725954638,1.0
358,InfiniteAccumulator,0.8321794611007381,384.21245205656453,1.0
359,InfiniteAccumulator,-0.6110017594143784,383.60145029715017,1.0
360,InfiniteAccumulator,1.12981065402076,384.73126095117095,1.0
361,InfiniteAccumulator,11.51291546492478,396.24417641609574,1.0
362,InfiniteAccumulator,0.27113675546841715,396.5153131715642,1.0
363,InfiniteAccumulator,0.9470102439414367,397.46232341550564,1.0
364,InfiniteAccumulator,1.4309108528139438,398.8932342683196,1.0
365,InfiniteAccumulator,-0.08150966429888504,398.8117246040207,1.0
366,InfiniteAccumulator,0.695673095272585,399.5073976992933,1.0
367,InfiniteAccumulator,0.4212307510281728,399.92862845032147,1.0
368,InfiniteAccumulator,0.5292271097948046,400.4578555601163,1.0
369,InfiniteAccumulator,-0.5403891321879268,399.91746642792833,1.0
370,InfiniteAccumulator,0.4361994004421399,400.3536658283705,1.0
371,InfiniteAccumulator,1.0954121142543882,401.44907794262485,1.0
372,InfiniteAccumulator,11.51291546492478,412.96199340754964,1.0
373,InfiniteAccumulator,2.0682752593029456,415.0302686668526,1.0
374,InfiniteAccumulator,11.51291546492478,426.54318413177737,1.0
375,InfiniteAccumulator,-0.5330932279584953,426.0100909038189,1.0
376,InfiniteAccumulator,1.829449982172278,427.83954088599114,1.0
377,InfiniteAccumulator,0.641102331940095,428.48064321793123,1.0
378,InfiniteAccumulator,11.51291546492478,439.993558682856,1.0
379,InfiniteAccumulator,-0.5861856792284024,439.40737300362764,1.0
380,InfiniteAccumulator,-0.6274743247563931,438.77989867887123,1.0
381,InfiniteAccumulator,-0.3220254633915609,438.45787321547965,1.0
382,InfiniteAccumulator,-11.512915464920228,426.9449577505594,1.0
383,InfiniteAccumulator,-0.23194025622709902,426.7130174943323,1.0
384,InfiniteAccumulator,-0.522532670706174,426.1904848236261,1.0
385,InfiniteAccumulator,0.5976484997363057,426.7881333233624,1.0
386,InfiniteAccumulator,0.8593593782796866,427.6474927016421,1.0
387,InfiniteAccumulator,11.51291546492478,439.16040816656687,1.0
388,InfiniteAccumulator,2.0419054568174033,441.20231362338427,1.0
389,InfiniteAccumulator,-0.2943922904677547,440.90792133291654,1.0
390,InfiniteAccumulator,-0.7060347868908219,440.2018865460257,1.0
391,InfiniteAccumulator,1.0857244419109864,441.2876109879367,1.0
392,InfiniteAccumulator,-1.3619100905533494,439.92570089738336,1.0
393,InfiniteAccumulator,11.51291546492478,451.43861636230815,1.0
394,InfiniteAccumulator,3.028201460320616,454.46681782262874,1.0
395,InfiniteAccumulator,-0.16337319536751183,454.30344462726123,1.0
396,InfiniteAccumulator,-2.3627247572287864,451.94071987003247,1.0
397,InfiniteAccumulator,11.51291546492478,463.45363533495726,1.0
398,InfiniteAccumulator,0.2640761987550044,463.71771153371225,1.0
399,InfiniteAccumulator,3.523349938035629,467.24106147174786,1.0
400,InfiniteAccumulator,-1.9766939857197703,465.2643674860281,1.0
401,InfiniteAccumulator,-0.32200376344895154,464.94236372257916,1.0
402,InfiniteAccumulator,0.4120240553978474,465.354387777977,1.0
403,InfiniteAccumulator,0.46455494605608877,465.8189427240331,1.0
404,InfiniteAccumulator,-0.14030829416990848,465.67863442986317,1.0
405,InfiniteAccumulator,1.3060711811869232,466.9847056110501,1.0
406,InfiniteAccumulator,-0.9458813421379382,466.03882426891215,1.0
407,InfiniteAccumulator,0.23015523597187576,466.26897950488404,1.0
408,InfiniteAccumulator,0.5584278170998935,466.8274073219839,1.0
409,InfiniteAccumulator,1.121849670985375,467.9492569929693,1.0
410,InfiniteAccumulator,1.472812286408716,469.42206927937804,1.0
411,InfiniteAccumulator,-1.0324604515558302,468.3896088278222,1.0
412,InfiniteAccumulator,-1.817236939094458,466.57237188872773,1.0
413,InfiniteAccumulator,4.075691086626745,470.6480629753545,1.0
414,InfiniteAccumulator,0.8458421107323283,471.49390508608684,1.0
415,InfiniteAccumulator,-0.5088888589484636,470.9850162271384,1.0
416,InfiniteAccumulator,11.51291546492478,482.49793169206316,1.0
417,InfiniteAccumulator,0.5524438218933246,483.0503755139565,1.0
418,InfiniteAccumulator,3.0272281296631065,486.0776036436196,1.0
419,InfiniteAccumulator,0.49063302036833073,486.56823666398793,1.0
420,InfiniteAccumulator,11.51291546492478,498.0811521289127,1.0
421,InfiniteAccumulator,11.51291546492478,509.5940675938375,1.0
422,InfiniteAccumulator,0.10132963470894107,509.6953972285464,1.0
423,InfiniteAccumulator,2.105858437641248,511.80125566618767,1.0
424,InfiniteAccumulator,1.346841576352688,513.1480972425404,1.0
425,InfiniteAccumulator,11.51291546492478,524.6610127074651,1.0
426,InfiniteAccumulator,-0.7976755447685746,523.8633371626966,1.0
427,InfiniteAccumulator,1.4230456738391812,525.2863828365357,1.0
428,InfiniteAccumulator,2.4092156133876474,527.6955984499234,1.0
429,InfiniteAccumulator,-2.5507196415879956,525.1448788083354,1.0
430,InfiniteAccumulator,-1.125338195248417,524.019540613087,1.0
431,InfiniteAccumulator,-11.512915464920228,512.5066251481668,1.0
432,InfiniteAccumulator,0.07674945073494271,512.5833745989017,1.0
433,InfiniteAccumulator,1.4845754222215233,514.0679500211232,1.0
434,InfiniteAccumulator,11.51291546492478,525.580865486048,1.0
435,InfiniteAccumulator,0.4990175928955506,526.0798830789436,1.0
436,InfiniteAccumulator,11.51291546492478,537.5927985438683,1.0
437,InfiniteAccumulator,-1.4764147397256908,536.1163838041426,1.0
438,InfiniteAccumulator,-2.326088238042289,533.7902955661003,1.0
439,InfiniteAccumulator,0.33648193399093695,534.1267775000913,1.0
440,InfiniteAccumulator,0.9208714417360684,535.0476489418273,1.0
441,InfiniteAccumulator,0.3647573955462219,535.4124063373736,1.0
442,InfiniteAccumulator,-11.512915464920228,523.8994908724534,1.0
443,InfiniteAccumulator,0.29518074009461004,524.194671612548,1.0
444,InfiniteAccumulator,-1.3330267266909956,522.861644885857,1.0
445,InfiniteAccumulator,1.3919399507579904,524.253584836615,1.0
446,InfiniteAccumulator,0.8952843591419798,525.148869195757,1.0
447,InfiniteAccumulator,-0.7628119910556324,524.3860572047014,1.0
448,InfiniteAccumulator,-0.2174936148284095,524.168563589873,1.0
449,InfiniteAccumulator,-0.9333975030603229,523.2351660868127,1.0
450,InfiniteAccumulator,0.3276861319240347,523.5628522187367,1.0
451,InfiniteAccumulator,2.0559026983480275,525.6187549170847,1.0
452,InfiniteAccumulator,-0.8269886237213545,524.7917662933634,1.0
453,InfiniteAccumulator,1.105097232757292,525.8968635261207,1.0
454,InfiniteAccumulator,-0.23741811083274517,525.6594454152879,1.0
455,InfiniteAccumulator,-0.5660959535985057,525.0933494616894,1.0
456,InfiniteAccumulator,0.27325118760566414,525.366600649295,1.0
457,InfiniteAccumulator,-0.8981671058390928,524.468433543456,1.0
458,InfiniteAccumulator,-0.26593544410284475,524.2024980993531,1.0
459,InfiniteAccumulator,-1.149192362676354,523.0533057366767,1.0
460,InfiniteAccumulator,11.51291546492478,534.5662212016015,1.0
461,InfiniteAccumulator,0.4497469425612878,535.0159681441628,1.0
462,InfiniteAccumulator,-0.4469660874521824,534.5690020567106,1.0
463,InfiniteAccumulator,0.6820405431491503,535.2510425998597,1.0
464,InfiniteAccumulator,0.2667773761286556,535.5178199759883,1.0
465,InfiniteAccumulator,0.1350413266097221,535.652861302598,1.0
466,InfiniteAccumulator,1.2906075762852232,536.9434688788832,1.0
467,InfiniteAccumulator,1.56627766964074,538.5097465485239,1.0
468,InfiniteAccumulator,-0.23771448862027877,538.2720320599036,1.0
469,InfiniteAccumulator,-0.293061496424599,537.978970563479,1.0
470,InfiniteAccumulator,0.06996649175798449,538.048937055237,1.0
471,InfiniteAccumulator,-11.512915464920228,526.5360215903169,1.0
472,InfiniteAccumulator,-1.7708015125828205,524.765220077734,1.0
473,InfiniteAccumulator,11.51291546492478,536.2781355426588,1.0
474,InfiniteAccumulator,11.51291546492478,547.7910510075835,1.0
475,InfiniteAccumulator,0.10124314396922501,547.8922941515527,1.0
476,InfiniteAccumulator,1.225141482176049,549.1174356337287,1.0
477,InfiniteAccumulator,0.8159456938669732,549.9333813275957,1.0
478,InfiniteAccumulator,11.51291546492478,561.4462967925205,1.0
479,InfiniteAccumulator,2.6806055174494583,564.1269023099699,1.0
480,InfiniteAccumulator,0.24775853203496975,564.3746608420048,1.0
481,InfiniteAccumulator,-0.7845603112157651,563.5901005307891,1.0
482,InfiniteAccumulator,-2.0108724350941976,561.5792280956949,1.0
483,InfiniteAccumulator,0.6679281881686577,562.2471562838635,1.0
484,InfiniteAccumulator,-0.5189628910186814,561.7281933928449,1.0
485,InfiniteAccumulator,-1.5622509532540187,560.1659424395909,1.0
486,InfiniteAccumulator,-0.3804094988216972,559.7855329407693,1.0
487,InfiniteAccumulator,-0.9667157888038322,558.8188171519654,1.0
488,InfiniteAccumulator,11.51291546492478,570.3317326168901,1.0
489,InfiniteAccumulator,1.8531107495772923,572.1848433664674,1.0
490,InfiniteAccumulator,0.3955091460583248,572.5803525125257,1.0
491,InfiniteAccumulator,11.51291546492478,584.0932679774504,1.0
492,InfiniteAccumulator,0.5031976340509281,584.5964656115013,1.0
493,InfiniteAccumulator,-0.6561066524112407,583.9403589590901,1.0
494,InfiniteAccumulator,11.51291546492478,595.4532744240148,1.0
495,InfiniteAccumulator,1.1618737216730617,596.6151481456878,1.0
496,InfiniteAccumulator,-0.9010919466481824,595.7140561990396,1.0
497,InfiniteAccumulator,0.17201649430965493,595.8860726933493,1.0
498,InfiniteAccumulator,-0.6752846817889976,595.2107880115603,1.0
499,InfiniteAccumulator,-1.4817709238383419,593.729017087722,1.0
500,InfiniteAccumulator,1.9722563807010636,595.7012734684231,1.0
501,InfiniteAccumulator,11.51291546492478,607.2141889333478,1.0
502,InfiniteAccumulator,-1.5134387619313907,605.7007501714164,1.0
503,InfiniteAccumulator,1.2020584675692427,606.9028086389857,1.0
504,InfiniteAccumulator,-0.38547436083899084,606.5173342781467,1.0
505,InfiniteAccumulator,-0.18507695128215243,606.3322573268646,1.0
506,InfiniteAccumulator,-0.31341324968067424,606.0188440771839,1.0
507,InfiniteAccumulator,-0.6597188576906051,605.3591252194933,1.0
508,InfiniteAccumulator,0.4665062010527492,605.8256314205461,1.0
509,InfiniteAccumulator,-0.6158979829793466,605.2097334375667,1.0
510,InfiniteAccumulator,0.75900213698713,605.9687355745538,1.0
511,InfiniteAccumulator,0.3430390996352045,606.311774674189,1.0
512,InfiniteAccumulator,0.11338365811494065,606.4251583323039,1.0
513,InfiniteAccumulator,-0.7184658556761984,605.7066924766277,1.0
514,InfiniteAccumulator,-0.29423003689996885,605.4124624397277,1.0
515,InfiniteAccumulator,1.5618410136149945,606.9743034533427,1.0
516,InfiniteAccumulator,1.1000803277175737,608.0743837810603,1.0
517,InfiniteAccumulator,-0.8154355380943611,607.258948242966,1.0
518,InfiniteAccumulator,0.531357585908668,607.7903058288747,1.0
519,InfiniteAccumulator,1.5534824512745398,609.3437882801493,1.0
520,InfiniteAccumulator,-2.2063868118158614,607.1374014683335,1.0
521,InfiniteAccumulator,1.169242450033484,608.306643918367,1.0
522,InfiniteAccumulator,-0.4004140153502081,607.9062299030168,1.0
523,InfiniteAccumulator,1.2149838775693018,609.1212137805861,1.0
524,InfiniteAccumulator,-0.5278338355959186,608.5933799449901,1.0
525,InfiniteAccumulator,-2.7778055963817194,605.8155743486084,1.0
526,InfiniteAccumulator,-2.0731172680855336,603.7424570805229,1.0
527,InfiniteAccumulator,0.46595318749038656,604.2084102680133,1.0
528,InfiniteAccumulator,0.7442144426547455,604.952624710668,1.0
529,InfiniteAccumulator,-0.7140479341819228,604.2385767764861,1.0
530,InfiniteAccumulator,1.3344619607299728,605.573038737216,1.0
531,InfiniteAccumulator,-2.1801857371906883,603.3928530000254,1.0
532,InfiniteAccumulator,0.3234961779518242,603.7163491779772,1.0
533,InfiniteAccumulator,-1.1708845214902295,602.545464656487,1.0
534,InfiniteAccumulator,-0.3869606844208848,602.1585039720661,1.0
535,InfiniteAccumulator,0.4650842291580231,602.6235882012242,1.0
536,InfiniteAccumulator,-0.6549453078026597,601.9686428934215,1.0
537,InfiniteAccumulator,-0.06148601656744394,601.9071568768541,1.0
538,InfiniteAccumulator,2.2183788836359826,604.12553576049,1.0
539,InfiniteAccumulator,-0.2943778384561596,603.8311579220339,1.0
540,InfiniteAccumulator,1.7401619394434715,605.5713198614774,1.0
541,InfiniteAccumulator,-1.0403216111071365,604.5309982503702,1.0
542,InfiniteAccumulator,1.1468837086498818,605.67788195902,1.0
543,InfiniteAccumulator,11.51291546492478,617.1907974239448,1.0
544,InfiniteAccumulator,-11.512915464920228,605.6778819590246,1.0
545,InfiniteAccumulator,-0.5713237900137613,605.1065581690109,1.0
546,InfiniteAccumulator,1.2260223717888028,606.3325805407997,1.0
547,InfiniteAccumulator,0.15666518449186426,606.4892457252915,1.0
548,InfiniteAccumulator,0.9019193116516826,607.3911650369432,1.0
549,InfiniteAccumulator,-0.327683195267959,607.0634818416753,1.0
550,InfiniteAccumulator,0.5149960640416325,607.5784779057169,1.0
551,InfiniteAccumulator,0.21400029330973463,607.7924781990266,1.0
552,InfiniteAccumulator,2.9515060114289264,610.7439842104556,1.0
553,InfiniteAccumulator,0.7369395275849417,611.4809237380405,1.0
554,InfiniteAccumulator,0.8534043691690533,612.3343281072096,1.0
555,InfiniteAccumulator,-0.09432222676384677,612.2400058804457,1.0
556,InfiniteAccumulator,-0.185658930550547,612.0543469498951,1.0
557,InfiniteAccumulator,-0.11921080257449468,611.9351361473207,1.0
558,InfiniteAccumulator,0.9362207891062896,612.871356936427,1.0
559,InfiniteAccumulator,-0.10527850775514554,612.7660784286718,1.0
560,InfiniteAccumulator,0.7858170122508301,613.5518954409226,1.0
561,InfiniteAccumulator,11.51291546492478,625.0648109058474,1.0
562,InfiniteAccumulator,1.8264427456925825,626.89125365154,1.0
563,InfiniteAccumulator,0.008771817643626322,626.9000254691836,1.0
564,InfiniteAccumulator,3.1875792238024636,630.087604692986,1.0
565,InfiniteAccumulator,-0.08975064559081813,629.9978540473952,1.0
566,InfiniteAccumulator,-11.512915464920228,618.484938582475,1.0
567,InfiniteAccumulator,-0.8588766134433339,617.6260619690316,1.0
568,InfiniteAccumulator,-3.210770280391816,614.4152916886399,1.0
569,InfiniteAccumulator,-0.02181704618788996,614.393474642452,1.0
570,InfiniteAccumulator,0.42854223424109567,614.8220168766932,1.0
571,InfiniteAccumulator,11.51291546492478,626.3349323416179,1.0
572,InfiniteAccumulator,0.8381631449729576,627.1730954865909,1.0
573,InfiniteAccumulator,0.13729462452281907,627.3103901111137,1.0
574,InfiniteAccumulator,1.7253890177038511,629.0357791288176,1.0
575,InfiniteAccumulator,-11.512915464920228,617.5228636638974,1.0
576,InfiniteAccumulator,0.7112819746249044,618.2341456385223,1.0
577,InfiniteAccumulator,1.594580403285387,619.8287260418076,1.0
578,InfiniteAccumulator,-1.685078772790814,618.1436472690168,1.0
579,InfiniteAccumulator,2.808365565392932,620.9520128344097,1.0
580,InfiniteAccumulator,0.8546846108238545,621.8066974452336,1.0
581,InfiniteAccumulator,-0.09842487700800846,621.7082725682255,1.0
582,InfiniteAccumulator,1.32392847471359,623.0322010429392,1.0
583,InfiniteAccumulator,11.51291546492478,634.5451165078639,1.0
584,InfiniteAccumulator,0.6391437413008315,635.1842602491647,1.0
585,InfiniteAccumulator,0.7284551568860554,635.9127154060508,1.0
586,InfiniteAccumulator,-0.1515223156323381,635.7611930904185,1.0
587,InfiniteAccumulator,-0.6408842131583248,635.1203088772602,1.0
588,InfiniteAccumulator,1.7275654134006806,636.8478742906609,1.0
589,InfiniteAccumulator,-0.6491777551982132,636.1986965354627,1.0
590,InfiniteAccumulator,0.4957917618381312,636.6944882973008,1.0
591,InfiniteAccumulator,-0.17362378588882654,636.520864511412,1.0
592,InfiniteAccumulator,1.0652573424930096,637.5861218539051,1.0
593,InfiniteAccumulator,0.8477675787382087,638.4338894326432,1.0
594,InfiniteAccumulator,2.3291420372138543,640.7630314698571,1.0
595,InfiniteAccumulator,-0.21281930917710767,640.55021216068,1.0
596,InfiniteAccumulator,0.07618690816305583,640.626399068843,1.0
597,InfiniteAccumulator,-0.8171409894749482,639.8092580793681,1.0
598,InfiniteAccumulator,-0.13334916257269305,639.6759089167954,1.0
599,InfiniteAccumulator,0.9109286120736034,640.586837528869,1.0
600,InfiniteAccumulator,1.5651883339650492,642.152025862834,1.0
601,InfiniteAccumulator,-0.7384169838794803,641.4136088789545,1.0
602,InfiniteAccumulator,1.8226330811528804,643.2362419601073,1.0
603,InfiniteAccumulator,11.51291546492478,654.7491574250321,1.0
604,InfiniteAccumulator,0.9645430209035842,655.7137004459356,1.0
605,InfiniteAccumulator,11.51291546492478,667.2266159108603,1.0
606,InfiniteAccumulator,-0.5413945233235345,666.6852213875368,1.0
607,InfiniteAccumulator,-1.2275895516262993,665.4576318359104,1.0
608,InfiniteAccumulator,-2.6436103600154865,662.814021475895,1.0
609,InfiniteAccumulator,11.51291546492478,674.3269369408197,1.0
610,InfiniteAccumulator,1.3633874584027708,675.6903243992225,1.0
611,InfiniteAccumulator,0.3364363000622102,676.0267606992848,1.0
612,InfiniteAccumulator,0.7721721588590766,676.7989328581439,1.0
613,InfiniteAccumulator,-1.0337729883389395,675.765159869805,1.0
614,InfiniteAccumulator,11.51291546492478,687.2780753347297,1.0
615,InfiniteAccumulator,0.5700137790756902,687.8480891138054,1.0
616,InfiniteAccumulator,0.5443271097714736,688.3924162235769,1.0
617,InfiniteAccumulator,1.501043018447587,689.8934592420245,1.0
618,InfiniteAccumulator,1.0684538492287428,690.9619130912532,1.0
619,InfiniteAccumulator,0.6953914534242926,691.6573045446776,1.0
620,InfiniteAccumulator,-0.5629824335850838,691.0943221110925,1.0
621,InfiniteAccumulator,1.0534691113120558,692.1477912224046,1.0
622,InfiniteAccumulator,11.51291546492478,703.6607066873294,1.0
623,InfiniteAccumulator,11.51291546492478,715.1736221522541,1.0
624,InfiniteAccumulator,11.51291546492478,726.6865376171788,1.0
625,InfiniteAccumulator,-0.21427491174483135,726.472262705434,1.0
626,InfiniteAccumulator,-0.8324913085274098,725.6397713969066,1.0
627,InfiniteAccumulator,0.2503551926452489,725.8901265895518,1.0
628,InfiniteAccumulator,0.475638631919523,726.3657652214713,1.0
629,InfiniteAccumulator,2.560225185591988,728.9259904070633,1.0
630,InfiniteAccumulator,-2.2863400191667043,726.6396503878966,1.0
631,InfiniteAccumulator,11.51291546492478,738.1525658528213,1.0
632,InfiniteAccumulator,0.21117177907277676,738.3637376318941,1.0
633,InfiniteAccumulator,-0.11237539330484121,738.2513622385892,1.0
634,InfiniteAccumulator,-0.8646502703875482,737.3867119682017,1.0
635,InfiniteAccumulator,-2.1584633590292652,735.2282486091724,1.0
636,InfiniteAccumulator,1.7108860616849213,736.9391346708574,1.0
637,InfiniteAccumulator,0.4980262904894509,737.4371609613468,1.0
638,InfiniteAccumulator,-1.3068661085258864,736.1302948528208,1.0
639,InfiniteAccumulator,-1.3160491174814746,734.8142457353393,1.0
640,InfiniteAccumulator,-0.002941641269382742,734.81130409407,1.0
641,InfiniteAccumulator,11.51291546492478,746.3242195589947,1.0
642,InfiniteAccumulator,0.08854819028976599,746.4127677492845,1.0
643,InfiniteAccumulator,-1.7420154638934189,744.6707522853911,1.0
644,InfiniteAccumulator,0.10520525139738042,744.7759575367885,1.0
645,InfiniteAccumulator,0.0727638037418933,744.8487213405303,1.0
646,InfiniteAccumulator,-11.512915464920228,733.3358058756102,1.0
647,InfiniteAccumulator,0.3380284892053391,733.6738343648155,1.0
648,InfiniteAccumulator,0.12303352827704434,733.7968678930926,1.0
649,InfiniteAccumulator,1.4426320555676166,735.2394999486602,1.0
650,InfiniteAccumulator,11.51291546492478,746.7524154135849,1.0
651,InfiniteAccumulator,2.7160913852710062,749.468506798856,1.0
652,InfiniteAccumulator,0.07737214694304086,749.545878945799,1.0
653,InfiniteAccumulator,-1.0045782916829,748.5413006541161,1.0
654,InfiniteAccumulator,11.51291546492478,760.0542161190408,1.0
655,InfiniteAccumulator,0.4800747689152146,760.534290887956,1.0
656,InfiniteAccumulator,0.42290753451817187,760.9571984224741,1.0
657,InfiniteAccumulator,0.3753971512794333,761.3325955737536,1.0
658,InfiniteAccumulator,0.6607347842961145,761.9933303580497,1.0
659,InfiniteAccumulator,0.2277468358851164,762.2210771939348,1.0
660,InfiniteAccumulator,-0.29041856736856714,761.9306586265662,1.0
661,InfiniteAccumulator,-0.25764658439975924,761.6730120421665,1.0
662,InfiniteAccumulator,0.3646848075867448,762.0376968497533,1.0
663,InfiniteAccumulator,-0.25345792928986977,761.7842389204634,1.0
664,InfiniteAccumulator,-0.46354045976481856,761.3206984606986,1.0
665,InfiniteAccumulator,0.540501485398218,761.8611999460968,1.0
666,InfiniteAccumulator,0.0940967068547146,761.9552966529516,1.0
667,InfiniteAccumulator,11.51291546492478,773.4682121178763,1.0
668,InfiniteAccumulator,-11.512915464920228,761.9552966529561,1.0
669,InfiniteAccumulator,2.548193455358584,764.5034901083147,1.0
670,InfiniteAccumulator,3.6164487407261294,768.1199388490409,1.0
671,InfiniteAccumulator,-11.512915464920228,756.6070233841207,1.0
672,InfiniteAccumulator,-0.011225230765287189,756.5957981533554,1.0
673,InfiniteAccumulator,-0.04573701053321999,756.5500611428222,1.0
674,InfiniteAccumulator,-1.5316904213393692,755.0183707214828,1.0
675,InfiniteAccumulator,-0.5465939729706997,754.4717767485121,1.0
676,InfiniteAccumulator,-1.0107799227740883,753.460996825738,1.0
677,InfiniteAccumulator,11.51291546492478,764.9739122906627,1.0
678,InfiniteAccumulator,1.9991091998374086,766.9730214905002,1.0
679,InfiniteAccumulator,3.969469543047771,770.942491033548,1.0
680,InfiniteAccumulator,1.4928230521162231,772.4353140856642,1.0
681,InfiniteAccumulator,-1.0393031776469959,771.3960109080173,1.0
682,InfiniteAccumulator,-0.2304386625645414,771.1655722454527,1.0
683,InfiniteAccumulator,1.0816831324914526,772.2472553779442,1.0
684,InfiniteAccumulator,-1.1894257406442448,771.0578296373,1.0
685,InfiniteAccumulator,1.4755502354367238,772.5333798727366,1.0
686,InfiniteAccumulator,0.11172559623145137,772.645105468968,1.0
687,InfiniteAccumulator,-0.04979525573366193,772.5953102132344,1.0
688,InfiniteAccumulator,1.4715179048238987,774.0668281180583,1.0
689,InfiniteAccumulator,1.0113230552673445,775.0781511733256,1.0
690,InfiniteAccumulator,-0.033162437840443086,775.0449887354852,1.0
691,InfiniteAccumulator,2.8990396103568568,777.9440283458421,1.0
692,InfiniteAccumulator,-0.9659874943004236,776.9780408515417,1.0
693,InfiniteAccumulator,1.2937467013359323,778.2717875528776,1.0
694,InfiniteAccumulator,1.253646082895414,779.5254336357731,1.0
695,InfiniteAccumulator,0.028546211157986313,779.553979846931,1.0
696,InfiniteAccumulator,0.837032729115948,780.391012576047,1.0
697,InfiniteAccumulator,-1.2386794679698372,779.1523331080772,1.0
698,InfiniteAccumulator,1.9662532512958948,781.1185863593731,1.0
699,InfiniteAccumulator,0.17859060020483422,781.297176959578,1.0
700,InfiniteAccumulator,-0.22825348257895742,781.0689234769991,1.0
701,InfiniteAccumulator,2.372457161800694,783.4413806387997,1.0
702,InfiniteAccumulator,-0.4527930758026674,782.988587562997,1.0
703,InfiniteAccumulator,-1.5336408450155332,781.4549467179816,1.0
704,InfiniteAccumulator,-1.8745923076460451,779.5803544103355,1.0
705,InfiniteAccumulator,1.276204380634694,780.8565587909702,1.0
706,InfiniteAccumulator,-1.2898913930013933,779.5666673979688,1.0
707,InfiniteAccumulator,11.51291546492478,791.0795828628935,1.0
708,InfiniteAccumulator,-11.512915464920228,779.5666673979733,1.0
709,InfiniteAccumulator,11.51291546492478,791.0795828628981,1.0
710,InfiniteAccumulator,0.6780585138843507,791.7576413767824,1.0
711,InfiniteAccumulator,0.2858754097607697,792.0435167865433,1.0
712,InfiniteAccumulator,-0.2552802712576009,791.7882365152857,1.0
713,InfiniteAccumulator,0.9431764280194278,792.7314129433051,1.0
714,InfiniteAccumulator,0.3586334443775176,793.0900463876827,1.0
715,InfiniteAccumulator,2.602005902432919,795.6920522901156,1.0
716,InfiniteAccumulator,0.5505720232823224,796.242624313398,1.0
717,InfiniteAccumulator,0.5975279138465398,796.8401522272445,1.0
718,InfiniteAccumulator,-0.03633865288760666,796.8038135743569,1.0
719,InfiniteAccumulator,0.3347567402008647,797.1385703145578,1.0
720,InfiniteAccumulator,0.81108437864321,797.949654693201,1.0
721,InfiniteAccumulator,-2.3514639250442495,795.5981907681567,1.0
722,InfiniteAccumulator,-1.414378481034369,794.1838122871222,1.0
723,InfiniteAccumulator,1.5366638807896285,795.7204761679119,1.0
724,InfiniteAccumulator,0.6245806663884453,796.3450568343003,1.0
725,InfiniteAccumulator,0.17970203025150788,796.5247588645518,1.0
726,InfiniteAccumulator,0.42856176906100485,796.9533206336129,1.0
727,InfiniteAccumulator,0.867736591480626,797.8210572250935,1.0
728,InfiniteAccumulator,-0.24899005777338654,797.57206716732,1.0
729,InfiniteAccumulator,-0.5472245139236543,797.0248426533964,1.0
730,InfiniteAccumulator,0.6577446633350376,797.6825873167314,1.0
731,InfiniteAccumulator,-0.8165891558937073,796.8659981608378,1.0
732,InfiniteAccumulator,0.9567759212601784,797.8227740820979,1.0
733,InfiniteAccumulator,-2.323135616131754,795.4996384659662,1.0
734,InfiniteAccumulator,2.2984271351407806,797.7980656011069,1.0
735,InfiniteAccumulator,1.0552368253773206,798.8533024264842,1.0
736,InfiniteAccumulator,0.7391452619628275,799.592447688447,1.0
737,InfiniteAccumulator,2.140814430400949,801.733262118848,1.0
738,InfiniteAccumulator,11.51291546492478,813.2461775837727,1.0
739,InfiniteAccumulator,2.246070203864946,815.4922477876377,1.0
740,InfiniteAccumulator,-2.9931184067823158,812.4991293808554,1.0
741,InfiniteAccumulator,-1.288381350926767,811.2107480299286,1.0
742,InfiniteAccumulator,-0.3534154599851704,810.8573325699434,1.0
743,InfiniteAccumulator,0.43818855476032337,811.2955211247038,1.0
744,InfiniteAccumulator,1.1270696397232294,812.422590764427,1.0
745,InfiniteAccumulator,-0.4798952697720088,811.942695494655,1.0
746,InfiniteAccumulator,0.6456522053731685,812.5883477000282,1.0
747,InfiniteAccumulator,-0.5177217438998803,812.0706259561283,1.0
748,InfiniteAccumulator,-0.3369742316094227,811.7336517245188,1.0
749,InfiniteAccumulator,-1.5299454246911786,810.2037062998277,1.0
750,InfiniteAccumulator,-0.7398816409608406,809.4638246588669,1.0
751,InfiniteAccumulator,-1.4210653904231783,808.0427592684437,1.0
752,InfiniteAccumulator,-0.8130637010581145,807.2296955673855,1.0
753,InfiniteAccumulator,2.3904028476372523,809.6200984150228,1.0
754,InfiniteAccumulator,-0.7760105813932738,808.8440878336295,1.0
755,InfiniteAccumulator,11.51291546492478,820.3570032985542,1.0
756,InfiniteAccumulator,1.0879493291591917,821.4449526277134,1.0
757,InfiniteAccumulator,0.6430865115638363,822.0880391392773,1.0
758,InfiniteAccumulator,-0.6522056742694171,821.4358334650078,1.0
759,InfiniteAccumulator,1.4506143420873627,822.8864478070952,1.0
760,InfiniteAccumulator,-0.2928403208595816,822.5936074862357,1.0
761,InfiniteAccumulator,0.5606500864433153,823.154257572679,1.0
762,InfiniteAccumulator,11.51291546492478,834.6671730376037,1.0
763,InfiniteAccumulator,0.2866754342559728,834.9538484718596,1.0
764,InfiniteAccumulator,2.8396651854378834,837.7935136572975,1.0
765,InfiniteAccumulator,-0.4513195693328789,837.3421940879646,1.0
766,InfiniteAccumulator,0.3619130596864885,837.704107147651,1.0
767,InfiniteAccumulator,11.51291546492478,849.2170226125758,1.0
768,InfiniteAccumulator,-0.35607560290600043,848.8609470096698,1.0
769,InfiniteAccumulator,11.51291546492478,860.3738624745945,1.0
770,InfiniteAccumulator,1.4651925715602179,861.8390550461547,1.0
771,InfiniteAccumulator,-0.27671236480871503,861.562342681346,1.0
772,InfiniteAccumulator,1.3232524573574256,862.8855951387034,1.0
773,InfiniteAccumulator,2.1089116860221444,864.9945068247255,1.0
774,InfiniteAccumulator,1.3042119188600085,866.2987187435855,1.0
775,InfiniteAccumulator,-1.9104297111483721,864.3882890324371,1.0
776,InfiniteAccumulator,-0.48166580337089454,863.9066232290662,1.0
777,InfiniteAccumulator,0.10306878364972809,864.009692012716,1.0
778,InfiniteAccumulator,0.3132156546475371,864.3229076673636,1.0
779,InfiniteAccumulator,1.3021799072636606,865.6250875746272,1.0
780,InfiniteAccumulator,0.633622065501248,866.2587096401285,1.0
781,InfiniteAccumulator,-1.390069308406143,864.8686403317223,1.0
782,InfiniteAccumulator,0.9151818362981639,865.7838221680205,1.0
783,InfiniteAccumulator,1.2842698549121045,867.0680920229325,1.0
784,InfiniteAccumulator,1.1966995660574686,868.26479158899,1.0
785,InfiniteAccumulator,2.5013187515168096,870.7661103405068,1.0
786,InfiniteAccumulator,1.7359871894461025,872.5020975299528,1.0
787,InfiniteAccumulator,1.0343275640126035,873.5364250939655,1.0
788,InfiniteAccumulator,0.318465702141536,873.854890796107,1.0
789,InfiniteAccumulator,-2.1783485045640893,871.676542291543,1.0
790,InfiniteAccumulator,0.9889752409562911,872.6655175324993,1.0
791,InfiniteAccumulator,0.6735888936380143,873.3391064261373,1.0
792,InfiniteAccumulator,0.7605523878721483,874.0996588140094,1.0
793,InfiniteAccumulator,-1.2833799696486172,872.8162788443608,1.0
794,InfiniteAccumulator,-0.965977297271335,871.8503015470894,1.0
795,InfiniteAccumulator,2.3884960911301873,874.2387976382196,1.0
796,InfiniteAccumulator,0.35625450468222514,874.5950521429017,1.0
797,InfiniteAccumulator,1.4143440428275618,876.0093961857293,1.0
798,InfiniteAccumulator,0.4409925614425469,876.4503887471718,1.0
799,InfiniteAccumulator,0.4428034844370991,876.893192231609,1.0
800,InfiniteAccumulator,2.0065698076708043,878.8997620392797,1.0
801,InfiniteAccumulator,-0.22013839563975837,878.67962364364,1.0
802,InfiniteAccumulator,0.5272274765676986,879.2068511202076,1.0
803,InfiniteAccumulator,-0.15504016596616121,879.0518109542414,1.0
804,InfiniteAccumulator,-0.12154488568869005,878.9302660685528,1.0
805,InfiniteAccumulator,0.02899548313399769,878.9592615516868,1.0
806,InfiniteAccumulator,0.6930277746416584,879.6522893263285,1.0
807,InfiniteAccumulator,-0.17494316425050147,879.477346162078,1.0
808,InfiniteAccumulator,3.736906154697909,883.2142523167759,1.0
809,InfiniteAccumulator,-0.7008770225420637,882.5133752942338,1.0
810,InfiniteAccumulator,0.17620854736958963,882.6895838416034,1.0
811,InfiniteAccumulator,-0.12785113937140766,882.561732702232,1.0
812,InfiniteAccumulator,11.51291546492478,894.0746481671567,1.0
813,InfiniteAccumulator,0.6586916873420372,894.7333398544988,1.0
814,InfiniteAccumulator,2.30819362465354,897.0415334791523,1.0
815,InfiniteAccumulator,-1.701021578990261,895.3405119001621,1.0
816,InfiniteAccumulator,0.754300711932822,896.094812612095,1.0
817,InfiniteAccumulator,1.8737296427701982,897.9685422548652,1.0
818,InfiniteAccumulator,0.5094826886421627,898.4780249435073,1.0
819,InfiniteAccumulator,2.437521398550577,900.9155463420578,1.0
820,InfiniteAccumulator,-0.22164914198825802,900.6938972000696,1.0
821,InfiniteAccumulator,11.51291546492478,912.2068126649943,1.0
822,InfiniteAccumulator,11.51291546492478,923.7197281299191,1.0
823,InfiniteAccumulator,-0.03540997201073764,923.6843181579084,1.0
824,InfiniteAccumulator,-0.1348068076348774,923.5495113502735,1.0
825,InfiniteAccumulator,11.51291546492478,935.0624268151983,1.0
826,InfiniteAccumulator,11.51291546492478,946.575342280123,1.0
827,InfiniteAccumulator,-0.22842004282937828,946.3469222372936,1.0
828,InfiniteAccumulator,-0.10431868070006994,946.2426035565935,1.0
829,InfiniteAccumulator,0.06187820566265396,946.3044817622562,1.0
830,InfiniteAccumulator,-1.407271009276745,944.8972107529794,1.0
831,InfiniteAccumulator,-0.7336037132781585,944.1636070397012,1.0
832,InfiniteAccumulator,-0.8532202654081991,943.310386774293,1.0
833,InfiniteAccumulator,-0.5336725571912153,942.7767142171017,1.0
834,InfiniteAccumulator,0.3622894567660382,943.1390036738677,1.0
835,InfiniteAccumulator,0.7093812296206784,943.8483849034884,1.0
836,InfiniteAccumulator,11.51291546492478,955.3613003684131,1.0
837,InfiniteAccumulator,-0.8449475942009385,954.5163527742122,1.0
838,InfiniteAccumulator,2.146024744193052,956.6623775184053,1.0
839,InfiniteAccumulator,0.143458919188583,956.8058364375938,1.0
840,InfiniteAccumulator,0.3439960648175153,957.1498325024113,1.0
841,InfiniteAccumulator,1.4016516372912051,958.5514841397026,1.0
842,InfiniteAccumulator,-1.029487920350674,957.5219962193519,1.0
843,InfiniteAccumulator,0.9184340435150028,958.4404302628669,1.0
844,InfiniteAccumulator,0.6187564180439961,959.0591866809109,1.0
845,InfiniteAccumulator,1.0865705251725788,960.1457572060834,1.0
846,InfiniteAccumulator,0.7849714885458733,960.9307286946294,1.0
847,InfiniteAccumulator,11.51291546492478,972.4436441595541,1.0
848,InfiniteAccumulator,-0.3694331288331692,972.0742110307209,1.0
849,InfiniteAccumulator,-0.2383179238523474,971.8358931068685,1.0
850,InfiniteAccumulator,-0.35133863991979436,971.4845544669487,1.0
851,InfiniteAccumulator,-0.2681681599365166,971.2163863070122,1.0
852,InfiniteAccumulator,-0.3689951054850519,970.8473912015271,1.0
853,InfiniteAccumulator,3.0954569522446396,973.9428481537717,1.0
854,InfiniteAccumulator,11.51291546492478,985.4557636186964,1.0
855,InfiniteAccumulator,-0.28684633213935135,985.1689172865571,1.0
856,InfiniteAccumulator,-0.6177501033963346,984.5511671831607,1.0
857,InfiniteAccumulator,1.0533864854730057,985.6045536686337,1.0
858,InfiniteAccumulator,-0.26419369189366254,985.34035997674,1.0
859,InfiniteAccumulator,1.3241994996075295,986.6645594763476,1.0
860,InfiniteAccumulator,0.6672044491293934,987.3317639254769,1.0
861,InfiniteAccumulator,-1.7721370634870264,985.55962686199,1.0
862,InfiniteAccumulator,11.51291546492478,997.0725423269147,1.0
863,InfiniteAccumulator,11.51291546492478,1008.5854577918394,1.0
864,InfiniteAccumulator,-0.3385432069643316,1008.2469145848751,1.0
865,InfiniteAccumulator,-0.06526502855564015,1008.1816495563195,1.0
866,InfiniteAccumulator,0.7803689108107986,1008.9620184671303,1.0
867,InfiniteAccumulator,0.8489033141394023,1009.8109217812697,1.0
868,InfiniteAccumulator,1.3711338467504304,1011.1820556280202,1.0
869,InfiniteAccumulator,11.51291546492478,1022.6949710929449,1.0
870,InfiniteAccumulator,0.18821700800292798,1022.8831881009478,1.0
871,InfiniteAccumulator,-0.5731477024682705,1022.3100403984795,1.0
872,InfiniteAccumulator,-1.4748653450937403,1020.8351750533858,1.0
873,InfiniteAccumulator,-0.48648912552768325,1020.3486859278581,1.0
874,InfiniteAccumulator,0.36422130760312516,1020.7129072354612,1.0
875,InfiniteAccumulator,11.51291546492478,1032.225822700386,1.0
876,InfiniteAccumulator,-0.22204134702759798,1032.0037813533584,1.0
877,InfiniteAccumulator,0.6952616609684451,1032.699043014327,1.0
878,InfiniteAccumulator,0.38497782754466053,1033.0840208418715,1.0
879,InfiniteAccumulator,3.090952116002686,1036.1749729578742,1.0
880,InfiniteAccumulator,11.51291546492478,1047.687888422799,1.0
881,InfiniteAccumulator,-0.23816191239394166,1047.449726510405,1.0
882,InfiniteAccumulator,-0.1878780328918282,1047.2618484775132,1.0
883,InfiniteAccumulator,2.3539573235177254,1049.615805801031,1.0
884,InfiniteAccumulator,1.4150894769136133,1051.0308952779446,1.0
885,InfiniteAccumulator,11.51291546492478,1062.5438107428695,1.0
886,InfiniteAccumulator,1.2377863166183485,1063.781597059488,1.0
887,InfiniteAccumulator,-0.031153028230123433,1063.7504440312578,1.0
888,InfiniteAccumulator,1.2494027037395818,1064.9998467349974,1.0
889,InfiniteAccumulator,2.6275075596675572,1067.6273542946649,1.0
890,InfiniteAccumulator,1.704677484269017,1069.332031778934,1.0
891,InfiniteAccumulator,1.1102848331634347,1070.4423166120973,1.0
892,InfiniteAccumulator,2.442379737948074,1072.8846963500455,1.0
893,InfiniteAccumulator,2.9611680900578174,1075.8458644401032,1.0
894,InfiniteAccumulator,11.51291546492478,1087.358779905028,1.0
895,InfiniteAccumulator,1.3529589926946946,1088.7117388977229,1.0
896,InfiniteAccumulator,0.2001235423569018,1088.9118624400799,1.0
897,InfiniteAccumulator,0.5928295228143451,1089.5046919628942,1.0
898,InfiniteAccumulator,3.230134884008033,1092.7348268469023,1.0
899,InfiniteAccumulator,-0.5974849912200354,1092.1373418556823,1.0
900,InfiniteAccumulator,0.8983095590992655,1093.0356514147816,1.0
901,InfiniteAccumulator,-0.07203771153448482,1092.9636137032471,1.0
902,InfiniteAccumulator,0.44152961464436613,1093.4051433178915,1.0
903,InfiniteAccumulator,4.0899508148445225,1097.495094132736,1.0
904,InfiniteAccumulator,0.6514170492858059,1098.1465111820219,1.0
905,InfiniteAccumulator,0.4638662840148105,1098.6103774660367,1.0
906,InfiniteAccumulator,-1.4367885176045834,1097.173588948432,1.0
907,InfiniteAccumulator,1.5428322218209767,1098.7164211702532,1.0
908,InfiniteAccumulator,1.3470398244328294,1100.063460994686,1.0
909,InfiniteAccumulator,11.51291546492478,1111.5763764596109,1.0
910,InfiniteAccumulator,0.030668521624501913,1111.6070449812353,1.0
911,InfiniteAccumulator,0.6890029813431803,1112.2960479625785,1.0
912,InfiniteAccumulator,0.7300448070920471,1113.0260927696706,1.0
913,InfiniteAccumulator,11.51291546492478,1124.5390082345955,1.0
914,InfiniteAccumulator,0.2876117122980149,1124.8266199468935,1.0
915,InfiniteAccumulator,0.7708579565171492,1125.5974779034107,1.0
916,InfiniteAccumulator,1.279525251653346,1126.877003155064,1.0
917,InfiniteAccumulator,0.6454426335599799,1127.5224457886238,1.0
918,InfiniteAccumulator,-0.13592924581032143,1127.3865165428135,1.0
919,InfiniteAccumulator,0.6554030731658976,1128.0419196159794,1.0
920,InfiniteAccumulator,2.4710819058532056,1130.5130015218326,1.0
921,InfiniteAccumulator,-0.8854706484882267,1129.6275308733443,1.0
922,InfiniteAccumulator,0.5748906617171817,1130.2024215350616,1.0
923,InfiniteAccumulator,-0.4474645723490133,1129.7549569627126,1.0
924,InfiniteAccumulator,3.1400278628734277,1132.894984825586,1.0
925,InfiniteAccumulator,-1.7902348829013985,1131.1047499426847,1.0
926,InfiniteAccumulator,-0.2723777843933686,1130.8323721582915,1.0
927,InfiniteAccumulator,0.9107986455001007,1131.7431708037916,1.0
928,InfiniteAccumulator,11.51291546492478,1143.2560862687164,1.0
929,InfiniteAccumulator,0.32390207260453224,1143.579988341321,1.0
930,InfiniteAccumulator,-0.2678290318121646,1143.3121593095088,1.0
931,InfiniteAccumulator,11.51291546492478,1154.8250747744337,1.0
932,InfiniteAccumulator,-1.617167841706195,1153.2079069327274,1.0
933,InfiniteAccumulator,-11.512915464920228,1141.694991467807,1.0
934,InfiniteAccumulator,1.0048156311495826,1142.6998070989566,1.0
935,InfiniteAccumulator,-0.20316097569721983,1142.4966461232593,1.0
936,InfiniteAccumulator,-0.8778179615392346,1141.61882816172,1.0
937,InfiniteAccumulator,1.4663825861739581,1143.085210747894,1.0
938,InfiniteAccumulator,0.7224223603448293,1143.8076331082389,1.0
939,InfiniteAccumulator,-0.2786841211179557,1143.5289489871209,1.0
940,InfiniteAccumulator,-1.289669950293071,1142.2392790368278,1.0
941,InfiniteAccumulator,1.8297941170556153,1144.0690731538834,1.0
942,InfiniteAccumulator,1.3557024989602022,1145.4247756528437,1.0
943,InfiniteAccumulator,0.28285995812392317,1145.7076356109676,1.0
944,InfiniteAccumulator,11.51291546492478,1157.2205510758924,1.0
945,InfiniteAccumulator,-0.9495537758989776,1156.2709972999935,1.0
946,InfiniteAccumulator,-1.7959691303740684,1154.4750281696195,1.0
947,InfiniteAccumulator,-0.43711937138668533,1154.0379087982328,1.0
948,InfiniteAccumulator,0.3487902834247959,1154.3866990816575,1.0
949,InfiniteAccumulator,0.7217934960543161,1155.1084925777118,1.0
950,InfiniteAccumulator,0.11062942424068721,1155.2191220019524,1.0
951,InfiniteAccumulator,0.8741891223459618,1156.0933111242985,1.0
952,InfiniteAccumulator,-1.239413030792558,1154.853898093506,1.0
953,InfiniteAccumulator,11.51291546492478,1166.3668135584307,1.0
954,InfiniteAccumulator,0.30373226890393107,1166.6705458273348,1.0
955,InfiniteAccumulator,2.6692691725343263,1169.339814999869,1.0
956,InfiniteAccumulator,0.8607513257126749,1170.2005663255818,1.0
957,InfiniteAccumulator,1.0305678250149963,1171.2311341505967,1.0
958,InfiniteAccumulator,1.2135709868762383,1172.444705137473,1.0
959,InfiniteAccumulator,1.0166142297788408,1173.461319367252,1.0
960,InfiniteAccumulator,1.3419889177120052,1174.803308284964,1.0
961,InfiniteAccumulator,6.67996967372588,1181.48327795869,1.0
962,InfiniteAccumulator,0.6586468246810986,1182.141924783371,1.0
963,InfiniteAccumulator,1.4676578339635469,1183.6095826173346,1.0
964,InfiniteAccumulator,0.2944257859904214,1183.904008403325,1.0
965,InfiniteAccumulator,11.51291546492478,1195.4169238682498,1.0
966,InfiniteAccumulator,-0.4176370999892521,1194.9992867682606,1.0
967,InfiniteAccumulator,11.51291546492478,1206.5122022331855,1.0
968,InfiniteAccumulator,0.355508002246686,1206.8677102354322,1.0
969,InfiniteAccumulator,-1.5801978083222017,1205.28751242711,1.0
970,InfiniteAccumulator,0.5685621147384459,1205.8560745418483,1.0
971,InfiniteAccumulator,-0.42347922448333986,1205.432595317365,1.0
972,InfiniteAccumulator,1.7519061719341638,1207.1845014892992,1.0
973,InfiniteAccumulator,-0.38794205858617664,1206.7965594307132,1.0
974,InfiniteAccumulator,-0.13562764239291178,1206.6609317883203,1.0
975,InfiniteAccumulator,-3.3733819598199726,1203.2875498285005,1.0
976,InfiniteAccumulator,-0.14301082489095773,1203.1445390036095,1.0
977,InfiniteAccumulator,-11.512915464920228,1191.6316235386892,1.0
978,InfiniteAccumulator,-1.94747309501882,1189.6841504436704,1.0
979,InfiniteAccumulator,1.5723924031440561,1191.2565428468145,1.0
980,InfiniteAccumulator,1.6268673683213861,1192.8834102151359,1.0
981,InfiniteAccumulator,0.9826679170790692,1193.8660781322149,1.0
982,InfiniteAccumulator,-0.8005533842520604,1193.0655247479629,1.0
983,InfiniteAccumulator,0.3461621137560944,1193.4116868617189,1.0
984,InfiniteAccumulator,0.40096395359008874,1193.8126508153089,1.0
985,InfiniteAccumulator,-1.0853728959417224,1192.7272779193672,1.0
986,InfiniteAccumulator,11.51291546492478,1204.240193384292,1.0
987,InfiniteAccumulator,1.8421999773621178,1206.082393361654,1.0
988,InfiniteAccumulator,0.1350478671837706,1206.217441228838,1.0
989,InfiniteAccumulator,0.43918892856255365,1206.6566301574005,1.0
990,InfiniteAccumulator,0.6745214292976246,1207.331151586698,1.0
991,InfiniteAccumulator,-11.512915464920228,1195.8182361217778,1.0
992,InfiniteAccumulator,0.1034793801530076,1195.9217155019307,1.0
993,InfiniteAccumulator,-0.4246494041286276,1195.4970660978022,1.0
994,InfiniteAccumulator,-0.8496132329642684,1194.647452864838,1.0
995,InfiniteAccumulator,0.06270018163345342,1194.7101530464715,1.0
996,InfiniteAccumulator,11.51291546492478,1206.2230685113964,1.0
997,InfiniteAccumulator,1.3385589315995285,1207.5616274429958,1.0
998,InfiniteAccumulator,-0.28737634160999653,1207.2742511013857,1.0
999,InfiniteAccumulator,1.2183601321854685,1208.4926112335713,1.0
0,HardCapAccumulator(cap=20.0),1.093361822300096,1.093361822300096,0.7490142459033697
1,HardCapAccumulator(cap=20.0),0.2351605871885146,1.3285224094886106,0.7905961189568046
2,HardCapAccumulator(cap=20.0),1.3510825861560942,2.679604995644705,0.9358124007345711
3,HardCapAccumulator(cap=20.0),11.51291546492478,14.192520460569483,0.9999993140911889
4,HardCapAccumulator(cap=20.0),0.11915673597567286,14.311677196545157,0.9999993911401978
5,HardCapAccumulator(cap=20.0),0.11917650733055411,14.43085370387571,0.9999994595448837
6,HardCapAccumulator(cap=20.0),11.51291546492478,20.0,0.9999999979388463
7,HardCapAccumulator(cap=20.0),1.5872611619387442,20.0,0.9999999979388463
8,HardCapAccumulator(cap=20.0),-0.16373407863388326,19.836265921366117,0.999999997572165
9,HardCapAccumulator(cap=20.0),1.167915429123424,20.0,0.9999999979388463
10,HardCapAccumulator(cap=20.0),-0.15641937935367184,19.84358062064633,0.999999997589859
11,HardCapAccumulator(cap=20.0),-0.15921116361118412,19.684369457035146,0.9999999971739038
12,HardCapAccumulator(cap=20.0),0.7199167358457066,20.0,0.9999999979388463
13,HardCapAccumulator(cap=20.0),-3.6226860396377574,16.377313960362244,0.9999999228345515
14,HardCapAccumulator(cap=20.0),-2.4085286732413422,13.968785287120902,0.999999142106735
15,HardCapAccumulator(cap=20.0),-0.27649312832750483,13.692292158793396,0.9999988688698473
16,HardCapAccumulator(cap=20.0),-0.8656959975445164,12.82659616124888,0.9999973116927824
17,HardCapAccumulator(cap=20.0),0.8201783604936758,13.646774521742556,0.9999988161937862
18,HardCapAccumulator(cap=20.0),-0.7190928385282216,12.927681683214335,0.9999975701574892
19,HardCapAccumulator(cap=20.0),-1.5415580823392778,11.386123600875056,0.9999886482081328
20,HardCapAccumulator(cap=20.0),11.51291546492478,20.0,0.9999999979388463
21,HardCapAccumulator(cap=20.0),0.1292480641024535,20.0,0.9999999979388463
22,HardCapAccumulator(cap=20.0),0.4906454046978576,20.0,0.9999999979388463
23,HardCapAccumulator(cap=20.0),-1.5674827334515828,18.432517266548416,0.9999999901176676
24,HardCapAccumulator(cap=20.0),-0.25462612048669714,18.177891146061718,0.9999999872519963
25,HardCapAccumulator(cap=20.0),0.5463001698811727,18.72419131594289,0.9999999926177792
26,HardCapAccumulator(cap=20.0),-1.073690289822031,17.650501026120857,0.9999999783984561
27,HardCapAccumulator(cap=20.0),0.9085795435433601,18.559080569664218,0.9999999912924954
28,HardCapAccumulator(cap=20.0),-0.3235600057407681,18.23552056392345,0.9999999879658882
29,HardCapAccumulator(cap=20.0),0.04997790051089773,18.285498464434347,0.9999999885525458
30,HardCapAccumulator(cap=20.0),-0.32487548567991636,17.96062297875443,0.9999999841583453
31,HardCapAccumulator(cap=20.0),11.51291546492478,20.0,0.9999999979388463
32,HardCapAccumulator(cap=20.0),0.3886215958947493,20.0,0.9999999979388463
33,HardCapAccumulator(cap=20.0),-0.931173382352523,19.068826617647478,0.9999999947698539
34,HardCapAccumulator(cap=20.0),1.7094387520797427,20.0,0.9999999979388463
35,HardCapAccumulator(cap=20.0),-1.1872735989060132,18.812726401093986,0.9999999932432673
36,HardCapAccumulator(cap=20.0),0.6751665920419747,19.48789299313596,0.9999999965603392
37,HardCapAccumulator(cap=20.0),-4.4024627950158335,15.085430198120129,0.9999997191458885
38,HardCapAccumulator(cap=20.0),-1.3766709913219892,13.70875920679814,0.999998887343679
39,HardCapAccumulator(cap=20.0),0.6591008179508016,14.367860024748941,0.9999994244044541
40,HardCapAccumulator(cap=20.0),1.526815963889893,15.894675988638834,0.9999998749654969
41,HardCapAccumulator(cap=20.0),0.625244930800677,16.51992091943951,0.9999999330902396
42,HardCapAccumulator(cap=20.0),0.2627228696655296,16.78264378910504,0.9999999485494067
43,HardCapAccumulator(cap=20.0),0.038680387281930115,16.82132417638697,0.9999999505015373
44,HardCapAccumulator(cap=20.0),-1.6849326959776998,15.13639148040927,0.9999997330999912
45,HardCapAccumulator(cap=20.0),-0.4724068307469765,14.663984649662293,0.9999995719325574
46,HardCapAccumulator(cap=20.0),-0.15306467002892413,14.51091997963337,0.9999995011300911
47,HardCapAccumulator(cap=20.0),2.4040638493045856,16.914983828937956,0.9999999549270646
48,HardCapAccumulator(cap=20.0),0.8620342245734769,17.777018053511433,0.999999980965602
49,HardCapAccumulator(cap=20.0),-2.5700961684477854,15.206921885063649,0.999999751276036
50,HardCapAccumulator(cap=20.0),0.8341191192271639,16.04104100429081,0.9999998919899017
51,HardCapAccumulator(cap=20.0),-0.062118703754302215,15.978922300536508,0.9999998850676813
52,HardCapAccumulator(cap=20.0),-0.4183009055847059,15.560621394951802,0.9999998253743977
53,HardCapAccumulator(cap=20.0),1.2861975320065213,16.846818926958324,0.9999999517475376
54,HardCapAccumulator(cap=20.0),2.3051159786759357,19.15193490563426,0.9999999951869503
55,HardCapAccumulator(cap=20.0),1.9866100537871694,20.0,0.9999999979388463
56,HardCapAccumulator(cap=20.0),-0.6268076604567732,19.373192339543227,0.999999996142291
57,HardCapAccumulator(cap=20.0),0.02894717013859273,19.40213950968182,0.99999999625236
58,HardCapAccumulator(cap=20.0),0.8443426032190158,20.0,0.9999999979388463
59,HardCapAccumulator(cap=20.0),2.1182413286294848,20.0,0.9999999979388463
60,HardCapAccumulator(cap=20.0),-0.1754578330210907,19.824542166978908,0.9999999975435341
61,HardCapAccumulator(cap=20.0),0.17767516819017284,20.0,0.9999999979388463
62,HardCapAccumulator(cap=20.0),-1.0042863557543196,18.99571364424568,0.9999999943731364
63,HardCapAccumulator(cap=20.0),-1.1464504891485003,17.84926315509718,0.9999999822922453
64,HardCapAccumulator(cap=20.0),1.6864577150497344,19.535720870146914,0.9999999967209787
65,HardCapAccumulator(cap=20.0),11.51291546492478,20.0,0.9999999979388463
66,HardCapAccumulator(cap=20.0),0.31619622158418176,20.0,0.9999999979388463
67,HardCapAccumulator(cap=20.0),2.2090567769715825,20.0,0.9999999979388463
68,HardCapAccumulator(cap=20.0),0.8880655440652678,20.0,0.9999999979388463
69,HardCapAccumulator(cap=20.0),-0.37860219999547645,19.621397800004523,0.9999999969902169
70,HardCapAccumulator(cap=20.0),0.8877163451181581,20.0,0.9999999979388463
71,HardCapAccumulator(cap=20.0),11.51291546492478,20.0,0.9999999979388463
72,HardCapAccumulator(cap=20.0),0.36087482604525073,20.0,0.9999999979388463
73,HardCapAccumulator(cap=20.0),11.51291546492478,20.0,0.9999999979388463
74,HardCapAccumulator(cap=20.0),-11.512915464920228,8.487084535079772,0.9997939291728483
75,HardCapAccumulator(cap=20.0),1.7079542389081912,10.195038773987964,0.9999626462081138
76,HardCapAccumulator(cap=20.0),0.5155820396568971,10.71062081364486,0.9999776937381877
77,HardCapAccumulator(cap=20.0),0.04119700505873351,10.751817818703595,0.9999785939983631
78,HardCapAccumulator(cap=20.0),0.5216274209955609,11.273445239699155,0.9999872942758492
79,HardCapAccumulator(cap=20.0),-5.587791563779945,5.685653675919211,0.9966171686478136
80,HardCapAccumulator(cap=20.0),0.13660577384122854,5.822259449760439,0.9970478335326837
81,HardCapAccumulator(cap=20.0),0.8815039110743812,6.70376336083482,0.9987752136983065
82,HardCapAccumulator(cap=20.0),11.51291546492478,18.2166788257596,0.999999987736995
83,HardCapAccumulator(cap=20.0),-0.22284187157063606,17.993836954188964,0.9999999846758676
84,HardCapAccumulator(cap=20.0),-0.5864407868543062,17.407396167334657,0.9999999724536609
85,HardCapAccumulator(cap=20.0),-0.2028006728827269,17.20459549445193,0.9999999662604646
86,HardCapAccumulator(cap=20.0),1.9424461739465209,19.14704166839845,0.9999999951633411
87,HardCapAccumulator(cap=20.0),0.840760362190399,19.98780203058885,0.9999999979135505
88,HardCapAccumulator(cap=20.0),-0.23681278396640532,19.750989246622442,0.9999999973560432
89,HardCapAccumulator(cap=20.0),1.1199542485924217,20.0,0.9999999979388463
90,HardCapAccumulator(cap=20.0),0.5284574497298388,20.0,0.9999999979388463
91,HardCapAccumulator(cap=20.0),2.096817762048256,20.0,0.9999999979388463
92,HardCapAccumulator(cap=20.0),-0.4499019783174888,19.550098021682512,0.9999999967677844
93,HardCapAccumulator(cap=20.0),0.0068054503482797585,19.556903472030793,0.9999999967897064
94,HardCapAccumulator(cap=20.0),-0.07055904283643726,19.486344429194357,0.9999999965550086
95,HardCapAccumulator(cap=20.0),-1.6512097490546316,17.835134680139724,0.999999982040286
96,HardCapAccumulator(cap=20.0),0.7946834999678606,18.629818180107584,0.9999999918871628
97,HardCapAccumulator(cap=20.0),0.7460462244786675,19.375864404586252,0.9999999961525852
98,HardCapAccumulator(cap=20.0),0.4118610388652322,19.787725443451485,0.9999999974514098
99,HardCapAccumulator(cap=20.0),0.11863438391882838,19.906359827370313,0.9999999977365142
100,HardCapAccumulator(cap=20.0),-1.5479069350400911,18.35845289233022,0.9999999893579522
101,HardCapAccumulator(cap=20.0),-0.10487039369731217,18.25358249863291,0.9999999881812963
102,HardCapAccumulator(cap=20.0),-0.011257538721650206,18.242324959911258,0.9999999880474951
103,HardCapAccumulator(cap=20.0),-0.5783305728218663,17.663994387089392,0.9999999786879759
104,HardCapAccumulator(cap=20.0),0.20719521606443853,17.87118960315383,0.9999999826762876
105,HardCapAccumulator(cap=20.0),0.9504976927728337,18.821687295926665,0.9999999933035433
106,HardCapAccumulator(cap=20.0),11.51291546492478,20.0,0.9999999979388463
107,HardCapAccumulator(cap=20.0),0.6294879345828027,20.0,0.9999999979388463
108,HardCapAccumulator(cap=20.0),0.7412316123399902,20.0,0.9999999979388463
109,HardCapAccumulator(cap=20.0),0.31320030015450145,20.0,0.9999999979388463
110,HardCapAccumulator(cap=20.0),-3.6897879434353613,16.310212056564637,0.9999999174789264
111,HardCapAccumulator(cap=20.0),0.37242923825902574,16.682641294823664,0.9999999431381589
112,HardCapAccumulator(cap=20.0),0.481360404498292,17.164001699321958,0.9999999648626697
113,HardCapAccumulator(cap=20.0),11.51291546492478,20.0,0.9999999979388463
114,HardCapAccumulator(cap=20.0),0.169572009471269,20.0,0.9999999979388463
115,HardCapAccumulator(cap=20.0),0.8022903817792333,20.0,0.9999999979388463
116,HardCapAccumulator(cap=20.0),0.3622561279340075,20.0,0.9999999979388463
117,HardCapAccumulator(cap=20.0),-1.101833076254119,18.89816692374588,0.9999999937965913
118,HardCapAccumulator(cap=20.0),2.803169250634786,20.0,0.9999999979388463
119,HardCapAccumulator(cap=20.0),1.5546193594717985,20.0,0.9999999979388463
120,HardCapAccumulator(cap=20.0),1.6383447697612363,20.0,0.9999999979388463
121,HardCapAccumulator(cap=20.0),-0.7209502598743726,19.27904974012563,0.9999999957614718
122,HardCapAccumulator(cap=20.0),11.51291546492478,20.0,0.9999999979388463
123,HardCapAccumulator(cap=20.0),-1.5201143516538718,18.479885648346126,0.9999999905748639
124,HardCapAccumulator(cap=20.0),1.2428351532226163,19.72272080156874,0.9999999972802363
125,HardCapAccumulator(cap=20.0),11.51291546492478,20.0,0.9999999979388463
126,HardCapAccumulator(cap=20.0),-0.8338145775846707,19.166185422415328,0.9999999952550522
127,HardCapAccumulator(cap=20.0),-0.28139959105368023,18.884785831361647,0.9999999937130253
128,HardCapAccumulator(cap=20.0),0.5317681463297265,19.416553977691372,0.9999999963059927
129,HardCapAccumulator(cap=20.0),-0.2048845033967007,19.21166947429467,0.9999999954660372
130,HardCapAccumulator(cap=20.0),-1.8591601728204052,17.352509301474264,0.9999999708994665
131,HardCapAccumulator(cap=20.0),0.4919635801898324,17.844472881664096,0.9999999822072169
132,HardCapAccumulator(cap=20.0),-0.9379783569425223,16.906494524721573,0.9999999545427981
133,HardCapAccumulator(cap=20.0),1.0567957304057976,17.963290255127372,0.9999999842005431
134,HardCapAccumulator(cap=20.0),-0.7346610358545583,17.228629219272815,0.9999999670616846
135,HardCapAccumulator(cap=20.0),11.51291546492478,20.0,0.9999999979388463
136,HardCapAccumulator(cap=20.0),-0.5536240449938881,19.44637595500611,0.999999996414529
137,HardCapAccumulator(cap=20.0),0.013526386785265073,19.459902341791377,0.9999999964627009
138,HardCapAccumulator(cap=20.0),1.6887155325209424,20.0,0.9999999979388463
139,HardCapAccumulator(cap=20.0),-1.2041335060522622,18.795866493947738,0.9999999931283838
140,HardCapAccumulator(cap=20.0),0.700226464638256,19.496092958585994,0.999999996588429
141,HardCapAccumulator(cap=20.0),4.838440111462973,20.0,0.9999999979388463
142,HardCapAccumulator(cap=20.0),-2.0138633151468635,17.986136684853136,0.9999999845574121
143,HardCapAccumulator(cap=20.0),0.6428178330827777,18.628954517935913,0.9999999918801531
144,HardCapAccumulator(cap=20.0),0.7444346881555982,19.37338920609151,0.9999999961430504
145,HardCapAccumulator(cap=20.0),1.6182008932834968,20.0,0.9999999979388463
146,HardCapAccumulator(cap=20.0),-1.2144490665121863,18.785550933487812,0.9999999930571324
147,HardCapAccumulator(cap=20.0),-1.362322982932805,17.423227950555006,0.9999999728863346
148,HardCapAccumulator(cap=20.0),1.1340333414542063,18.557261292009212,0.9999999912766396
149,HardCapAccumulator(cap=20.0),0.795893619452655,19.353154911461868,0.9999999960642127
150,HardCapAccumulator(cap=20.0),0.7315615714510475,20.0,0.9999999979388463
151,HardCapAccumulator(cap=20.0),0.8661044201705141,20.0,0.9999999979388463
152,HardCapAccumulator(cap=20.0),-0.4221909941785967,19.577809005821404,0.9999999968561228
153,HardCapAccumulator(cap=20.0),0.7067205157725885,20.0,0.9999999979388463
154,HardCapAccumulator(cap=20.0),0.7904211010414606,20.0,0.9999999979388463
155,HardCapAccumulator(cap=20.0),-0.4654464412629664,19.534553558737034,0.9999999967171489
156,HardCapAccumulator(cap=20.0),11.51291546492478,20.0,0.9999999979388463
157,HardCapAccumulator(cap=20.0),1.0571727120214405,20.0,0.9999999979388463
158,HardCapAccumulator(cap=20.0),-1.13842880625653,18.86157119374347,0.9999999935653681
159,HardCapAccumulator(cap=20.0),1.367439075614003,20.0,0.9999999979388463
160,HardCapAccumulator(cap=20.0),-0.8113847192941882,19.18861528070581,0.999999995360296
161,HardCapAccumulator(cap=20.0),1.629676962869344,20.0,0.9999999979388463
162,HardCapAccumulator(cap=20.0),2.8945964674961537,20.0,0.9999999979388463
163,HardCapAccumulator(cap=20.0),-0.6023978096990971,19.3976021903009,0.999999996235317
164,HardCapAccumulator(cap=20.0),2.0806971472259814,20.0,0.9999999979388463
165,HardCapAccumulator(cap=20.0),0.9635613412465699,20.0,0.9999999979388463
166,HardCapAccumulator(cap=20.0),1.7083184172436836,20.0,0.9999999979388463
167,HardCapAccumulator(cap=20.0),11.51291546492478,20.0,0.9999999979388463
168,HardCapAccumulator(cap=20.0),0.10563237356983537,20.0,0.9999999979388463
169,HardCapAccumulator(cap=20.0),-0.5156107837719653,19.484389216228035,0.9999999965482662
170,HardCapAccumulator(cap=20.0),-0.6939917794790841,18.79039743674895,0.9999999930906995
171,HardCapAccumulator(cap=20.0),-0.5960106898012215,18.19438674694773,0.9999999874605575
172,HardCapAccumulator(cap=20.0),0.30993537644015473,18.504322123387883,0.9999999908023897
173,HardCapAccumulator(cap=20.0),0.8584924724830516,19.362814595870933,0.9999999961020483
174,HardCapAccumulator(cap=20.0),0.7676265243793439,20.0,0.9999999979388463
175,HardCapAccumulator(cap=20.0),1.7202029420263656,20.0,0.9999999979388463
176,HardCapAccumulator(cap=20.0),0.4217442893956279,20.0,0.9999999979388463
177,HardCapAccumulator(cap=20.0),11.51291546492478,20.0,0.9999999979388463
178,HardCapAccumulator(cap=20.0),0.08245849074155558,20.0,0.9999999979388463
179,HardCapAccumulator(cap=20.0),11.51291546492478,20.0,0.9999999979388463
180,HardCapAccumulator(cap=20.0),1.3111181598570907,20.0,0.9999999979388463
181,HardCapAccumulator(cap=20.0),-0.6506071386034638,19.349392861396538,0.9999999960493782
182,HardCapAccumulator(cap=20.0),-0.9507587810613929,18.398634080335146,0.9999999897770852
183,HardCapAccumulator(cap=20.0),1.0707616024579991,19.469395682793145,0.9999999964961228
184,HardCapAccumulator(cap=20.0),0.13203614527698834,19.601431828070133,0.9999999969295197
185,HardCapAccumulator(cap=20.0),1.4775361895230914,20.0,0.9999999979388463
186,HardCapAccumulator(cap=20.0),1.0562396781695995,20.0,0.9999999979388463
187,HardCapAccumulator(cap=20.0),0.3151889876175488,20.0,0.9999999979388463
188,HardCapAccumulator(cap=20.0),-0.6368370214037428,19.363162978596257,0.9999999961034058
189,HardCapAccumulator(cap=20.0),-1.769971826720288,17.59319115187597,0.9999999771243125
190,HardCapAccumulator(cap=20.0),-0.1360273027071861,17.457163849168783,0.9999999737910237
191,HardCapAccumulator(cap=20.0),1.789937700887714,19.247101550056495,0.9999999956238721
192,HardCapAccumulator(cap=20.0),0.6821936583997019,19.929295208456196,0.9999999977878373
193,HardCapAccumulator(cap=20.0),-1.229446211392774,18.699848997063423,0.9999999924358739
194,HardCapAccumulator(cap=20.0),0.6276405764210091,19.32748957348443,0.9999999959618919
195,HardCapAccumulator(cap=20.0),0.9227161369204,20.0,0.9999999979388463
196,HardCapAccumulator(cap=20.0),-0.686362374296845,19.313637625703155,0.9999999959055672
197,HardCapAccumulator(cap=20.0),0.6020165776618156,19.91565420336497,0.9999999977574545
198,HardCapAccumulator(cap=20.0),0.47879213936658405,20.0,0.9999999979388463
199,HardCapAccumulator(cap=20.0),-1.0610496796923663,18.938950320307633,0.9999999940444979
200,HardCapAccumulator(cap=20.0),0.8824816124974656,19.821431932805098,0.999999997535882
201,HardCapAccumulator(cap=20.0),1.1983737588248302,20.0,0.9999999979388463
202,HardCapAccumulator(cap=20.0),2.5110864065790217,20.0,0.9999999979388463
203,HardCapAccumulator(cap=20.0),2.3910284625996745,20.0,0.9999999979388463
204,HardCapAccumulator(cap=20.0),-1.4716023316369358,18.528397668363063,0.9999999910211829
205,HardCapAccumulator(cap=20.0),-0.7599713428282344,17.76842632553483,0.999999980801359
206,HardCapAccumulator(cap=20.0),1.1228154509359956,18.891241776470824,0.9999999937534827
207,HardCapAccumulator(cap=20.0),1.1207930274819506,20.0,0.9999999979388463
208,HardCapAccumulator(cap=20.0),1.1228355657211027,20.0,0.9999999979388463
209,HardCapAccumulator(cap=20.0),11.51291546492478,20.0,0.9999999979388463
210,HardCapAccumulator(cap=20.0),1.215480101117974,20.0,0.9999999979388463
211,HardCapAccumulator(cap=20.0),2.763471789309054,20.0,0.9999999979388463
212,HardCapAccumulator(cap=20.0),2.0525053829962197,20.0,0.9999999979388463
213,HardCapAccumulator(cap=20.0),1.3578950511845307,20.0,0.9999999979388463
214,HardCapAccumulator(cap=20.0),0.021677755301760023,20.0,0.9999999979388463
215,HardCapAccumulator(cap=20.0),1.5693488799817412,20.0,0.9999999979388463
216,HardCapAccumulator(cap=20.0),-0.5401510897439648,19.459848910256035,0.9999999964625117
217,HardCapAccumulator(cap=20.0),0.11594739530196962,19.575796305558004,0.9999999968497888
218,HardCapAccumulator(cap=20.0),-0.18294480067621835,19.392851504881786,0.9999999962173898
219,HardCapAccumulator(cap=20.0),0.5089582909392062,19.90180979582099,0.9999999977261917
220,HardCapAccumulator(cap=20.0),11.51291546492478,20.0,0.9999999979388463
221,HardCapAccumulator(cap=20.0),-3.1827399022126013,16.817260097787397,0.9999999502999624
222,HardCapAccumulator(cap=20.0),1.423445903974526,18.24070600176192,0.9999999880281288
223,HardCapAccumulator(cap=20.0),-2.029061692407611,16.211644309354313,0.9999999089306381
224,HardCapAccumulator(cap=20.0),-0.16670322551207345,16.04494108384224,0.9999998924103293
225,HardCapAccumulator(cap=20.0),2.5368511115763575,18.581792195418597,0.9999999914880281
226,HardCapAccumulator(cap=20.0),0.4865103059380912,19.068302501356687,0.9999999947671119
227,HardCapAccumulator(cap=20.0),-0.961007276749074,18.10729522460761,0.9999999863195119
228,HardCapAccumulator(cap=20.0),-0.4666523739695906,17.64064285063802,0.9999999781844511
229,HardCapAccumulator(cap=20.0),1.4107190040556419,19.051361854693663,0.9999999946777083
230,HardCapAccumulator(cap=20.0),-0.48577229888145174,18.565589555812213,0.9999999913489884
231,HardCapAccumulator(cap=20.0),0.6853763147341951,19.25096587054641,0.9999999956407502
232,HardCapAccumulator(cap=20.0),0.4627719440946494,19.713737814641057,0.9999999972556946
233,HardCapAccumulator(cap=20.0),-0.3866670568883881,19.32707075775267,0.9999999959602004
234,HardCapAccumulator(cap=20.0),11.51291546492478,20.0,0.9999999979388463
235,HardCapAccumulator(cap=20.0),1.325984852329001,20.0,0.9999999979388463
236,HardCapAccumulator(cap=20.0),-11.512915464920228,8.487084535079772,0.9997939291728483
237,HardCapAccumulator(cap=20.0),0.6452368412444794,9.132321376324251,0.9998918973678931
238,HardCapAccumulator(cap=20.0),-0.39936855589155135,8.7329528204327,0.9998388401765672
239,HardCapAccumulator(cap=20.0),1.7802683654226275,10.513221185855327,0.9999728259575027
240,HardCapAccumulator(cap=20.0),-0.565638706043284,9.947582479812043,0.9999521591328205
241,HardCapAccumulator(cap=20.0),0.26383615015737827,10.21141862996942,0.9999632530517875
242,HardCapAccumulator(cap=20.0),1.1066079281424028,11.318026558111823,0.9999878482663355
243,HardCapAccumulator(cap=20.0),1.813020710135784,13.131047268247608,0.9999980172965206
244,HardCapAccumulator(cap=20.0),-1.1531670833543401,11.977880184893268,0.9999937184039802
245,HardCapAccumulator(cap=20.0),-0.0014014832385321812,11.976478701654736,0.9999937095943123
246,HardCapAccumulator(cap=20.0),-0.1703450966749611,11.806133604979776,0.9999925413868334
247,HardCapAccumulator(cap=20.0),-0.388820679847426,11.41731292513235,0.9999889967946085
248,HardCapAccumulator(cap=20.0),11.51291546492478,20.0,0.9999999979388463
249,HardCapAccumulator(cap=20.0),0.9518870134819686,20.0,0.9999999979388463
250,HardCapAccumulator(cap=20.0),-1.255585187563429,18.74441481243657,0.999999992765574
251,HardCapAccumulator(cap=20.0),1.9491926709844065,20.0,0.9999999979388463
252,HardCapAccumulator(cap=20.0),11.51291546492478,20.0,0.9999999979388463
253,HardCapAccumulator(cap=20.0),2.3104593127756226,20.0,0.9999999979388463
254,HardCapAccumulator(cap=20.0),-1.780924535598948,18.21907546440105,0.9999999877663498
255,HardCapAccumulator(cap=20.0),-0.18157814338312864,18.037497321017923,0.9999999853305295
256,HardCapAccumulator(cap=20.0),3.8955691154988847,20.0,0.9999999979388463
257,HardCapAccumulator(cap=20.0),-0.4569940509843736,19.543005949015626,0.9999999967447799
258,HardCapAccumulator(cap=20.0),1.010642294252935,20.0,0.9999999979388463
259,HardCapAccumulator(cap=20.0),1.6026627772599829,20.0,0.9999999979388463
260,HardCapAccumulator(cap=20.0),-0.7449582746031959,19.255041725396804,0.9999999956584817
261,HardCapAccumulator(cap=20.0),0.33157435868543433,19.586616084082237,0.9999999968836895
262,HardCapAccumulator(cap=20.0),-11.512915464920228,8.07370061916201,0.9996884691533713
263,HardCapAccumulator(cap=20.0),-0.8823854087211996,7.19131521044081,0.9992474687432475
264,HardCapAccumulator(cap=20.0),0.09699418927237849,7.288309399713189,0.9993169842569584
265,HardCapAccumulator(cap=20.0),-1.2329527379221623,6.055356661791026,0.9976602218959855
266,HardCapAccumulator(cap=20.0),11.51291546492478,17.568272126715804,0.9999999765471109
267,HardCapAccumulator(cap=20.0),-1.5788558217074764,15.989416305008328,0.9999998862674752
268,HardCapAccumulator(cap=20.0),-0.12822879711267035,15.861187507895657,0.9999998707073811
269,HardCapAccumulator(cap=20.0),0.5719897521293033,16.433177260024962,0.9999999270270734
270,HardCapAccumulator(cap=20.0),11.51291546492478,20.0,0.9999999979388463
271,HardCapAccumulator(cap=20.0),-1.5910134837552854,18.408986516244713,0.9999999898823714
272,HardCapAccumulator(cap=20.0),2.9225325169330594,20.0,0.9999999979388463
273,HardCapAccumulator(cap=20.0),0.418272992224082,20.0,0.9999999979388463
274,HardCapAccumulator(cap=20.0),-0.8210189651838155,19.178981034816186,0.99999999531538
275,HardCapAccumulator(cap=20.0),1.0388654898725007,20.0,0.9999999979388463
276,HardCapAccumulator(cap=20.0),0.6620373785592917,20.0,0.9999999979388463
277,HardCapAccumulator(cap=20.0),-0.3230404880687681,19.676959511931233,0.9999999971528846
278,HardCapAccumulator(cap=20.0),0.4935426124763631,20.0,0.9999999979388463
279,HardCapAccumulator(cap=20.0),-0.06239655255178449,19.937603447448215,0.9999999978061405
280,HardCapAccumulator(cap=20.0),0.5496535299475893,20.0,0.9999999979388463
281,HardCapAccumulator(cap=20.0),1.3778109701742556,20.0,0.9999999979388463
282,HardCapAccumulator(cap=20.0),11.51291546492478,20.0,0.9999999979388463
283,HardCapAccumulator(cap=20.0),-1.2159194405096099,18.78408055949039,0.9999999930469161
284,HardCapAccumulator(cap=20.0),11.51291546492478,20.0,0.9999999979388463
285,HardCapAccumulator(cap=20.0),-4.227879942201274,15.772120057798727,0.999999858663208
286,HardCapAccumulator(cap=20.0),0.21872573820522975,15.990845796003956,0.9999998864299386
287,HardCapAccumulator(cap=20.0),1.2453573513812197,17.236203147385176,0.9999999673102147
288,HardCapAccumulator(cap=20.0),0.7735927293575486,18.009795876742725,0.9999999849184831
289,HardCapAccumulator(cap=20.0),-0.35079295798323984,17.659002918759484,0.9999999785813316
290,HardCapAccumulator(cap=20.0),0.1505369379253136,17.809539856684797,0.9999999815746771
291,HardCapAccumulator(cap=20.0),-0.19219052622337165,17.617349330461426,0.9999999776703254
292,HardCapAccumulator(cap=20.0),-0.309689325022122,17.307660005439303,0.9999999695646182
293,HardCapAccumulator(cap=20.0),1.7734051928284345,19.081065198267737,0.9999999948334732
294,HardCapAccumulator(cap=20.0),0.881363276432602,19.96242847470034,0.9999999978599325
295,HardCapAccumulator(cap=20.0),-0.4383797022583913,19.524048772441947,0.9999999966824815
296,HardCapAccumulator(cap=20.0),1.8998978393390742,20.0,0.9999999979388463
297,HardCapAccumulator(cap=20.0),0.8103771002771262,20.0,0.9999999979388463
298,HardCapAccumulator(cap=20.0),1.6872232086289953,20.0,0.9999999979388463
299,HardCapAccumulator(cap=20.0),1.3182394789535719,20.0,0.9999999979388463
300,HardCapAccumulator(cap=20.0),-0.6133232331600674,19.386676766839933,0.9999999961939607
301,HardCapAccumulator(cap=20.0),-0.27391717599082516,19.11275959084911,0.9999999949946554
302,HardCapAccumulator(cap=20.0),1.5449839796224867,20.0,0.9999999979388463
303,HardCapAccumulator(cap=20.0),1.2838892152945973,20.0,0.9999999979388463
304,HardCapAccumulator(cap=20.0),0.37940472494822425,20.0,0.9999999979388463
305,HardCapAccumulator(cap=20.0),0.5545829484783426,20.0,0.9999999979388463
306,HardCapAccumulator(cap=20.0),4.075473190399025,20.0,0.9999999979388463
307,HardCapAccumulator(cap=20.0),-0.312401848787464,19.687598151212537,0.9999999971830136
308,HardCapAccumulator(cap=20.0),1.1754527669513906,20.0,0.9999999979388463
309,HardCapAccumulator(cap=20.0),0.15769479804353045,20.0,0.9999999979388463
310,HardCapAccumulator(cap=20.0),0.13900595481949957,20.0,0.9999999979388463
311,HardCapAccumulator(cap=20.0),2.581066331233826,20.0,0.9999999979388463
312,HardCapAccumulator(cap=20.0),1.7160929953124804,20.0,0.9999999979388463
313,HardCapAccumulator(cap=20.0),1.688698253287052,20.0,0.9999999979388463
314,HardCapAccumulator(cap=20.0),4.7763411423034725,20.0,0.9999999979388463
315,HardCapAccumulator(cap=20.0),0.43179054331786537,20.0,0.9999999979388463
316,HardCapAccumulator(cap=20.0),1.4152067836776807,20.0,0.9999999979388463
317,HardCapAccumulator(cap=20.0),0.027681659597723292,20.0,0.9999999979388463
318,HardCapAccumulator(cap=20.0),0.8342361975711479,20.0,0.9999999979388463
319,HardCapAccumulator(cap=20.0),0.2450472353885502,20.0,0.9999999979388463
320,HardCapAccumulator(cap=20.0),0.5283525542142211,20.0,0.9999999979388463
321,HardCapAccumulator(cap=20.0),1.2572196088778018,20.0,0.9999999979388463
322,HardCapAccumulator(cap=20.0),-0.5991691811402978,19.400830818859703,0.9999999962474522
323,HardCapAccumulator(cap=20.0),11.51291546492478,20.0,0.9999999979388463
324,HardCapAccumulator(cap=20.0),-0.8559089774701396,19.14409102252986,0.9999999951490488
325,HardCapAccumulator(cap=20.0),-1.1761595815734964,17.967931440956363,0.9999999842737013
326,HardCapAccumulator(cap=20.0),2.8916729372893717,20.0,0.9999999979388463
327,HardCapAccumulator(cap=20.0),1.6397345046749872,20.0,0.9999999979388463
328,HardCapAccumulator(cap=20.0),1.3083441784993013,20.0,0.9999999979388463
329,HardCapAccumulator(cap=20.0),1.3159293114464692,20.0,0.9999999979388463
330,HardCapAccumulator(cap=20.0),0.3901797435402924,20.0,0.9999999979388463
331,HardCapAccumulator(cap=20.0),-0.7044619996847195,19.29553800031528,0.9999999958307848
332,HardCapAccumulator(cap=20.0),0.5012003118751608,19.79673831219044,0.9999999974742766
333,HardCapAccumulator(cap=20.0),-0.41860133597595833,19.37813697621448,0.9999999961613188
334,HardCapAccumulator(cap=20.0),2.116910107410782,20.0,0.9999999979388463
335,HardCapAccumulator(cap=20.0),0.22446893056647893,20.0,0.9999999979388463
336,HardCapAccumulator(cap=20.0),-0.6087217419985252,19.391278258001474,0.9999999962114341
337,HardCapAccumulator(cap=20.0),0.014337235603814233,19.40561549360529,0.9999999962653641
338,HardCapAccumulator(cap=20.0),0.9637872586479657,20.0,0.9999999979388463
339,HardCapAccumulator(cap=20.0),-0.2782509372283818,19.721749062771618,0.9999999972775919
340,HardCapAccumulator(cap=20.0),-0.6044166666003081,19.11733239617131,0.9999999950174916
341,HardCapAccumulator(cap=20.0),0.7222676044598315,19.83960000063114,0.999999997580246
342,HardCapAccumulator(cap=20.0),0.7240124414465976,20.0,0.9999999979388463
343,HardCapAccumulator(cap=20.0),-0.20909025826504532,19.790909741734954,0.9999999974595122
344,HardCapAccumulator(cap=20.0),-0.16562353480477168,19.62528620693018,0.9999999970018973
345,HardCapAccumulator(cap=20.0),0.7064441943113665,20.0,0.9999999979388463
346,HardCapAccumulator(cap=20.0),-1.6173207896413844,18.382679210358617,0.9999999896126718
347,HardCapAccumulator(cap=20.0),-1.5315920608640465,16.85108714949457,0.9999999519530508
348,HardCapAccumulator(cap=20.0),-0.4706317252203015,16.38045542427427,0.9999999230765836
349,HardCapAccumulator(cap=20.0),0.14411231573771371,16.524567740011985,0.9999999334004361
350,HardCapAccumulator(cap=20.0),0.8154623254071038,17.34003006541909,0.9999999705340388
351,HardCapAccumulator(cap=20.0),11.51291546492478,20.0,0.9999999979388463
352,HardCapAccumulator(cap=20.0),1.7930261189836796,20.0,0.9999999979388463
353,HardCapAccumulator(cap=20.0),0.2088293847507977,20.0,0.9999999979388463
354,HardCapAccumulator(cap=20.0),0.3817501053824967,20.0,0.9999999979388463
355,HardCapAccumulator(cap=20.0),-0.8509138555699464,19.149086144430054,0.9999999951732195
356,HardCapAccumulator(cap=20.0),0.3823760913274781,19.531462235757534,0.9999999967069848
357,HardCapAccumulator(cap=20.0),0.05362247830868851,19.585084714066223,0.9999999968789137
358,HardCapAccumulator(cap=20.0),0.8321794611007381,20.0,0.9999999979388463
359,HardCapAccumulator(cap=20.0),-0.6110017594143784,19.38899824058562,0.9999999962027861
360,HardCapAccumulator(cap=20.0),1.12981065402076,20.0,0.9999999979388463
361,HardCapAccumulator(cap=20.0),11.51291546492478,20.0,0.9999999979388463
362,HardCapAccumulator(cap=20.0),0.27113675546841715,20.0,0.9999999979388463
363,HardCapAccumulator(cap=20.0),0.9470102439414367,20.0,0.9999999979388463
364,HardCapAccumulator(cap=20.0),1.4309108528139438,20.0,0.9999999979388463
365,HardCapAccumulator(cap=20.0),-0.08150966429888504,19.918490335701115,0.9999999977638057
366,HardCapAccumulator(cap=20.0),0.695673095272585,20.0,0.9999999979388463
367,HardCapAccumulator(cap=20.0),0.4212307510281728,20.0,0.9999999979388463
368,HardCapAccumulator(cap=20.0),0.5292271097948046,20.0,0.9999999979388463
369,HardCapAccumulator(cap=20.0),-0.5403891321879268,19.459610867812074,0.9999999964616697
370,HardCapAccumulator(cap=20.0),0.4361994004421399,19.895810268254213,0.9999999977125091
371,HardCapAccumulator(cap=20.0),1.0954121142543882,20.0,0.9999999979388463
372,HardCapAccumulator(cap=20.0),11.51291546492478,20.0,0.9999999979388463
373,HardCapAccumulator(cap=20.0),2.0682752593029456,20.0,0.9999999979388463
374,HardCapAccumulator(cap=20.0),11.51291546492478,20.0,0.9999999979388463
375,HardCapAccumulator(cap=20.0),-0.5330932279584953,19.466906772041504,0.9999999964873909
376,HardCapAccumulator(cap=20.0),1.829449982172278,20.0,0.9999999979388463
377,HardCapAccumulator(cap=20.0),0.641102331940095,20.0,0.9999999979388463
378,HardCapAccumulator(cap=20.0),11.51291546492478,20.0,0.9999999979388463
379,HardCapAccumulator(cap=20.0),-0.5861856792284024,19.413814320771596,0.9999999962958586
380,HardCapAccumulator(cap=20.0),-0.6274743247563931,18.786339996015204,0.9999999930626084
381,HardCapAccumulator(cap=20.0),-0.3220254633915609,18.464314532623643,0.9999999904269553
382,HardCapAccumulator(cap=20.0),-11.512915464920228,6.951399067703415,0.9990436206410936
383,HardCapAccumulator(cap=20.0),-0.23194025622709902,6.719458811476316,0.9987942641985232
384,HardCapAccumulator(cap=20.0),-0.522532670706174,6.196926140770142,0.9979684571500649
385,HardCapAccumulator(cap=20.0),0.5976484997363057,6.794574640506448,0.9988814184260794
386,HardCapAccumulator(cap=20.0),0.8593593782796866,7.653934018786134,0.9995260496940067
387,HardCapAccumulator(cap=20.0),11.51291546492478,19.166849483710912,0.9999999952582022
388,HardCapAccumulator(cap=20.0),2.0419054568174033,20.0,0.9999999979388463
389,HardCapAccumulator(cap=20.0),-0.2943922904677547,19.705607709532245,0.999999997233292
390,HardCapAccumulator(cap=20.0),-0.7060347868908219,18.999572922641423,0.9999999943948101
391,HardCapAccumulator(cap=20.0),1.0857244419109864,20.0,0.9999999979388463
392,HardCapAccumulator(cap=20.0),-1.3619100905533494,18.638089909446652,0.9999999919539931
393,HardCapAccumulator(cap=20.0),11.51291546492478,20.0,0.9999999979388463
394,HardCapAccumulator(cap=20.0),3.028201460320616,20.0,0.9999999979388463
395,HardCapAccumulator(cap=20.0),-0.16337319536751183,19.836626804632488,0.9999999975730409
396,HardCapAccumulator(cap=20.0),-2.3627247572287864,17.4739020474037,0.9999999742260637
397,HardCapAccumulator(cap=20.0),11.51291546492478,20.0,0.9999999979388463
398,HardCapAccumulator(cap=20.0),0.2640761987550044,20.0,0.9999999979388463
399,HardCapAccumulator(cap=20.0),3.523349938035629,20.0,0.9999999979388463
400,HardCapAccumulator(cap=20.0),-1.9766939857197703,18.02330601428023,0.9999999851208663
401,HardCapAccumulator(cap=20.0),-0.32200376344895154,17.70130225083128,0.9999999794684329
402,HardCapAccumulator(cap=20.0),0.4120240553978474,18.113326306229126,0.9999999864017717
403,HardCapAccumulator(cap=20.0),0.46455494605608877,18.577881252285216,0.999999991454673
404,HardCapAccumulator(cap=20.0),-0.14030829416990848,18.437572958115307,0.9999999901675035
405,HardCapAccumulator(cap=20.0),1.3060711811869232,19.74364413930223,0.9999999973365514
406,HardCapAccumulator(cap=20.0),-0.9458813421379382,18.797762797164292,0.9999999931414021
407,HardCapAccumulator(cap=20.0),0.23015523597187576,19.027918033136167,0.9999999945514593
408,HardCapAccumulator(cap=20.0),0.5584278170998935,19.58634585023606,0.9999999968828472
409,HardCapAccumulator(cap=20.0),1.121849670985375,20.0,0.9999999979388463
410,HardCapAccumulator(cap=20.0),1.472812286408716,20.0,0.9999999979388463
411,HardCapAccumulator(cap=20.0),-1.0324604515558302,18.96753954844417,0.9999999942123503
412,HardCapAccumulator(cap=20.0),-1.817236939094458,17.150302609349712,0.9999999643780083
413,HardCapAccumulator(cap=20.0),4.075691086626745,20.0,0.9999999979388463
414,HardCapAccumulator(cap=20.0),0.8458421107323283,20.0,0.9999999979388463
415,HardCapAccumulator(cap=20.0),-0.5088888589484636,19.491111141051537,0.9999999965713908
416,HardCapAccumulator(cap=20.0),11.51291546492478,20.0,0.9999999979388463
417,HardCapAccumulator(cap=20.0),0.5524438218933246,20.0,0.9999999979388463
418,HardCapAccumulator(cap=20.0),3.0272281296631065,20.0,0.9999999979388463
419,HardCapAccumulator(cap=20.0),0.49063302036833073,20.0,0.9999999979388463
420,HardCapAccumulator(cap=20.0),11.51291546492478,20.0,0.9999999979388463
421,HardCapAccumulator(cap=20.0),11.51291546492478,20.0,0.9999999979388463
422,HardCapAccumulator(cap=20.0),0.10132963470894107,20.0,0.9999999979388463
423,HardCapAccumulator(cap=20.0),2.105858437641248,20.0,0.9999999979388463
424,HardCapAccumulator(cap=20.0),1.346841576352688,20.0,0.9999999979388463
425,HardCapAccumulator(cap=20.0),11.51291546492478,20.0,0.9999999979388463
426,HardCapAccumulator(cap=20.0),-0.7976755447685746,19.202324455231427,0.9999999954234686
427,HardCapAccumulator(cap=20.0),1.4230456738391812,20.0,0.9999999979388463
428,HardCapAccumulator(cap=20.0),2.4092156133876474,20.0,0.9999999979388463
429,HardCapAccumulator(cap=20.0),-2.5507196415879956,17.449280358412004,0.9999999735835887
430,HardCapAccumulator(cap=20.0),-1.125338195248417,16.323942163163586,0.9999999186042068
431,HardCapAccumulator(cap=20.0),-11.512915464920228,4.811026698243358,0.9919262179404099
432,HardCapAccumulator(cap=20.0),0.07674945073494271,4.887776148978301,0.992518231216621
433,HardCapAccumulator(cap=20.0),1.4845754222215233,6.372351571199824,0.9982947750674237
434,HardCapAccumulator(cap=20.0),11.51291546492478,17.885267036124603,0.9999999829184526
435,HardCapAccumulator(cap=20.0),0.4990175928955506,18.384284629020154,0.9999999896293345
436,HardCapAccumulator(cap=20.0),11.51291546492478,20.0,0.9999999979388463
437,HardCapAccumulator(cap=20.0),-1.4764147397256908,18.52358526027431,0.9999999909778688
438,HardCapAccumulator(cap=20.0),-2.326088238042289,16.19749702223202,0.9999999076330969
439,HardCapAccumulator(cap=20.0),0.33648193399093695,16.533978956222956,0.9999999340242788
440,HardCapAccumulator(cap=20.0),0.9208714417360684,17.454850397959024,0.9999999737303202
441,HardCapAccumulator(cap=20.0),0.3647573955462219,17.819607793505245,0.9999999817592514
442,HardCapAccumulator(cap=20.0),-11.512915464920228,6.306692328585017,0.9981792644727194
443,HardCapAccumulator(cap=20.0),0.29518074009461004,6.601873068679627,0.9986440188219198
444,HardCapAccumulator(cap=20.0),-1.3330267266909956,5.268846341988631,0.9948768340241476
445,HardCapAccumulator(cap=20.0),1.3919399507579904,6.6607862927466215,0.9987214972515339
446,HardCapAccumulator(cap=20.0),0.8952843591419798,7.556070651888601,0.9994773473382388
447,HardCapAccumulator(cap=20.0),-0.7628119910556324,6.793258660832969,0.9988799470762963
448,HardCapAccumulator(cap=20.0),-0.2174936148284095,6.575765046004559,0.9986082005697107
449,HardCapAccumulator(cap=20.0),-0.9333975030603229,5.642367542944236,0.9964680520848637
450,HardCapAccumulator(cap=20.0),0.3276861319240347,5.970053674868271,0.9974524025056757
451,HardCapAccumulator(cap=20.0),2.0559026983480275,8.025956373216298,0.9996732395378257
452,HardCapAccumulator(cap=20.0),-0.8269886237213545,7.198967749494943,0.999253201255322
453,HardCapAccumulator(cap=20.0),1.105097232757292,8.304064982252235,0.9997525525842854
454,HardCapAccumulator(cap=20.0),-0.23741811083274517,8.06664687141949,0.9996862646168043
455,HardCapAccumulator(cap=20.0),-0.5660959535985057,7.500550917820984,0.9994475256466052
456,HardCapAccumulator(cap=20.0),0.27325118760566414,7.773802105426649,0.9995795658238948
457,HardCapAccumulator(cap=20.0),-0.8981671058390928,6.875634999587556,0.9989684235455125
458,HardCapAccumulator(cap=20.0),-0.26593544410284475,6.609699555484711,0.9986545757466069
459,HardCapAccumulator(cap=20.0),-1.149192362676354,5.460507192808357,0.9957665989576738
460,HardCapAccumulator(cap=20.0),11.51291546492478,16.973422657733135,0.9999999574855873
461,HardCapAccumulator(cap=20.0),0.4497469425612878,17.423169600294422,0.9999999728847525
462,HardCapAccumulator(cap=20.0),-0.4469660874521824,16.97620351284224,0.9999999576036496
463,HardCapAccumulator(cap=20.0),0.6820405431491503,17.65824405599139,0.9999999785650715
464,HardCapAccumulator(cap=20.0),0.2667773761286556,17.925021432120044,0.9999999835841982
465,HardCapAccumulator(cap=20.0),0.1350413266097221,18.060062758729767,0.9999999856578456
466,HardCapAccumulator(cap=20.0),1.2906075762852232,19.35067033501499,0.9999999960544219
467,HardCapAccumulator(cap=20.0),1.56627766964074,20.0,0.9999999979388463
468,HardCapAccumulator(cap=20.0),-0.23771448862027877,19.762285511379723,0.9999999973857419
469,HardCapAccumulator(cap=20.0),-0.293061496424599,19.469224014955124,0.9999999964955211
470,HardCapAccumulator(cap=20.0),0.06996649175798449,19.53919050671311,0.9999999967323361
471,HardCapAccumulator(cap=20.0),-11.512915464920228,8.02627504179288,0.9996733436155187
472,HardCapAccumulator(cap=20.0),-1.7708015125828205,6.25547352921006,0.998083762412185
473,HardCapAccumulator(cap=20.0),11.51291546492478,17.76838899413484,0.9999999808006422
474,HardCapAccumulator(cap=20.0),11.51291546492478,20.0,0.9999999979388463
475,HardCapAccumulator(cap=20.0),0.10124314396922501,20.0,0.9999999979388463
476,HardCapAccumulator(cap=20.0),1.225141482176049,20.0,0.9999999979388463
477,HardCapAccumulator(cap=20.0),0.8159456938669732,20.0,0.9999999979388463
478,HardCapAccumulator(cap=20.0),11.51291546492478,20.0,0.9999999979388463
479,HardCapAccumulator(cap=20.0),2.6806055174494583,20.0,0.9999999979388463
480,HardCapAccumulator(cap=20.0),0.24775853203496975,20.0,0.9999999979388463
481,HardCapAccumulator(cap=20.0),-0.7845603112157651,19.215439688784237,0.9999999954830989
482,HardCapAccumulator(cap=20.0),-2.0108724350941976,17.20456725369004,0.9999999662595116
483,HardCapAccumulator(cap=20.0),0.6679281881686577,17.8724954418587,0.9999999826988949
484,HardCapAccumulator(cap=20.0),-0.5189628910186814,17.35353255084002,0.9999999709292284
485,HardCapAccumulator(cap=20.0),-1.5622509532540187,15.791281597586,0.9999998613456561
486,HardCapAccumulator(cap=20.0),-0.3804094988216972,15.410872098764303,0.9999997971648592
487,HardCapAccumulator(cap=20.0),-0.9667157888038322,14.444156309960471,0.9999994666867333
488,HardCapAccumulator(cap=20.0),11.51291546492478,20.0,0.9999999979388463
489,HardCapAccumulator(cap=20.0),1.8531107495772923,20.0,0.9999999979388463
490,HardCapAccumulator(cap=20.0),0.3955091460583248,20.0,0.9999999979388463
491,HardCapAccumulator(cap=20.0),11.51291546492478,20.0,0.9999999979388463
492,HardCapAccumulator(cap=20.0),0.5031976340509281,20.0,0.9999999979388463
493,HardCapAccumulator(cap=20.0),-0.6561066524112407,19.34389334758876,0.9999999960275918
494,HardCapAccumulator(cap=20.0),11.51291546492478,20.0,0.9999999979388463
495,HardCapAccumulator(cap=20.0),1.1618737216730617,20.0,0.9999999979388463
496,HardCapAccumulator(cap=20.0),-0.9010919466481824,19.098908053351817,0.9999999949248413
497,HardCapAccumulator(cap=20.0),0.17201649430965493,19.270924547661473,0.9999999957268926
498,HardCapAccumulator(cap=20.0),-0.6752846817889976,18.595639865872474,0.9999999916050867
499,HardCapAccumulator(cap=20.0),-1.4817709238383419,17.11386894203413,0.9999999630562362
500,HardCapAccumulator(cap=20.0),1.9722563807010636,19.086125322735196,0.9999999948595506
501,HardCapAccumulator(cap=20.0),11.51291546492478,20.0,0.9999999979388463
502,HardCapAccumulator(cap=20.0),-1.5134387619313907,18.48656123806861,0.9999999906375726
503,HardCapAccumulator(cap=20.0),1.2020584675692427,19.68861970563785,0.9999999971858897
504,HardCapAccumulator(cap=20.0),-0.38547436083899084,19.30314534479886,0.9999999958623811
505,HardCapAccumulator(cap=20.0),-0.18507695128215243,19.118068393516708,0.9999999950211576
506,HardCapAccumulator(cap=20.0),-0.31341324968067424,18.804655143836033,0.9999999931885113
507,HardCapAccumulator(cap=20.0),-0.6597188576906051,18.144936286145427,0.9999999868248888
508,HardCapAccumulator(cap=20.0),0.4665062010527492,18.611442487198175,0.9999999917367056
509,HardCapAccumulator(cap=20.0),-0.6158979829793466,17.995544504218827,0.999999984702012
510,HardCapAccumulator(cap=20.0),0.75900213698713,18.75454664120596,0.9999999928385019
511,HardCapAccumulator(cap=20.0),0.3430390996352045,19.097585740841165,0.999999994918126
512,HardCapAccumulator(cap=20.0),0.11338365811494065,19.210969398956106,0.999999995462862
513,HardCapAccumulator(cap=20.0),-0.7184658556761984,18.49250354327991,0.999999990693042
514,HardCapAccumulator(cap=20.0),-0.29423003689996885,18.19827350637994,0.9999999875092006
515,HardCapAccumulator(cap=20.0),1.5618410136149945,19.760114519994936,0.9999999973800602
516,HardCapAccumulator(cap=20.0),1.1000803277175737,20.0,0.9999999979388463
517,HardCapAccumulator(cap=20.0),-0.8154355380943611,19.184564461905637,0.9999999953414633
518,HardCapAccumulator(cap=20.0),0.531357585908668,19.715922047814306,0.9999999972616822
519,HardCapAccumulator(cap=20.0),1.5534824512745398,20.0,0.9999999979388463
520,HardCapAccumulator(cap=20.0),-2.2063868118158614,17.79361318818414,0.9999999812788737
521,HardCapAccumulator(cap=20.0),1.169242450033484,18.962855638217622,0.9999999941851778
522,HardCapAccumulator(cap=20.0),-0.4004140153502081,18.562441622867414,0.9999999913217127
523,HardCapAccumulator(cap=20.0),1.2149838775693018,19.777425500436717,0.9999999974250238
524,HardCapAccumulator(cap=20.0),-0.5278338355959186,19.2495916648408,0.9999999956347556
525,HardCapAccumulator(cap=20.0),-2.7778055963817194,16.47178606845908,0.999999929790776
526,HardCapAccumulator(cap=20.0),-2.0731172680855336,14.398668800373548,0.9999994418674503
527,HardCapAccumulator(cap=20.0),0.46595318749038656,14.864621987863934,0.9999996497512912
528,HardCapAccumulator(cap=20.0),0.7442144426547455,15.60883643051868,0.9999998335942238
529,HardCapAccumulator(cap=20.0),-0.7140479341819228,14.894788496336758,0.9999996601592924
530,HardCapAccumulator(cap=20.0),1.3344619607299728,16.22925045706673,0.9999999105199862
531,HardCapAccumulator(cap=20.0),-2.1801857371906883,14.049064719876041,0.999999208285913
532,HardCapAccumulator(cap=20.0),0.3234961779518242,14.372560897827865,0.9999994271039043
533,HardCapAccumulator(cap=20.0),-1.1708845214902295,13.201676376337636,0.9999981525019208
534,HardCapAccumulator(cap=20.0),-0.3869606844208848,12.814715691916751,0.9999972795640435
535,HardCapAccumulator(cap=20.0),0.4650842291580231,13.279799921074774,0.9999982913408704
536,HardCapAccumulator(cap=20.0),-0.6549453078026597,12.624854613272115,0.9999967107727609
537,HardCapAccumulator(cap=20.0),-0.06148601656744394,12.56336859670467,0.9999965021850853
538,HardCapAccumulator(cap=20.0),2.2183788836359826,14.781747480340652,0.9999996194879004
539,HardCapAccumulator(cap=20.0),-0.2943778384561596,14.487369641884492,0.9999994892421085
540,HardCapAccumulator(cap=20.0),1.7401619394434715,16.227531581327963,0.9999999103660488
541,HardCapAccumulator(cap=20.0),-1.0403216111071365,15.187209970220826,0.9999997463245707
542,HardCapAccumulator(cap=20.0),1.1468837086498818,16.33409367887071,0.9999999194263174
543,HardCapAccumulator(cap=20.0),11.51291546492478,20.0,0.9999999979388463
544,HardCapAccumulator(cap=20.0),-11.512915464920228,8.487084535079772,0.9997939291728483
545,HardCapAccumulator(cap=20.0),-0.5713237900137613,7.91576074506601,0.9996351869854828
546,HardCapAccumulator(cap=20.0),1.2260223717888028,9.141783116854814,0.9998929152742414
547,HardCapAccumulator(cap=20.0),0.15666518449186426,9.298448301346678,0.9999084421791459
548,HardCapAccumulator(cap=20.0),0.9019193116516826,10.20036761299836,0.9999628447236628
549,HardCapAccumulator(cap=20.0),-0.327683195267959,9.872684417730401,0.9999484385357078
550,HardCapAccumulator(cap=20.0),0.5149960640416325,10.387680481772033,0.9999691912337819
551,HardCapAccumulator(cap=20.0),0.21400029330973463,10.601680775081768,0.9999751264520113
552,HardCapAccumulator(cap=20.0),2.9515060114289264,13.553186786510693,0.9999987000543297
553,HardCapAccumulator(cap=20.0),0.7369395275849417,14.290126314095636,0.9999993778763292
554,HardCapAccumulator(cap=20.0),0.8534043691690533,15.14353068326469,0.9999997349986584
555,HardCapAccumulator(cap=20.0),-0.09432222676384677,15.049208456500843,0.9999997087863794
556,HardCapAccumulator(cap=20.0),-0.185658930550547,14.863549525950296,0.9999996493754614
557,HardCapAccumulator(cap=20.0),-0.11921080257449468,14.744338723375801,0.999999604983823
558,HardCapAccumulator(cap=20.0),0.9362207891062896,15.680559512482091,0.9999998451113967
559,HardCapAccumulator(cap=20.0),-0.10527850775514554,15.575281004726946,0.9999998279156678
560,HardCapAccumulator(cap=20.0),0.7858170122508301,16.361098016977778,0.9999999215730403
561,HardCapAccumulator(cap=20.0),11.51291546492478,20.0,0.9999999979388463
562,HardCapAccumulator(cap=20.0),1.8264427456925825,20.0,0.9999999979388463
563,HardCapAccumulator(cap=20.0),0.008771817643626322,20.0,0.9999999979388463
564,HardCapAccumulator(cap=20.0),3.1875792238024636,20.0,0.9999999979388463
565,HardCapAccumulator(cap=20.0),-0.08975064559081813,19.91024935440918,0.9999999977453009
566,HardCapAccumulator(cap=20.0),-11.512915464920228,8.397333889488953,0.9997745831789789
567,HardCapAccumulator(cap=20.0),-0.8588766134433339,7.538457276045619,0.9994680650510572
568,HardCapAccumulator(cap=20.0),-3.210770280391816,4.327686995653803,0.9869738799103809
569,HardCapAccumulator(cap=20.0),-0.02181704618788996,4.3058699494659125,0.9866903897095957
570,HardCapAccumulator(cap=20.0),0.42854223424109567,4.734412183707009,0.9912889366361908
571,HardCapAccumulator(cap=20.0),11.51291546492478,16.24732764863179,0.9999999121230008
572,HardCapAccumulator(cap=20.0),0.8381631449729576,17.085490793604745,0.9999999619928231
573,HardCapAccumulator(cap=20.0),0.13729462452281907,17.222785418127565,0.9999999668686361
574,HardCapAccumulator(cap=20.0),1.7253890177038511,18.948174435831415,0.9999999940991795
575,HardCapAccumulator(cap=20.0),-11.512915464920228,7.435258970911187,0.9994102718400153
576,HardCapAccumulator(cap=20.0),0.7112819746249044,8.146540945536092,0.999710348082218
577,HardCapAccumulator(cap=20.0),1.594580403285387,9.74112134882148,0.9999411889127193
578,HardCapAccumulator(cap=20.0),-1.685078772790814,8.056042576030666,0.9996829210321835
579,HardCapAccumulator(cap=20.0),2.808365565392932,10.8644081414236,0.9999808733377744
580,HardCapAccumulator(cap=20.0),0.8546846108238545,11.719092752247454,0.9999918630967721
581,HardCapAccumulator(cap=20.0),-0.09842487700800846,11.620667875239445,0.9999910214921556
582,HardCapAccumulator(cap=20.0),1.32392847471359,12.944596349953034,0.9999976109117233
583,HardCapAccumulator(cap=20.0),11.51291546492478,20.0,0.9999999979388463
584,HardCapAccumulator(cap=20.0),0.6391437413008315,20.0,0.9999999979388463
585,HardCapAccumulator(cap=20.0),0.7284551568860554,20.0,0.9999999979388463
586,HardCapAccumulator(cap=20.0),-0.1515223156323381,19.848477684367662,0.9999999976016329
587,HardCapAccumulator(cap=20.0),-0.6408842131583248,19.207593471209336,0.9999999954475189
588,HardCapAccumulator(cap=20.0),1.7275654134006806,20.0,0.9999999979388463
589,HardCapAccumulator(cap=20.0),-0.6491777551982132,19.350822244801787,0.9999999960550212
590,HardCapAccumulator(cap=20.0),0.4957917618381312,19.846614006639918,0.999999997597159
591,HardCapAccumulator(cap=20.0),-0.17362378588882654,19.672990220751092,0.9999999971415612
592,HardCapAccumulator(cap=20.0),1.0652573424930096,20.0,0.9999999979388463
593,HardCapAccumulator(cap=20.0),0.8477675787382087,20.0,0.9999999979388463
594,HardCapAccumulator(cap=20.0),2.3291420372138543,20.0,0.9999999979388463
595,HardCapAccumulator(cap=20.0),-0.21281930917710767,19.787180690822893,0.9999999974500209
596,HardCapAccumulator(cap=20.0),0.07618690816305583,19.86336759898595,0.9999999976370797
597,HardCapAccumulator(cap=20.0),-0.8171409894749482,19.046226609511002,0.9999999946503066
598,HardCapAccumulator(cap=20.0),-0.13334916257269305,18.91287744693831,0.9999999938871789
599,HardCapAccumulator(cap=20.0),0.9109286120736034,19.823806059011915,0.9999999975417253
600,HardCapAccumulator(cap=20.0),1.5651883339650492,20.0,0.9999999979388463
601,HardCapAccumulator(cap=20.0),-0.7384169838794803,19.261583016120518,0.9999999956867882
602,HardCapAccumulator(cap=20.0),1.8226330811528804,20.0,0.9999999979388463
603,HardCapAccumulator(cap=20.0),11.51291546492478,20.0,0.9999999979388463
604,HardCapAccumulator(cap=20.0),0.9645430209035842,20.0,0.9999999979388463
605,HardCapAccumulator(cap=20.0),11.51291546492478,20.0,0.9999999979388463
606,HardCapAccumulator(cap=20.0),-0.5413945233235345,19.458605476676464,0.9999999964581103
607,HardCapAccumulator(cap=20.0),-1.2275895516262993,18.231015925050166,0.9999999879115565
608,HardCapAccumulator(cap=20.0),-2.6436103600154865,15.587405565034679,0.9999998299895165
609,HardCapAccumulator(cap=20.0),11.51291546492478,20.0,0.9999999979388463
610,HardCapAccumulator(cap=20.0),1.3633874584027708,20.0,0.9999999979388463
611,HardCapAccumulator(cap=20.0),0.3364363000622102,20.0,0.9999999979388463
612,HardCapAccumulator(cap=20.0),0.7721721588590766,20.0,0.9999999979388463
613,HardCapAccumulator(cap=20.0),-1.0337729883389395,18.96622701166106,0.9999999942047488
614,HardCapAccumulator(cap=20.0),11.51291546492478,20.0,0.9999999979388463
615,HardCapAccumulator(cap=20.0),0.5700137790756902,20.0,0.9999999979388463
616,HardCapAccumulator(cap=20.0),0.5443271097714736,20.0,0.9999999979388463
617,HardCapAccumulator(cap=20.0),1.501043018447587,20.0,0.9999999979388463
618,HardCapAccumulator(cap=20.0),1.0684538492287428,20.0,0.9999999979388463
619,HardCapAccumulator(cap=20.0),0.6953914534242926,20.0,0.9999999979388463
620,HardCapAccumulator(cap=20.0),-0.5629824335850838,19.437017566414916,0.999999996380817
621,HardCapAccumulator(cap=20.0),1.0534691113120558,20.0,0.9999999979388463
622,HardCapAccumulator(cap=20.0),11.51291546492478,20.0,0.9999999979388463
623,HardCapAccumulator(cap=20.0),11.51291546492478,20.0,0.9999999979388463
624,HardCapAccumulator(cap=20.0),11.51291546492478,20.0,0.9999999979388463
625,HardCapAccumulator(cap=20.0),-0.21427491174483135,19.78572508825517,0.9999999974463065
626,HardCapAccumulator(cap=20.0),-0.8324913085274098,18.95323377972776,0.9999999941289583
627,HardCapAccumulator(cap=20.0),0.2503551926452489,19.20358897237301,0.999999995429252
628,HardCapAccumulator(cap=20.0),0.475638631919523,19.67922760429253,0.9999999971593347
629,HardCapAccumulator(cap=20.0),2.560225185591988,20.0,0.9999999979388463
630,HardCapAccumulator(cap=20.0),-2.2863400191667043,17.713659980833295,0.9999999797205952
631,HardCapAccumulator(cap=20.0),11.51291546492478,20.0,0.9999999979388463
632,HardCapAccumulator(cap=20.0),0.21117177907277676,20.0,0.9999999979388463
633,HardCapAccumulator(cap=20.0),-0.11237539330484121,19.88762460669516,0.9999999976937075
634,HardCapAccumulator(cap=20.0),-0.8646502703875482,19.02297433630761,0.9999999945244566
635,HardCapAccumulator(cap=20.0),-2.1584633590292652,16.864510977278343,0.9999999525937151
636,HardCapAccumulator(cap=20.0),1.7108860616849213,18.575397038963263,0.9999999914334182
637,HardCapAccumulator(cap=20.0),0.4980262904894509,19.073423329452716,0.9999999947938403
638,HardCapAccumulator(cap=20.0),-1.3068661085258864,17.766557220926828,0.9999999807654413
639,HardCapAccumulator(cap=20.0),-1.3160491174814746,16.450508103445355,0.9999999282808596
640,HardCapAccumulator(cap=20.0),-0.002941641269382742,16.44756646217597,0.9999999280695772
641,HardCapAccumulator(cap=20.0),11.51291546492478,20.0,0.9999999979388463
642,HardCapAccumulator(cap=20.0),0.08854819028976599,20.0,0.9999999979388463
643,HardCapAccumulator(cap=20.0),-1.7420154638934189,18.25798453610658,0.9999999882332083
644,HardCapAccumulator(cap=20.0),0.10520525139738042,18.36318978750396,0.9999999894082431
645,HardCapAccumulator(cap=20.0),0.0727638037418933,18.435953591245852,0.9999999901515683
646,HardCapAccumulator(cap=20.0),-11.512915464920228,6.923038126325624,0.999016135599756
647,HardCapAccumulator(cap=20.0),0.3380284892053391,7.261066615530963,0.9992981344717465
648,HardCapAccumulator(cap=20.0),0.12303352827704434,7.384100143808007,0.9993793361955365
649,HardCapAccumulator(cap=20.0),1.4426320555676166,8.826732199375623,0.9998532645049896
650,HardCapAccumulator(cap=20.0),11.51291546492478,20.0,0.9999999979388463
651,HardCapAccumulator(cap=20.0),2.7160913852710062,20.0,0.9999999979388463
652,HardCapAccumulator(cap=20.0),0.07737214694304086,20.0,0.9999999979388463
653,HardCapAccumulator(cap=20.0),-1.0045782916829,18.9954217083171,0.9999999943714935
654,HardCapAccumulator(cap=20.0),11.51291546492478,20.0,0.9999999979388463
655,HardCapAccumulator(cap=20.0),0.4800747689152146,20.0,0.9999999979388463
656,HardCapAccumulator(cap=20.0),0.42290753451817187,20.0,0.9999999979388463
657,HardCapAccumulator(cap=20.0),0.3753971512794333,20.0,0.9999999979388463
658,HardCapAccumulator(cap=20.0),0.6607347842961145,20.0,0.9999999979388463
659,HardCapAccumulator(cap=20.0),0.2277468358851164,20.0,0.9999999979388463
660,HardCapAccumulator(cap=20.0),-0.29041856736856714,19.70958143263143,0.9999999972442644
661,HardCapAccumulator(cap=20.0),-0.25764658439975924,19.451934848231673,0.9999999964344048
662,HardCapAccumulator(cap=20.0),0.3646848075867448,19.816619655818418,0.9999999975239955
663,HardCapAccumulator(cap=20.0),-0.25345792928986977,19.56316172652855,0.9999999968097346
664,HardCapAccumulator(cap=20.0),-0.46354045976481856,19.09962126676373,0.9999999949284597
665,HardCapAccumulator(cap=20.0),0.540501485398218,19.640122752161947,0.9999999970460505
666,HardCapAccumulator(cap=20.0),0.0940967068547146,19.73421945901666,0.9999999973113307
667,HardCapAccumulator(cap=20.0),11.51291546492478,20.0,0.9999999979388463
668,HardCapAccumulator(cap=20.0),-11.512915464920228,8.487084535079772,0.9997939291728483
669,HardCapAccumulator(cap=20.0),2.548193455358584,11.035277990438356,0.9999838774897948
670,HardCapAccumulator(cap=20.0),3.6164487407261294,14.651726731164485,0.999999566653052
671,HardCapAccumulator(cap=20.0),-11.512915464920228,3.1388112662442573,0.9584655838116106
672,HardCapAccumulator(cap=20.0),-0.011225230765287189,3.12758603547897,0.9580164082249453
673,HardCapAccumulator(cap=20.0),-0.04573701053321999,3.08184902494575,0.9561377950241432
674,HardCapAccumulator(cap=20.0),-1.5316904213393692,1.5501586036063808,0.8249366379435815
675,HardCapAccumulator(cap=20.0),-0.5465939729706997,1.0035646306356811,0.7317588500385888
676,HardCapAccumulator(cap=20.0),-1.0107799227740883,-0.007215292138407214,0.49819618479100936
677,HardCapAccumulator(cap=20.0),11.51291546492478,11.505700172786373,0.9999899275868785
678,HardCapAccumulator(cap=20.0),1.9991091998374086,13.504809372623782,0.9999986356203984
679,HardCapAccumulator(cap=20.0),3.969469543047771,17.474278915671555,0.9999999742357752
680,HardCapAccumulator(cap=20.0),1.4928230521162231,18.967101967787777,0.9999999942098172
681,HardCapAccumulator(cap=20.0),-1.0393031776469959,17.92779879014078,0.9999999836297275
682,HardCapAccumulator(cap=20.0),-0.2304386625645414,17.69736012757624,0.9999999793873351
683,HardCapAccumulator(cap=20.0),1.0816831324914526,18.77904326006769,0.9999999930118031
684,HardCapAccumulator(cap=20.0),-1.1894257406442448,17.589617519423445,0.9999999770424172
685,HardCapAccumulator(cap=20.0),1.4755502354367238,19.06516775486017,0.9999999947506824
686,HardCapAccumulator(cap=20.0),0.11172559623145137,19.17689335109162,0.9999999953055898
687,HardCapAccumulator(cap=20.0),-0.04979525573366193,19.127098095357958,0.9999999950659126
688,HardCapAccumulator(cap=20.0),1.4715179048238987,20.0,0.9999999979388463
689,HardCapAccumulator(cap=20.0),1.0113230552673445,20.0,0.9999999979388463
690,HardCapAccumulator(cap=20.0),-0.033162437840443086,19.966837562159558,0.9999999978693475
691,HardCapAccumulator(cap=20.0),2.8990396103568568,20.0,0.9999999979388463
692,HardCapAccumulator(cap=20.0),-0.9659874943004236,19.034012505699575,0.9999999945845643
693,HardCapAccumulator(cap=20.0),1.2937467013359323,20.0,0.9999999979388463
694,HardCapAccumulator(cap=20.0),1.253646082895414,20.0,0.9999999979388463
695,HardCapAccumulator(cap=20.0),0.028546211157986313,20.0,0.9999999979388463
696,HardCapAccumulator(cap=20.0),0.837032729115948,20.0,0.9999999979388463
697,HardCapAccumulator(cap=20.0),-1.2386794679698372,18.76132053203016,0.999999992886849
698,HardCapAccumulator(cap=20.0),1.9662532512958948,20.0,0.9999999979388463
699,HardCapAccumulator(cap=20.0),0.17859060020483422,20.0,0.9999999979388463
700,HardCapAccumulator(cap=20.0),-0.22825348257895742,19.771746517421043,0.9999999974103588
701,HardCapAccumulator(cap=20.0),2.372457161800694,20.0,0.9999999979388463
702,HardCapAccumulator(cap=20.0),-0.4527930758026674,19.547206924197333,0.9999999967584263
703,HardCapAccumulator(cap=20.0),-1.5336408450155332,18.0135660791818,0.9999999849752363
704,HardCapAccumulator(cap=20.0),-1.8745923076460451,16.138973771535756,0.9999999020661776
705,HardCapAccumulator(cap=20.0),1.276204380634694,17.41517815217045,0.9999999726671943
706,HardCapAccumulator(cap=20.0),-1.2898913930013933,16.125286759169057,0.9999999007165413
707,HardCapAccumulator(cap=20.0),11.51291546492478,20.0,0.9999999979388463
708,HardCapAccumulator(cap=20.0),-11.512915464920228,8.487084535079772,0.9997939291728483
709,HardCapAccumulator(cap=20.0),11.51291546492478,20.0,0.9999999979388463
710,HardCapAccumulator(cap=20.0),0.6780585138843507,20.0,0.9999999979388463
711,HardCapAccumulator(cap=20.0),0.2858754097607697,20.0,0.9999999979388463
712,HardCapAccumulator(cap=20.0),-0.2552802712576009,19.7447197287424,0.9999999973394147
713,HardCapAccumulator(cap=20.0),0.9431764280194278,20.0,0.9999999979388463
714,HardCapAccumulator(cap=20.0),0.3586334443775176,20.0,0.9999999979388463
715,HardCapAccumulator(cap=20.0),2.602005902432919,20.0,0.9999999979388463
716,HardCapAccumulator(cap=20.0),0.5505720232823224,20.0,0.9999999979388463
717,HardCapAccumulator(cap=20.0),0.5975279138465398,20.0,0.9999999979388463
718,HardCapAccumulator(cap=20.0),-0.03633865288760666,19.963661347112392,0.9999999978625693
719,HardCapAccumulator(cap=20.0),0.3347567402008647,20.0,0.9999999979388463
720,HardCapAccumulator(cap=20.0),0.81108437864321,20.0,0.9999999979388463
721,HardCapAccumulator(cap=20.0),-2.3514639250442495,17.64853607495575,0.9999999783559683
722,HardCapAccumulator(cap=20.0),-1.414378481034369,16.23415759392138,0.9999999109580012
723,HardCapAccumulator(cap=20.0),1.5366638807896285,17.77082147471101,0.9999999808472876
724,HardCapAccumulator(cap=20.0),0.6245806663884453,18.395402141099456,0.9999999897439918
725,HardCapAccumulator(cap=20.0),0.17970203025150788,18.575104171350965,0.9999999914309091
726,HardCapAccumulator(cap=20.0),0.42856176906100485,19.00366594041197,0.9999999944177054
727,HardCapAccumulator(cap=20.0),0.867736591480626,19.871402531892596,0.9999999976559897
728,HardCapAccumulator(cap=20.0),-0.24899005777338654,19.62241247411921,0.9999999969932691
729,HardCapAccumulator(cap=20.0),-0.5472245139236543,19.075187960195553,0.9999999948030189
730,HardCapAccumulator(cap=20.0),0.6577446633350376,19.73293262353059,0.9999999973078686
731,HardCapAccumulator(cap=20.0),-0.8165891558937073,18.916343467636885,0.9999999939083293
732,HardCapAccumulator(cap=20.0),0.9567759212601784,19.873119388897063,0.9999999976600105
733,HardCapAccumulator(cap=20.0),-2.323135616131754,17.54998377276531,0.9999999761142501
734,HardCapAccumulator(cap=20.0),2.2984271351407806,19.84841090790609,0.9999999976014726
735,HardCapAccumulator(cap=20.0),1.0552368253773206,20.0,0.9999999979388463
736,HardCapAccumulator(cap=20.0),0.7391452619628275,20.0,0.9999999979388463
737,HardCapAccumulator(cap=20.0),2.140814430400949,20.0,0.9999999979388463
738,HardCapAccumulator(cap=20.0),11.51291546492478,20.0,0.9999999979388463
739,HardCapAccumulator(cap=20.0),2.246070203864946,20.0,0.9999999979388463
740,HardCapAccumulator(cap=20.0),-2.9931184067823158,17.006881593217685,0.9999999588845402
741,HardCapAccumulator(cap=20.0),-1.288381350926767,15.718500242290919,0.9999998508778982
742,HardCapAccumulator(cap=20.0),-0.3534154599851704,15.365084782305749,0.999999787661682
743,HardCapAccumulator(cap=20.0),0.43818855476032337,15.803273337066072,0.9999998629984331
744,HardCapAccumulator(cap=20.0),1.1270696397232294,16.9303429767893,0.9999999556140573
745,HardCapAccumulator(cap=20.0),-0.4798952697720088,16.450447707017293,0.999999928276528
746,HardCapAccumulator(cap=20.0),0.6456522053731685,17.09609991239046,0.9999999623939145
747,HardCapAccumulator(cap=20.0),-0.5177217438998803,16.57837816849058,0.9999999368894719
748,HardCapAccumulator(cap=20.0),-0.3369742316094227,16.24140393688116,0.999999911600898
749,HardCapAccumulator(cap=20.0),-1.5299454246911786,14.711458512189981,0.9999995917797259
750,HardCapAccumulator(cap=20.0),-0.7398816409608406,13.971576871229141,0.9999991444982745
751,HardCapAccumulator(cap=20.0),-1.4210653904231783,12.550511480805962,0.9999964569230869
752,HardCapAccumulator(cap=20.0),-0.8130637010581145,11.737447779747848,0.9999920110863306
753,HardCapAccumulator(cap=20.0),2.3904028476372523,14.1278506273851,0.9999992682678894
754,HardCapAccumulator(cap=20.0),-0.7760105813932738,13.351840045991826,0.9999984101034962
755,HardCapAccumulator(cap=20.0),11.51291546492478,20.0,0.9999999979388463
756,HardCapAccumulator(cap=20.0),1.0879493291591917,20.0,0.9999999979388463
757,HardCapAccumulator(cap=20.0),0.6430865115638363,20.0,0.9999999979388463
758,HardCapAccumulator(cap=20.0),-0.6522056742694171,19.347794325730582,0.9999999960430579
759,HardCapAccumulator(cap=20.0),1.4506143420873627,20.0,0.9999999979388463
760,HardCapAccumulator(cap=20.0),-0.2928403208595816,19.707159679140418,0.9999999972375826
761,HardCapAccumulator(cap=20.0),0.5606500864433153,20.0,0.9999999979388463
762,HardCapAccumulator(cap=20.0),11.51291546492478,20.0,0.9999999979388463
763,HardCapAccumulator(cap=20.0),0.2866754342559728,20.0,0.9999999979388463
764,HardCapAccumulator(cap=20.0),2.8396651854378834,20.0,0.9999999979388463
765,HardCapAccumulator(cap=20.0),-0.4513195693328789,19.548680430667122,0.9999999967631994
766,HardCapAccumulator(cap=20.0),0.3619130596864885,19.910593490353612,0.9999999977460767
767,HardCapAccumulator(cap=20.0),11.51291546492478,20.0,0.9999999979388463
768,HardCapAccumulator(cap=20.0),-0.35607560290600043,19.643924397094,0.9999999970572591
769,HardCapAccumulator(cap=20.0),11.51291546492478,20.0,0.9999999979388463
770,HardCapAccumulator(cap=20.0),1.4651925715602179,20.0,0.9999999979388463
771,HardCapAccumulator(cap=20.0),-0.27671236480871503,19.723287635191284,0.9999999972817775
772,HardCapAccumulator(cap=20.0),1.3232524573574256,20.0,0.9999999979388463
773,HardCapAccumulator(cap=20.0),2.1089116860221444,20.0,0.9999999979388463
774,HardCapAccumulator(cap=20.0),1.3042119188600085,20.0,0.9999999979388463
775,HardCapAccumulator(cap=20.0),-1.9104297111483721,18.08957028885163,0.9999999860748643
776,HardCapAccumulator(cap=20.0),-0.48166580337089454,17.607904485480734,0.9999999774584262
777,HardCapAccumulator(cap=20.0),0.10306878364972809,17.710973269130463,0.9999999796660368
778,HardCapAccumulator(cap=20.0),0.3132156546475371,18.024188923778,0.9999999851339973
779,HardCapAccumulator(cap=20.0),1.3021799072636606,19.32636883104166,0.9999999959573638
780,HardCapAccumulator(cap=20.0),0.633622065501248,19.95999089654291,0.9999999978547096
781,HardCapAccumulator(cap=20.0),-1.390069308406143,18.569921588136765,0.9999999913863838
782,HardCapAccumulator(cap=20.0),0.9151818362981639,19.48510342443493,0.9999999965507307
783,HardCapAccumulator(cap=20.0),1.2842698549121045,20.0,0.9999999979388463
784,HardCapAccumulator(cap=20.0),1.1966995660574686,20.0,0.9999999979388463
785,HardCapAccumulator(cap=20.0),2.5013187515168096,20.0,0.9999999979388463
786,HardCapAccumulator(cap=20.0),1.7359871894461025,20.0,0.9999999979388463
787,HardCapAccumulator(cap=20.0),1.0343275640126035,20.0,0.9999999979388463
788,HardCapAccumulator(cap=20.0),0.318465702141536,20.0,0.9999999979388463
789,HardCapAccumulator(cap=20.0),-2.1783485045640893,17.821651495435912,0.9999999817964921
790,HardCapAccumulator(cap=20.0),0.9889752409562911,18.8106267363922,0.9999999932290655
791,HardCapAccumulator(cap=20.0),0.6735888936380143,19.484215630030217,0.9999999965476671
792,HardCapAccumulator(cap=20.0),0.7605523878721483,20.0,0.9999999979388463
793,HardCapAccumulator(cap=20.0),-1.2833799696486172,18.716620030351383,0.999999992561674
794,HardCapAccumulator(cap=20.0),-0.965977297271335,17.75064273308005,0.9999999804568843
795,HardCapAccumulator(cap=20.0),2.3884960911301873,20.0,0.9999999979388463
796,HardCapAccumulator(cap=20.0),0.35625450468222514,20.0,0.9999999979388463
797,HardCapAccumulator(cap=20.0),1.4143440428275618,20.0,0.9999999979388463
798,HardCapAccumulator(cap=20.0),0.4409925614425469,20.0,0.9999999979388463
799,HardCapAccumulator(cap=20.0),0.4428034844370991,20.0,0.9999999979388463
800,HardCapAccumulator(cap=20.0),2.0065698076708043,20.0,0.9999999979388463
801,HardCapAccumulator(cap=20.0),-0.22013839563975837,19.779861604360242,0.999999997431289
802,HardCapAccumulator(cap=20.0),0.5272274765676986,20.0,0.9999999979388463
803,HardCapAccumulator(cap=20.0),-0.15504016596616121,19.84495983403384,0.9999999975931808
804,HardCapAccumulator(cap=20.0),-0.12154488568869005,19.72341494834515,0.9999999972821234
805,HardCapAccumulator(cap=20.0),0.02899548313399769,19.75241043147915,0.9999999973597982
806,HardCapAccumulator(cap=20.0),0.6930277746416584,20.0,0.9999999979388463
807,HardCapAccumulator(cap=20.0),-0.17494316425050147,19.8250568357495,0.9999999975447982
808,HardCapAccumulator(cap=20.0),3.736906154697909,20.0,0.9999999979388463
809,HardCapAccumulator(cap=20.0),-0.7008770225420637,19.299122977457937,0.9999999958457044
810,HardCapAccumulator(cap=20.0),0.17620854736958963,19.475331524827528,0.9999999965168596
811,HardCapAccumulator(cap=20.0),-0.12785113937140766,19.34748038545612,0.9999999960418156
812,HardCapAccumulator(cap=20.0),11.51291546492478,20.0,0.9999999979388463
813,HardCapAccumulator(cap=20.0),0.6586916873420372,20.0,0.9999999979388463
814,HardCapAccumulator(cap=20.0),2.30819362465354,20.0,0.9999999979388463
815,HardCapAccumulator(cap=20.0),-1.701021578990261,18.29897842100974,0.9999999887058216
816,HardCapAccumulator(cap=20.0),0.754300711932822,19.05327913294256,0.9999999946879028
817,HardCapAccumulator(cap=20.0),1.8737296427701982,20.0,0.9999999979388463
818,HardCapAccumulator(cap=20.0),0.5094826886421627,20.0,0.9999999979388463
819,HardCapAccumulator(cap=20.0),2.437521398550577,20.0,0.9999999979388463
820,HardCapAccumulator(cap=20.0),-0.22164914198825802,19.77835085801174,0.9999999974274054
821,HardCapAccumulator(cap=20.0),11.51291546492478,20.0,0.9999999979388463
822,HardCapAccumulator(cap=20.0),11.51291546492478,20.0,0.9999999979388463
823,HardCapAccumulator(cap=20.0),-0.03540997201073764,19.964590027989264,0.9999999978645533
824,HardCapAccumulator(cap=20.0),-0.1348068076348774,19.829783220354386,0.9999999975563749
825,HardCapAccumulator(cap=20.0),11.51291546492478,20.0,0.9999999979388463
826,HardCapAccumulator(cap=20.0),11.51291546492478,20.0,0.9999999979388463
827,HardCapAccumulator(cap=20.0),-0.22842004282937828,19.771579957170623,0.9999999974099274
828,HardCapAccumulator(cap=20.0),-0.10431868070006994,19.66726127647055,0.9999999971251383
829,HardCapAccumulator(cap=20.0),0.06187820566265396,19.729139482133206,0.9999999972976377
830,HardCapAccumulator(cap=20.0),-1.407271009276745,18.321868472856462,0.9999999889614096
831,HardCapAccumulator(cap=20.0),-0.7336037132781585,17.588264759578305,0.99999997701134
832,HardCapAccumulator(cap=20.0),-0.8532202654081991,16.735044494170104,0.9999999460411733
833,HardCapAccumulator(cap=20.0),-0.5336725571912153,16.201371936978887,0.9999999079903181
834,HardCapAccumulator(cap=20.0),0.3622894567660382,16.563661393744926,0.9999999359538204
835,HardCapAccumulator(cap=20.0),0.7093812296206784,17.273042623365605,0.9999999684925766
836,HardCapAccumulator(cap=20.0),11.51291546492478,20.0,0.9999999979388463
837,HardCapAccumulator(cap=20.0),-0.8449475942009385,19.15505240579906,0.9999999952019316
838,HardCapAccumulator(cap=20.0),2.146024744193052,20.0,0.9999999979388463
839,HardCapAccumulator(cap=20.0),0.143458919188583,20.0,0.9999999979388463
840,HardCapAccumulator(cap=20.0),0.3439960648175153,20.0,0.9999999979388463
841,HardCapAccumulator(cap=20.0),1.4016516372912051,20.0,0.9999999979388463
842,HardCapAccumulator(cap=20.0),-1.029487920350674,18.970512079649325,0.9999999942295288
843,HardCapAccumulator(cap=20.0),0.9184340435150028,19.888946123164327,0.9999999976967533
844,HardCapAccumulator(cap=20.0),0.6187564180439961,20.0,0.9999999979388463
845,HardCapAccumulator(cap=20.0),1.0865705251725788,20.0,0.9999999979388463
846,HardCapAccumulator(cap=20.0),0.7849714885458733,20.0,0.9999999979388463
847,HardCapAccumulator(cap=20.0),11.51291546492478,20.0,0.9999999979388463
848,HardCapAccumulator(cap=20.0),-0.3694331288331692,19.63056687116683,0.9999999970176876
849,HardCapAccumulator(cap=20.0),-0.2383179238523474,19.392248947314485,0.9999999962151098
850,HardCapAccumulator(cap=20.0),-0.35133863991979436,19.04091030739469,0.9999999946217903
851,HardCapAccumulator(cap=20.0),-0.2681681599365166,18.772742147458175,0.9999999929676306
852,HardCapAccumulator(cap=20.0),-0.3689951054850519,18.403747041973123,0.9999999898292212
853,HardCapAccumulator(cap=20.0),3.0954569522446396,20.0,0.9999999979388463
854,HardCapAccumulator(cap=20.0),11.51291546492478,20.0,0.9999999979388463
855,HardCapAccumulator(cap=20.0),-0.28684633213935135,19.71315366786065,0.9999999972540909
856,HardCapAccumulator(cap=20.0),-0.6177501033963346,19.095403564464313,0.9999999949070244
857,HardCapAccumulator(cap=20.0),1.0533864854730057,20.0,0.9999999979388463
858,HardCapAccumulator(cap=20.0),-0.26419369189366254,19.735806308106337,0.9999999973155937
859,HardCapAccumulator(cap=20.0),1.3241994996075295,20.0,0.9999999979388463
860,HardCapAccumulator(cap=20.0),0.6672044491293934,20.0,0.9999999979388463
861,HardCapAccumulator(cap=20.0),-1.7721370634870264,18.227862936512974,0.9999999878733817
862,HardCapAccumulator(cap=20.0),11.51291546492478,20.0,0.9999999979388463
863,HardCapAccumulator(cap=20.0),11.51291546492478,20.0,0.9999999979388463
864,HardCapAccumulator(cap=20.0),-0.3385432069643316,19.66145679303567,0.9999999971084028
865,HardCapAccumulator(cap=20.0),-0.06526502855564015,19.59619176448003,0.9999999969133879
866,HardCapAccumulator(cap=20.0),0.7803689108107986,20.0,0.9999999979388463
867,HardCapAccumulator(cap=20.0),0.8489033141394023,20.0,0.9999999979388463
868,HardCapAccumulator(cap=20.0),1.3711338467504304,20.0,0.9999999979388463
869,HardCapAccumulator(cap=20.0),11.51291546492478,20.0,0.9999999979388463
870,HardCapAccumulator(cap=20.0),0.18821700800292798,20.0,0.9999999979388463
871,HardCapAccumulator(cap=20.0),-0.5731477024682705,19.42685229753173,0.9999999963438395
872,HardCapAccumulator(cap=20.0),-1.4748653450937403,17.95198695243799,0.9999999840209439
873,HardCapAccumulator(cap=20.0),-0.48648912552768325,17.46549782691031,0.999999974008541
874,HardCapAccumulator(cap=20.0),0.36422130760312516,17.829719134513432,0.9999999819427604
875,HardCapAccumulator(cap=20.0),11.51291546492478,20.0,0.9999999979388463
876,HardCapAccumulator(cap=20.0),-0.22204134702759798,19.7779586529724,0.9999999974263962
877,HardCapAccumulator(cap=20.0),0.6952616609684451,20.0,0.9999999979388463
878,HardCapAccumulator(cap=20.0),0.38497782754466053,20.0,0.9999999979388463
879,HardCapAccumulator(cap=20.0),3.090952116002686,20.0,0.9999999979388463
880,HardCapAccumulator(cap=20.0),11.51291546492478,20.0,0.9999999979388463
881,HardCapAccumulator(cap=20.0),-0.23816191239394166,19.76183808760606,0.9999999973845721
882,HardCapAccumulator(cap=20.0),-0.1878780328918282,19.57396005471423,0.9999999968439988
883,HardCapAccumulator(cap=20.0),2.3539573235177254,20.0,0.9999999979388463
884,HardCapAccumulator(cap=20.0),1.4150894769136133,20.0,0.9999999979388463
885,HardCapAccumulator(cap=20.0),11.51291546492478,20.0,0.9999999979388463
886,HardCapAccumulator(cap=20.0),1.2377863166183485,20.0,0.9999999979388463
887,HardCapAccumulator(cap=20.0),-0.031153028230123433,19.968846971769878,0.9999999978736245
888,HardCapAccumulator(cap=20.0),1.2494027037395818,20.0,0.9999999979388463
889,HardCapAccumulator(cap=20.0),2.6275075596675572,20.0,0.9999999979388463
890,HardCapAccumulator(cap=20.0),1.704677484269017,20.0,0.9999999979388463
891,HardCapAccumulator(cap=20.0),1.1102848331634347,20.0,0.9999999979388463
892,HardCapAccumulator(cap=20.0),2.442379737948074,20.0,0.9999999979388463
893,HardCapAccumulator(cap=20.0),2.9611680900578174,20.0,0.9999999979388463
894,HardCapAccumulator(cap=20.0),11.51291546492478,20.0,0.9999999979388463
895,HardCapAccumulator(cap=20.0),1.3529589926946946,20.0,0.9999999979388463
896,HardCapAccumulator(cap=20.0),0.2001235423569018,20.0,0.9999999979388463
897,HardCapAccumulator(cap=20.0),0.5928295228143451,20.0,0.9999999979388463
898,HardCapAccumulator(cap=20.0),3.230134884008033,20.0,0.9999999979388463
899,HardCapAccumulator(cap=20.0),-0.5974849912200354,19.402515008779964,0.9999999962537669
900,HardCapAccumulator(cap=20.0),0.8983095590992655,20.0,0.9999999979388463
901,HardCapAccumulator(cap=20.0),-0.07203771153448482,19.927962288465515,0.9999999977848868
902,HardCapAccumulator(cap=20.0),0.44152961464436613,20.0,0.9999999979388463
903,HardCapAccumulator(cap=20.0),4.0899508148445225,20.0,0.9999999979388463
904,HardCapAccumulator(cap=20.0),0.6514170492858059,20.0,0.9999999979388463
905,HardCapAccumulator(cap=20.0),0.4638662840148105,20.0,0.9999999979388463
906,HardCapAccumulator(cap=20.0),-1.4367885176045834,18.563211482395417,0.9999999913283911
907,HardCapAccumulator(cap=20.0),1.5428322218209767,20.0,0.9999999979388463
908,HardCapAccumulator(cap=20.0),1.3470398244328294,20.0,0.9999999979388463
909,HardCapAccumulator(cap=20.0),11.51291546492478,20.0,0.9999999979388463
910,HardCapAccumulator(cap=20.0),0.030668521624501913,20.0,0.9999999979388463
911,HardCapAccumulator(cap=20.0),0.6890029813431803,20.0,0.9999999979388463
912,HardCapAccumulator(cap=20.0),0.7300448070920471,20.0,0.9999999979388463
913,HardCapAccumulator(cap=20.0),11.51291546492478,20.0,0.9999999979388463
914,HardCapAccumulator(cap=20.0),0.2876117122980149,20.0,0.9999999979388463
915,HardCapAccumulator(cap=20.0),0.7708579565171492,20.0,0.9999999979388463
916,HardCapAccumulator(cap=20.0),1.279525251653346,20.0,0.9999999979388463
917,HardCapAccumulator(cap=20.0),0.6454426335599799,20.0,0.9999999979388463
918,HardCapAccumulator(cap=20.0),-0.13592924581032143,19.86407075418968,0.9999999976387406
919,HardCapAccumulator(cap=20.0),0.6554030731658976,20.0,0.9999999979388463
920,HardCapAccumulator(cap=20.0),2.4710819058532056,20.0,0.9999999979388463
921,HardCapAccumulator(cap=20.0),-0.8854706484882267,19.114529351511774,0.9999999950035059
922,HardCapAccumulator(cap=20.0),0.5748906617171817,19.689420013228954,0.999999997188141
923,HardCapAccumulator(cap=20.0),-0.4474645723490133,19.24195544087994,0.9999999956012942
924,HardCapAccumulator(cap=20.0),3.1400278628734277,20.0,0.9999999979388463
925,HardCapAccumulator(cap=20.0),-1.7902348829013985,18.209765117098602,0.9999999876519184
926,HardCapAccumulator(cap=20.0),-0.2723777843933686,17.93738733270523,0.9999999837859446
927,HardCapAccumulator(cap=20.0),0.9107986455001007,18.848185978205333,0.9999999934786601
928,HardCapAccumulator(cap=20.0),11.51291546492478,20.0,0.9999999979388463
929,HardCapAccumulator(cap=20.0),0.32390207260453224,20.0,0.9999999979388463
930,HardCapAccumulator(cap=20.0),-0.2678290318121646,19.732170968187834,0.9999999973058173
931,HardCapAccumulator(cap=20.0),11.51291546492478,20.0,0.9999999979388463
932,HardCapAccumulator(cap=20.0),-1.617167841706195,18.382832158293805,0.9999999896142605
933,HardCapAccumulator(cap=20.0),-11.512915464920228,6.869916693373577,0.998962513915023
934,HardCapAccumulator(cap=20.0),1.0048156311495826,7.87473232452316,0.9996199137977626
935,HardCapAccumulator(cap=20.0),-0.20316097569721983,7.671571348825941,0.9995343317678244
936,HardCapAccumulator(cap=20.0),-0.8778179615392346,6.793753387286706,0.9988805004388777
937,HardCapAccumulator(cap=20.0),1.4663825861739581,8.260135973460665,0.9997414430461328
938,HardCapAccumulator(cap=20.0),0.7224223603448293,8.982558333805494,0.9998744346109857
939,HardCapAccumulator(cap=20.0),-0.2786841211179557,8.70387421268754,0.9998340858613702
940,HardCapAccumulator(cap=20.0),-1.289669950293071,7.414204262394469,0.999397731207191
941,HardCapAccumulator(cap=20.0),1.8297941170556153,9.243998379450083,0.9999033191359533
942,HardCapAccumulator(cap=20.0),1.3557024989602022,10.599700878410285,0.9999750771574007
943,HardCapAccumulator(cap=20.0),0.28285995812392317,10.882560836534209,0.9999812173994496
944,HardCapAccumulator(cap=20.0),11.51291546492478,20.0,0.9999999979388463
945,HardCapAccumulator(cap=20.0),-0.9495537758989776,19.050446224101023,0.9999999946728328
946,HardCapAccumulator(cap=20.0),-1.7959691303740684,17.254477093726955,0.9999999679021608
947,HardCapAccumulator(cap=20.0),-0.43711937138668533,16.81735772234027,0.999999950304814
948,HardCapAccumulator(cap=20.0),0.3487902834247959,17.166148005765066,0.9999999649380044
949,HardCapAccumulator(cap=20.0),0.7217934960543161,17.887941501819384,0.9999999829640757
950,HardCapAccumulator(cap=20.0),0.11062942424068721,17.998570926060072,0.9999999847482401
951,HardCapAccumulator(cap=20.0),0.8741891223459618,18.872760048406032,0.999999993636963
952,HardCapAccumulator(cap=20.0),-1.239413030792558,17.633347017613474,0.9999999780247064
953,HardCapAccumulator(cap=20.0),11.51291546492478,20.0,0.9999999979388463
954,HardCapAccumulator(cap=20.0),0.30373226890393107,20.0,0.9999999979388463
955,HardCapAccumulator(cap=20.0),2.6692691725343263,20.0,0.9999999979388463
956,HardCapAccumulator(cap=20.0),0.8607513257126749,20.0,0.9999999979388463
957,HardCapAccumulator(cap=20.0),1.0305678250149963,20.0,0.9999999979388463
958,HardCapAccumulator(cap=20.0),1.2135709868762383,20.0,0.9999999979388463
959,HardCapAccumulator(cap=20.0),1.0166142297788408,20.0,0.9999999979388463
960,HardCapAccumulator(cap=20.0),1.3419889177120052,20.0,0.9999999979388463
961,HardCapAccumulator(cap=20.0),6.67996967372588,20.0,0.9999999979388463
962,HardCapAccumulator(cap=20.0),0.6586468246810986,20.0,0.9999999979388463
963,HardCapAccumulator(cap=20.0),1.4676578339635469,20.0,0.9999999979388463
964,HardCapAccumulator(cap=20.0),0.2944257859904214,20.0,0.9999999979388463
965,HardCapAccumulator(cap=20.0),11.51291546492478,20.0,0.9999999979388463
966,HardCapAccumulator(cap=20.0),-0.4176370999892521,19.582362900010747,0.9999999968704072
967,HardCapAccumulator(cap=20.0),11.51291546492478,20.0,0.9999999979388463
968,HardCapAccumulator(cap=20.0),0.355508002246686,20.0,0.9999999979388463
969,HardCapAccumulator(cap=20.0),-1.5801978083222017,18.4198021916778,0.9999999899912108
970,HardCapAccumulator(cap=20.0),0.5685621147384459,18.988364306416244,0.9999999943316304
971,HardCapAccumulator(cap=20.0),-0.42347922448333986,18.564885081932903,0.9999999913428917
972,HardCapAccumulator(cap=20.0),1.7519061719341638,20.0,0.9999999979388463
973,HardCapAccumulator(cap=20.0),-0.38794205858617664,19.612057941413823,0.9999999969619742
974,HardCapAccumulator(cap=20.0),-0.13562764239291178,19.47643029902091,0.9999999965206847
975,HardCapAccumulator(cap=20.0),-3.3733819598199726,16.10304833920094,0.999999898483901
976,HardCapAccumulator(cap=20.0),-0.14301082489095773,15.960037514309981,0.9999998828765853
977,HardCapAccumulator(cap=20.0),-11.512915464920228,4.447122049389753,0.988423362471601
978,HardCapAccumulator(cap=20.0),-1.94747309501882,2.499648954370933,0.9241172067109882
979,HardCapAccumulator(cap=20.0),1.5723924031440561,4.072041357514989,0.9832430188964544
980,HardCapAccumulator(cap=20.0),1.6268673683213861,5.698908725836375,0.9966615636729649
981,HardCapAccumulator(cap=20.0),0.9826679170790692,6.681576642915444,0.9987477704258563
982,HardCapAccumulator(cap=20.0),-0.8005533842520604,5.881023258663384,0.9972158462045684
983,HardCapAccumulator(cap=20.0),0.3461621137560944,6.227185372419479,0.9980288899694655
984,HardCapAccumulator(cap=20.0),0.40096395359008874,6.628149326009567,0.9986791384430971
985,HardCapAccumulator(cap=20.0),-1.0853728959417224,5.542776430067845,0.9960996322059755
986,HardCapAccumulator(cap=20.0),11.51291546492478,17.055691894992624,0.9999999608432077
987,HardCapAccumulator(cap=20.0),1.8421999773621178,18.89789187235474,0.9999999937948849
988,HardCapAccumulator(cap=20.0),0.1350478671837706,19.032939739538513,0.9999999945787517
989,HardCapAccumulator(cap=20.0),0.43918892856255365,19.472128668101067,0.9999999965056856
990,HardCapAccumulator(cap=20.0),0.6745214292976246,20.0,0.9999999979388463
991,HardCapAccumulator(cap=20.0),-11.512915464920228,8.487084535079772,0.9997939291728483
992,HardCapAccumulator(cap=20.0),0.1034793801530076,8.59056391523278,0.9998141832805243
993,HardCapAccumulator(cap=20.0),-0.4246494041286276,8.165914511104152,0.9997159040848393
994,HardCapAccumulator(cap=20.0),-0.8496132329642684,7.316301278139884,0.9993358255209024
995,HardCapAccumulator(cap=20.0),0.06270018163345342,7.379001459773337,0.9993761655248176
996,HardCapAccumulator(cap=20.0),11.51291546492478,18.891916924698116,0.9999999937576987
997,HardCapAccumulator(cap=20.0),1.3385589315995285,20.0,0.9999999979388463
998,HardCapAccumulator(cap=20.0),-0.28737634160999653,19.712623658390005,0.9999999972526352
999,HardCapAccumulator(cap=20.0),1.2183601321854685,20.0,0.9999999979388463
0,ExponentialDecay(λ=0.9),1.093361822300096,1.093361822300096,0.7490142459033697
1,ExponentialDecay(λ=0.9),0.2351605871885146,1.219186227258601,0.771920308834805
2,ExponentialDecay(λ=0.9),1.3510825861560942,2.448350190688835,0.9204407197102489
3,ExponentialDecay(λ=0.9),11.51291546492478,13.71643063654473,0.9999988958466776
4,ExponentialDecay(λ=0.9),0.11915673597567286,12.463944308865932,0.9999961365429725
5,ExponentialDecay(λ=0.9),0.11917650733055411,11.336726385309893,0.9999880733875213
6,ExponentialDecay(λ=0.9),11.51291546492478,21.715969211703683,0.9999999996294264
7,ExponentialDecay(λ=0.9),1.5872611619387442,21.13163345247206,0.9999999993352655
8,ExponentialDecay(λ=0.9),-0.16373407863388326,18.85473602859097,0.9999999935212356
9,ExponentialDecay(λ=0.9),1.167915429123424,18.1371778548553,0.9999999867222731
10,ExponentialDecay(λ=0.9),-0.15641937935367184,16.167040690016098,0.9999999047766628
11,ExponentialDecay(λ=0.9),-0.15921116361118412,14.391125457403303,0.999999437641348
12,ExponentialDecay(λ=0.9),0.7199167358457066,13.67192964750868,0.9999988456011225
13,ExponentialDecay(λ=0.9),-3.6226860396377574,8.682050643120055,0.9998304258445699
14,ExponentialDecay(λ=0.9),-2.4085286732413422,5.405316905566708,0.9955274630197934
15,ExponentialDecay(λ=0.9),-0.27649312832750483,4.588292086682532,0.9899321785014186
16,ExponentialDecay(λ=0.9),-0.8656959975445164,3.263766880469763,0.9631646673522576
17,ExponentialDecay(λ=0.9),0.8201783604936758,3.7575685529164624,0.9771919276053961
18,ExponentialDecay(λ=0.9),-0.7190928385282216,2.6627188590965947,0.9347905964906561
19,ExponentialDecay(λ=0.9),-1.5415580823392778,0.8548888908476573,0.7015916922365802
20,ExponentialDecay(λ=0.9),11.51291546492478,12.28231546668767,0.9999953670655477
21,ExponentialDecay(λ=0.9),0.1292480641024535,11.183331984121358,0.9999860961654373
22,ExponentialDecay(λ=0.9),0.4906454046978576,10.55564419040708,0.9999739546220676
23,ExponentialDecay(λ=0.9),-1.5674827334515828,7.932597037914788,0.9996412754832233
24,ExponentialDecay(λ=0.9),-0.25462612048669714,6.884711213636613,0.9989777344650778
25,ExponentialDecay(λ=0.9),0.5463001698811727,6.742540262154124,0.9988217431914538
26,ExponentialDecay(λ=0.9),-1.073690289822031,4.9945959461166805,0.993271126676296
27,ExponentialDecay(λ=0.9),0.9085795435433601,5.403715895048372,0.9955203288086332
28,ExponentialDecay(λ=0.9),-0.3235600057407681,4.539784299802767,0.9894370578395605
29,ExponentialDecay(λ=0.9),0.04997790051089773,4.135783770333388,0.9842615324748825
30,ExponentialDecay(λ=0.9),-0.32487548567991636,3.3973299076201333,0.9676209840354248
31,ExponentialDecay(λ=0.9),11.51291546492478,14.5705123817829,0.9999995299904634
32,ExponentialDecay(λ=0.9),0.3886215958947493,13.50208273949936,0.9999986318951645
33,ExponentialDecay(λ=0.9),-0.931173382352523,11.220701083196902,0.9999866061441811
34,ExponentialDecay(λ=0.9),1.7094387520797427,11.808069726956955,0.9999925558135403
35,ExponentialDecay(λ=0.9),-1.1872735989060132,9.439989155355246,0.9999205250462783
36,ExponentialDecay(λ=0.9),0.6751665920419747,9.171156831861698,0.9998960146799954
37,ExponentialDecay(λ=0.9),-4.4024627950158335,3.8515783536596944,0.9791958330123541
38,ExponentialDecay(λ=0.9),-1.3766709913219892,2.089749526971736,0.8899028877541753
39,ExponentialDecay(λ=0.9),0.6591008179508016,2.5398753922253636,0.9268903830306634
40,ExponentialDecay(λ=0.9),1.526815963889893,3.8127038168927205,0.9783889771592058
41,ExponentialDecay(λ=0.9),0.625244930800677,4.0566783660041255,0.9829880072049413
42,ExponentialDecay(λ=0.9),0.2627228696655296,3.9137333990692427,0.9804250094005589
43,ExponentialDecay(λ=0.9),0.038680387281930115,3.5610404464442484,0.9723755392132771
44,ExponentialDecay(λ=0.9),-1.6849326959776998,1.5200037058221239,0.8205390262931674
45,ExponentialDecay(λ=0.9),-0.4724068307469765,0.895596504492935,0.710043743034697
46,ExponentialDecay(λ=0.9),-0.15306467002892413,0.6529721840147175,0.6576799246419986
47,ExponentialDecay(λ=0.9),2.4040638493045856,2.9917388149178312,0.9521995156096255
48,ExponentialDecay(λ=0.9),0.8620342245734769,3.554599157999525,0.9722019900509953
49,ExponentialDecay(λ=0.9),-2.5700961684477854,0.6290430737517871,0.6522724504212152
50,ExponentialDecay(λ=0.9),0.8341191192271639,1.4002578856037724,0.8022248079201554
51,ExponentialDecay(λ=0.9),-0.062118703754302215,1.1981133932890928,0.7681889966432147
52,ExponentialDecay(λ=0.9),-0.4183009055847059,0.6600011483754776,0.6592606464179598
53,ExponentialDecay(λ=0.9),1.2861975320065213,1.8801985655444513,0.8676339324405612
54,ExponentialDecay(λ=0.9),2.3051159786759357,3.997294687665942,0.9819659445396904
55,ExponentialDecay(λ=0.9),1.9866100537871694,5.584175272686517,0.9962572142063935
56,ExponentialDecay(λ=0.9),-0.6268076604567732,4.3989500849610925,0.9878589791852173
57,ExponentialDecay(λ=0.9),0.02894717013859273,3.988002246603576,0.9818006471784394
58,ExponentialDecay(λ=0.9),0.8443426032190158,4.433544625162234,0.9882669664366697
59,ExponentialDecay(λ=0.9),2.1182413286294848,6.108431491275496,0.9977808988628528
60,ExponentialDecay(λ=0.9),-0.1754578330210907,5.322130509126856,0.9951413806700526
61,ExponentialDecay(λ=0.9),0.17767516819017284,4.967592626404343,0.9930882222424958
62,ExponentialDecay(λ=0.9),-1.0042863557543196,3.4665470080095897,0.969720794748162
63,ExponentialDecay(λ=0.9),-1.1464504891485003,1.9734418180601303,0.8779803181203011
64,ExponentialDecay(λ=0.9),1.6864577150497344,3.462555351303852,0.969603370216297
65,ExponentialDecay(λ=0.9),11.51291546492478,14.629215281098245,0.999999556787157
66,ExponentialDecay(λ=0.9),0.31619622158418176,13.482489974572603,0.999998604825931
67,ExponentialDecay(λ=0.9),2.2090567769715825,14.343297754086926,0.9999994100914689
68,ExponentialDecay(λ=0.9),0.8880655440652678,13.797033522743503,0.9999989813522459
69,ExponentialDecay(λ=0.9),-0.37860219999547645,12.038727970473676,0.9999940892266538
70,ExponentialDecay(λ=0.9),0.8877163451181581,11.722571518544466,0.9999918913537492
71,ExponentialDecay(λ=0.9),11.51291546492478,22.063229831614798,0.9999999997381448
72,ExponentialDecay(λ=0.9),0.36087482604525073,20.21778167449857,0.9999999983422121
73,ExponentialDecay(λ=0.9),11.51291546492478,29.708918971973496,0.9999999999998748
74,ExponentialDecay(λ=0.9),-11.512915464920228,15.22511160985592,0.9999997557593566
75,ExponentialDecay(λ=0.9),1.7079542389081912,15.41055468777852,0.9999997971004667
76,ExponentialDecay(λ=0.9),0.5155820396568971,14.385081258657564,0.9999994342320496
77,ExponentialDecay(λ=0.9),0.04119700505873351,12.987770137850543,0.9999977118625822
78,ExponentialDecay(λ=0.9),0.5216274209955609,12.21062054506105,0.9999950227126411
79,ExponentialDecay(λ=0.9),-5.587791563779945,5.401766926775,0.995511628783112
80,ExponentialDecay(λ=0.9),0.13660577384122854,4.998196007938729,0.9932951453551363
81,ExponentialDecay(λ=0.9),0.8815039110743812,5.379880318219238,0.9954127662508228
82,ExponentialDecay(λ=0.9),11.51291546492478,16.35480775132209,0.9999999210781592
83,ExponentialDecay(λ=0.9),-0.22284187157063606,14.496485104619246,0.9999994938767452
84,ExponentialDecay(λ=0.9),-0.5864407868543062,12.460395807303016,0.9999961228091896
85,ExponentialDecay(λ=0.9),-0.2028006728827269,11.011555553689988,0.9999834904583663
86,ExponentialDecay(λ=0.9),1.9424461739465209,11.85284617226751,0.9999928817830374
87,ExponentialDecay(λ=0.9),0.840760362190399,11.508321917231157,0.9999899539593204
88,ExponentialDecay(λ=0.9),-0.23681278396640532,10.120676941541637,0.9999597627421594
89,ExponentialDecay(λ=0.9),1.1199542485924217,10.228563495979895,0.9999638776806437
90,ExponentialDecay(λ=0.9),0.5284574497298388,9.734164596111745,0.9999407783764138
91,ExponentialDecay(λ=0.9),2.096817762048256,10.857565898548827,0.9999807420222924
92,ExponentialDecay(λ=0.9),-0.4499019783174888,9.321907330376456,0.999910564849392
93,ExponentialDecay(λ=0.9),0.0068054503482797585,8.39652204768709,0.9997744001431782
94,ExponentialDecay(λ=0.9),-0.07055904283643726,7.486310800081945,0.9994396065046119
95,ExponentialDecay(λ=0.9),-1.6512097490546316,5.0864699710191195,0.9938581590371027
96,ExponentialDecay(λ=0.9),0.7946834999678606,5.3725064738850685,0.9953789725704693
97,ExponentialDecay(λ=0.9),0.7460462244786675,5.581302050975229,0.9962464853118718
98,ExponentialDecay(λ=0.9),0.4118610388652322,5.435032884742938,0.9956578449306046
99,ExponentialDecay(λ=0.9),0.11863438391882838,5.010163980187473,0.993374382109187
100,ExponentialDecay(λ=0.9),-1.5479069350400911,2.961240647128635,0.9507920719367033
101,ExponentialDecay(λ=0.9),-0.10487039369731217,2.5602461887184598,0.9282588542434999
102,ExponentialDecay(λ=0.9),-0.011257538721650206,2.292964031124964,0.9082926442867952
103,ExponentialDecay(λ=0.9),-0.5783305728218663,1.4853370551906013,0.8153773583150457
104,ExponentialDecay(λ=0.9),0.20719521606443853,1.5439985657359798,0.8240452473893288
105,ExponentialDecay(λ=0.9),0.9504976927728337,2.3400964019352157,0.91214381088572
106,ExponentialDecay(λ=0.9),11.51291546492478,13.619002226666474,0.9999987828560202
107,ExponentialDecay(λ=0.9),0.6294879345828027,12.886589938582631,0.9999974682314564
108,ExponentialDecay(λ=0.9),0.7412316123399902,12.339162557064359,0.9999956230872512
109,ExponentialDecay(λ=0.9),0.31320030015450145,11.418446601512425,0.9999890092614775
110,ExponentialDecay(λ=0.9),-3.6897879434353613,6.586813997925821,0.9986234728001298
111,ExponentialDecay(λ=0.9),0.37242923825902574,6.300561836392266,0.9981680886940771
112,ExponentialDecay(λ=0.9),0.481360404498292,6.151866057251332,0.9978750208689876
113,ExponentialDecay(λ=0.9),11.51291546492478,17.049594916450978,0.9999999606037402
114,ExponentialDecay(λ=0.9),0.169572009471269,15.51420743427715,0.999999817078295
115,ExponentialDecay(λ=0.9),0.8022903817792333,14.765077072628669,0.9999996130914433
116,ExponentialDecay(λ=0.9),0.3622561279340075,13.65082549329981,0.9999988209796454
117,ExponentialDecay(λ=0.9),-1.101833076254119,11.18390986771571,0.9999861041978024
118,ExponentialDecay(λ=0.9),2.803169250634786,12.868688131578926,0.999997422500227
119,ExponentialDecay(λ=0.9),1.5546193594717985,13.136438677892832,0.9999980279573021
120,ExponentialDecay(λ=0.9),1.6383447697612363,13.461139579864785,0.9999985747181941
121,ExponentialDecay(λ=0.9),-0.7209502598743726,11.394075362003933,0.9999887381159172
122,ExponentialDecay(λ=0.9),11.51291546492478,21.767583290728318,0.999999999648068
123,ExponentialDecay(λ=0.9),-1.5201143516538718,18.070710610001612,0.9999999858097486
124,ExponentialDecay(λ=0.9),1.2428351532226163,17.506474702224068,0.9999999750520636
125,ExponentialDecay(λ=0.9),11.51291546492478,27.26874269692644,0.9999999999985634
126,ExponentialDecay(λ=0.9),-0.8338145775846707,23.708053849649126,0.9999999999494498
127,ExponentialDecay(λ=0.9),-0.28139959105368023,21.055848873630534,0.9999999992829309
128,ExponentialDecay(λ=0.9),0.5317681463297265,19.482032132597205,0.9999999965401207
129,ExponentialDecay(λ=0.9),-0.2048845033967007,17.328944415940782,0.9999999702055722
130,ExponentialDecay(λ=0.9),-1.8591601728204052,13.7368898015263,0.9999989182071894
131,ExponentialDecay(λ=0.9),0.4919635801898324,12.855164401563503,0.9999973874061403
132,ExponentialDecay(λ=0.9),-0.9379783569425223,10.63166960446463,0.9999758612890699
133,ExponentialDecay(λ=0.9),1.0567957304057976,10.625298374423965,0.9999757070085694
134,ExponentialDecay(λ=0.9),-0.7346610358545583,8.828107501127011,0.9998534661423136
135,ExponentialDecay(λ=0.9),11.51291546492478,19.45821221593909,0.9999999964567172
136,ExponentialDecay(λ=0.9),-0.5536240449938881,16.95876694935129,0.9999999568579204
137,ExponentialDecay(λ=0.9),0.013526386785265073,15.276416641201427,0.9999997679741092
138,ExponentialDecay(λ=0.9),1.6887155325209424,15.437490509602227,0.9999998024927822
139,ExponentialDecay(λ=0.9),-1.2041335060522622,12.689607952589743,0.9999969170111807
140,ExponentialDecay(λ=0.9),0.700226464638256,12.120873621969025,0.9999945553608012
141,ExponentialDecay(λ=0.9),4.838440111462973,15.747226371235097,0.9999998551006563
142,ExponentialDecay(λ=0.9),-2.0138633151468635,12.158640418964724,0.9999947571518217
143,ExponentialDecay(λ=0.9),0.6428178330827777,11.58559421015103,0.9999907009983143
144,ExponentialDecay(λ=0.9),0.7444346881555982,11.171469477291526,0.9999859302512922
145,ExponentialDecay(λ=0.9),1.6182008932834968,11.67252342284587,0.9999914752081173
146,ExponentialDecay(λ=0.9),-1.2144490665121863,9.290822014049098,0.9999077413282709
147,ExponentialDecay(λ=0.9),-1.362322982932805,6.999416829711383,0.9990884178371257
148,ExponentialDecay(λ=0.9),1.1340333414542063,7.433508488194452,0.9994092392373986
149,ExponentialDecay(λ=0.9),0.795893619452655,7.486051258827661,0.9994394611220434
150,ExponentialDecay(λ=0.9),0.7315615714510475,7.469007704395943,0.9994298311630617
151,ExponentialDecay(λ=0.9),0.8661044201705141,7.588211354126863,0.9994938703073565
152,ExponentialDecay(λ=0.9),-0.4221909941785967,6.40719922453558,0.9983530785203266
153,ExponentialDecay(λ=0.9),0.7067205157725885,6.473199817854611,0.998458104697105
154,ExponentialDecay(λ=0.9),0.7904211010414606,6.61630093711061,0.9986634163223602
155,ExponentialDecay(λ=0.9),-0.4654464412629664,5.489224402136583,0.9958859483772078
156,ExponentialDecay(λ=0.9),11.51291546492478,16.453217426847704,0.999999928474907
157,ExponentialDecay(λ=0.9),1.0571727120214405,15.865068396184375,0.9999998712081787
158,ExponentialDecay(λ=0.9),-1.13842880625653,13.140132750309409,0.9999980352287176
159,ExponentialDecay(λ=0.9),1.367439075614003,13.19355855089247,0.9999981374432426
160,ExponentialDecay(λ=0.9),-0.8113847192941882,11.062817976509034,0.9999843154383091
161,ExponentialDecay(λ=0.9),1.629676962869344,11.586213141727475,0.9999907067519259
162,ExponentialDecay(λ=0.9),2.8945964674961537,13.322188295050882,0.9999983622544603
163,ExponentialDecay(λ=0.9),-0.6023978096990971,11.387571655846697,0.9999886646340693
164,ExponentialDecay(λ=0.9),2.0806971472259814,12.32951163748801,0.9999955806417153
165,ExponentialDecay(λ=0.9),0.9635613412465699,12.060121814985777,0.9999942143370204
166,ExponentialDecay(λ=0.9),1.7083184172436836,12.562428050730883,0.9999964988936936
167,ExponentialDecay(λ=0.9),11.51291546492478,22.819100710582575,0.9999999998770324
168,ExponentialDecay(λ=0.9),0.10563237356983537,20.642823013094155,0.9999999989162331
169,ExponentialDecay(λ=0.9),-0.5156107837719653,18.062929928012775,0.9999999856989081
170,ExponentialDecay(λ=0.9),-0.6939917794790841,15.562645155732412,0.9999998257274407
171,ExponentialDecay(λ=0.9),-0.5960106898012215,13.410369950357948,0.9999985004889204
172,ExponentialDecay(λ=0.9),0.30993537644015473,12.379268331762308,0.9999957951525215
173,ExponentialDecay(λ=0.9),0.8584924724830516,11.99983397106913,0.9999938548052086
174,ExponentialDecay(λ=0.9),0.7676265243793439,11.567477098341561,0.9999905309935084
175,ExponentialDecay(λ=0.9),1.7202029420263656,12.13093233053377,0.9999946098520298
176,ExponentialDecay(λ=0.9),0.4217442893956279,11.339583386876022,0.9999881074128383
177,ExponentialDecay(λ=0.9),11.51291546492478,21.718540513113197,0.9999999996303781
178,ExponentialDecay(λ=0.9),0.08245849074155558,19.629144952543434,0.9999999970134441
179,ExponentialDecay(λ=0.9),11.51291546492478,29.17914592221387,0.9999999999997873
180,ExponentialDecay(λ=0.9),1.3111181598570907,27.572349489849575,0.9999999999989395
181,ExponentialDecay(λ=0.9),-0.6506071386034638,24.16450740226115,0.9999999999679752
182,ExponentialDecay(λ=0.9),-0.9507587810613929,20.797297880973645,0.9999999990713582
183,ExponentialDecay(λ=0.9),1.0707616024579991,19.78832969533428,0.9999999974529492
184,ExponentialDecay(λ=0.9),0.13203614527698834,17.94153287107784,0.9999999838530214
185,ExponentialDecay(λ=0.9),1.4775361895230914,17.62491577349315,0.9999999778386441
186,ExponentialDecay(λ=0.9),1.0562396781695995,16.918663874313435,0.9999999550926302
187,ExponentialDecay(λ=0.9),0.3151889876175488,15.541986474499641,0.9999998220897545
188,ExponentialDecay(λ=0.9),-0.6368370214037428,13.350950805645935,0.9999984086890698
189,ExponentialDecay(λ=0.9),-1.769971826720288,10.245883898361052,0.9999644979245946
190,ExponentialDecay(λ=0.9),-0.1360273027071861,9.085268205817762,0.9998866898175537
191,ExponentialDecay(λ=0.9),1.789937700887714,9.966679086123701,0.9999530640205047
192,ExponentialDecay(λ=0.9),0.6821936583997019,9.652204835911034,0.9999357204564137
193,ExponentialDecay(λ=0.9),-1.229446211392774,7.457538140927157,0.9994232577218664
194,ExponentialDecay(λ=0.9),0.6276405764210091,7.33942490325545,0.9993509975825392
195,ExponentialDecay(λ=0.9),0.9227161369204,7.5281985498503055,0.9994625829370591
196,ExponentialDecay(λ=0.9),-0.686362374296845,6.0890163205684305,0.9977374921025349
197,ExponentialDecay(λ=0.9),0.6020165776618156,6.082131266173404,0.9977218964729553
198,ExponentialDecay(λ=0.9),0.47879213936658405,5.952710278922648,0.9974079486647949
199,ExponentialDecay(λ=0.9),-1.0610496796923663,4.296389571338017,0.9865653128106459
200,ExponentialDecay(λ=0.9),0.8824816124974656,4.7492322267016815,0.9914159830455656
201,ExponentialDecay(λ=0.9),1.1983737588248302,5.472682762856344,0.9958176162390281
202,ExponentialDecay(λ=0.9),2.5110864065790217,7.436500893149732,0.9994110033508192
203,ExponentialDecay(λ=0.9),2.3910284625996745,9.083879266434433,0.9998865323451018
204,ExponentialDecay(λ=0.9),-1.4716023316369358,6.703889008154055,0.998775367391306
205,ExponentialDecay(λ=0.9),-0.7599713428282344,5.273528764510416,0.9949006447349321
206,ExponentialDecay(λ=0.9),1.1228154509359956,5.86899133899537,0.9971822401136202
207,ExponentialDecay(λ=0.9),1.1207930274819506,6.402885232577784,0.9983459701441549
208,ExponentialDecay(λ=0.9),1.1228355657211027,6.885432275041108,0.9989784705628963
209,ExponentialDecay(λ=0.9),11.51291546492478,17.709804512461776,0.9999999796422576
210,ExponentialDecay(λ=0.9),1.215480101117974,17.154304162333574,0.9999999645202667
211,ExponentialDecay(λ=0.9),2.763471789309054,18.202345535409272,0.9999999875599602
212,ExponentialDecay(λ=0.9),2.0525053829962197,18.434616364864564,0.9999999901383899
213,ExponentialDecay(λ=0.9),1.3578950511845307,17.94904977956264,0.9999999839739417
214,ExponentialDecay(λ=0.9),0.021677755301760023,16.175822556908134,0.9999999056092401
215,ExponentialDecay(λ=0.9),1.5693488799817412,16.127589181199063,0.9999999009448706
216,ExponentialDecay(λ=0.9),-0.5401510897439648,13.974679173335192,0.9999991471481845
217,ExponentialDecay(λ=0.9),0.11594739530196962,12.693158651303643,0.9999969279385001
218,ExponentialDecay(λ=0.9),-0.18294480067621835,11.24089798549706,0.9999868739415855
219,ExponentialDecay(λ=0.9),0.5089582909392062,10.625766477886561,0.9999757183772655
220,ExponentialDecay(λ=0.9),11.51291546492478,21.076105295022685,0.9999999992973101
221,ExponentialDecay(λ=0.9),-3.1827399022126013,15.785754863307817,0.999999860577229
222,ExponentialDecay(λ=0.9),1.423445903974526,15.630625280951563,0.9999998371807984
223,ExponentialDecay(λ=0.9),-2.029061692407611,12.038501060448796,0.9999940878852959
224,ExponentialDecay(λ=0.9),-0.16670322551207345,10.667947728891845,0.9999767212820591
225,ExponentialDecay(λ=0.9),2.5368511115763575,12.138004067579018,0.9999946478350735
226,ExponentialDecay(λ=0.9),0.4865103059380912,11.410713966759209,0.999988923945619
227,ExponentialDecay(λ=0.9),-0.961007276749074,9.308635293334214,0.9999093700592252
228,ExponentialDecay(λ=0.9),-0.4666523739695906,7.911119390031202,0.999633490445268
229,ExponentialDecay(λ=0.9),1.4107190040556419,8.530726455083723,0.9998027273443316
230,ExponentialDecay(λ=0.9),-0.48577229888145174,7.191881510693899,0.9992478944608191
231,ExponentialDecay(λ=0.9),0.6853763147341951,7.158069674358704,0.9992220497076526
232,ExponentialDecay(λ=0.9),0.4627719440946494,6.905034651017483,0.9989982801166696
233,ExponentialDecay(λ=0.9),-0.3866670568883881,5.827864129027347,0.9970642847596993
234,ExponentialDecay(λ=0.9),11.51291546492478,16.757993181049393,0.999999947265357
235,ExponentialDecay(λ=0.9),1.325984852329001,16.408178715273454,0.9999999251798639
236,ExponentialDecay(λ=0.9),-11.512915464920228,3.2544453788258814,0.962832522948872
237,ExponentialDecay(λ=0.9),0.6452368412444794,3.574237682187773,0.9727278334474938
238,ExponentialDecay(λ=0.9),-0.39936855589155135,2.8174453580774443,0.9436112903703773
239,ExponentialDecay(λ=0.9),1.7802683654226275,4.315969187692327,0.9868223677770922
240,ExponentialDecay(λ=0.9),-0.565638706043284,3.3187335628798107,0.9650659203381243
241,ExponentialDecay(λ=0.9),0.26383615015737827,3.2506963567492075,0.9626981271940316
242,ExponentialDecay(λ=0.9),1.1066079281424028,4.03223464921669,0.9825743824069961
243,ExponentialDecay(λ=0.9),1.813020710135784,5.442031894430805,0.995687999023417
244,ExponentialDecay(λ=0.9),-1.1531670833543401,3.7446616216333846,0.9769024809655605
245,ExponentialDecay(λ=0.9),-0.0014014832385321812,3.368793976231514,0.9667149065326984
246,ExponentialDecay(λ=0.9),-0.1703450966749611,2.8615694819334014,0.9459136520258847
247,ExponentialDecay(λ=0.9),-0.388820679847426,2.1865918538926357,0.8990389766257821
248,ExponentialDecay(λ=0.9),11.51291546492478,13.480848133428152,0.9999986025333985
249,ExponentialDecay(λ=0.9),0.9518870134819686,13.084650333567305,0.9999979231379027
250,ExponentialDecay(λ=0.9),-1.255585187563429,10.520600112647145,0.9999730257294067
251,ExponentialDecay(λ=0.9),1.9491926709844065,11.417732772366836,0.9999890014132534
252,ExponentialDecay(λ=0.9),11.51291546492478,21.788874960054933,0.999999999655482
253,ExponentialDecay(λ=0.9),2.3104593127756226,21.920446776825063,0.9999999996979556
254,ExponentialDecay(λ=0.9),-1.780924535598948,17.947477563543607,0.9999999839487255
255,ExponentialDecay(λ=0.9),-0.18157814338312864,15.971151663806117,0.9999998841711052
256,ExponentialDecay(λ=0.9),3.8955691154988847,18.26960561292439,0.9999999883691598
257,ExponentialDecay(λ=0.9),-0.4569940509843736,15.985651000647579,0.9999998858384304
258,ExponentialDecay(λ=0.9),1.010642294252935,15.397728194835757,0.9999997944812158
259,ExponentialDecay(λ=0.9),1.6026627772599829,15.460618152612165,0.9999998070082404
260,ExponentialDecay(λ=0.9),-0.7449582746031959,13.169598062747752,0.9999980922766124
261,ExponentialDecay(λ=0.9),0.33157435868543433,12.184212615158412,0.9999948895225601
262,ExponentialDecay(λ=0.9),-11.512915464920228,-0.5471241112776575,0.3665318941822385
263,ExponentialDecay(λ=0.9),-0.8823854087211996,-1.3747971088710913,0.20184590688326032
264,ExponentialDecay(λ=0.9),0.09699418927237849,-1.1403232087116038,0.24226102443013794
265,ExponentialDecay(λ=0.9),-1.2329527379221623,-2.259243625762606,0.09455510564937784
266,ExponentialDecay(λ=0.9),11.51291546492478,9.479596201738435,0.9999236110567099
267,ExponentialDecay(λ=0.9),-1.5788558217074764,6.952780759857115,0.9990449398893051
268,ExponentialDecay(λ=0.9),-0.12822879711267035,6.1292738867587335,0.9978265720991166
269,ExponentialDecay(λ=0.9),0.5719897521293033,6.088336250212164,0.9977359563994527
270,ExponentialDecay(λ=0.9),11.51291546492478,16.992418090115727,0.9999999582855452
271,ExponentialDecay(λ=0.9),-1.5910134837552854,13.702162797348869,0.9999988799798899
272,ExponentialDecay(λ=0.9),2.9225325169330594,15.254479034547042,0.9999997628277749
273,ExponentialDecay(λ=0.9),0.418272992224082,14.14730412331642,0.9999992823650626
274,ExponentialDecay(λ=0.9),-0.8210189651838155,11.911554745800963,0.9999932876500901
275,ExponentialDecay(λ=0.9),1.0388654898725007,11.759264761093368,0.9999921834914307
276,ExponentialDecay(λ=0.9),0.6620373785592917,11.245375663543323,0.999986932583693
277,ExponentialDecay(λ=0.9),-0.3230404880687681,9.797797609120222,0.9999444292281698
278,ExponentialDecay(λ=0.9),0.4935426124763631,9.311560460684563,0.9999096347556831
279,ExponentialDecay(λ=0.9),-0.06239655255178449,8.318007862064322,0.9997559779368238
280,ExponentialDecay(λ=0.9),0.5496535299475893,8.03586060580548,0.9996764588337201
281,ExponentialDecay(λ=0.9),1.3778109701742556,8.610085515399188,0.9998177748881903
282,ExponentialDecay(λ=0.9),11.51291546492478,19.261992428784048,0.9999999956885537
283,ExponentialDecay(λ=0.9),-1.2159194405096099,16.119873745396035,0.9999999001776614
284,ExponentialDecay(λ=0.9),11.51291546492478,26.02080183578121,0.999999999994996
285,ExponentialDecay(λ=0.9),-4.227879942201274,19.190841710001816,0.9999999953706145
286,ExponentialDecay(λ=0.9),0.21872573820522975,17.490483277206863,0.9999999746499035
287,ExponentialDecay(λ=0.9),1.2453573513812197,16.986792300867396,0.9999999580502072
288,ExponentialDecay(λ=0.9),0.7735927293575486,16.061705800138206,0.9999998941990044
289,ExponentialDecay(λ=0.9),-0.35079295798323984,14.104742262141146,0.9999992511618846
290,ExponentialDecay(λ=0.9),0.1505369379253136,12.844804973852344,0.9999973602005606
291,ExponentialDecay(λ=0.9),-0.19219052622337165,11.368133950243738,0.9999884421478039
292,ExponentialDecay(λ=0.9),-0.309689325022122,9.921631230197242,0.9999509014143947
293,ExponentialDecay(λ=0.9),1.7734051928284345,10.702873300005953,0.9999775202528327
294,ExponentialDecay(λ=0.9),0.881363276432602,10.51394924643796,0.9999728457341144
295,ExponentialDecay(λ=0.9),-0.4383797022583913,9.024174619535772,0.9998795523181063
296,ExponentialDecay(λ=0.9),1.8998978393390742,10.021654996921269,0.9999555746108074
297,ExponentialDecay(λ=0.9),0.8103771002771262,9.829866597506268,0.9999461829601978
298,ExponentialDecay(λ=0.9),1.6872232086289953,10.534103146384638,0.9999733875061605
299,ExponentialDecay(λ=0.9),1.3182394789535719,10.798932310699746,0.9999795791216467
300,ExponentialDecay(λ=0.9),-0.6133232331600674,9.105715846469705,0.9998889829616375
301,ExponentialDecay(λ=0.9),-0.27391717599082516,7.92122708583191,0.999637175015618
302,ExponentialDecay(λ=0.9),1.5449839796224867,8.674088356871206,0.9998290704886876
303,ExponentialDecay(λ=0.9),1.2838892152945973,9.090568736478682,0.9998872887651825
304,ExponentialDecay(λ=0.9),0.37940472494822425,8.560916587779039,0.9998085929054836
305,ExponentialDecay(λ=0.9),0.5545829484783426,8.259407877479477,0.9997412547720312
306,ExponentialDecay(λ=0.9),4.075473190399025,11.508940280130554,0.9999899601694368
307,ExponentialDecay(λ=0.9),-0.312401848787464,10.045644403330034,0.9999566276222409
308,ExponentialDecay(λ=0.9),1.1754527669513906,10.216532729948423,0.9999634404927796
309,ExponentialDecay(λ=0.9),0.15769479804353045,9.352574254997112,0.99991326568766
310,ExponentialDecay(λ=0.9),0.13900595481949957,8.556322784316901,0.9998077117656448
311,ExponentialDecay(λ=0.9),2.581066331233826,10.281756837119037,0.999965748873005
312,ExponentialDecay(λ=0.9),1.7160929953124804,10.969674148719614,0.9999827843441537
313,ExponentialDecay(λ=0.9),1.688698253287052,11.561404987134704,0.9999904733222796
314,ExponentialDecay(λ=0.9),4.7763411423034725,15.181605630724707,0.9999997448988964
315,ExponentialDecay(λ=0.9),0.43179054331786537,14.095235610970102,0.9999992440090011
316,ExponentialDecay(λ=0.9),1.4152067836776807,14.100918833550772,0.9999992482932771
317,ExponentialDecay(λ=0.9),0.027681659597723292,12.718508609793417,0.9999970048361049
318,ExponentialDecay(λ=0.9),0.8342361975711479,12.280893946385223,0.9999953604750847
319,ExponentialDecay(λ=0.9),0.2450472353885502,11.297851787135253,0.9999876006212397
320,ExponentialDecay(λ=0.9),0.5283525542142211,10.696419162635948,0.9999773746995337
321,ExponentialDecay(λ=0.9),1.2572196088778018,10.883996855250157,0.999981244351753
322,ExponentialDecay(λ=0.9),-0.5991691811402978,9.196427988584844,0.9998986093200162
323,ExponentialDecay(λ=0.9),11.51291546492478,19.78970065465114,0.9999999974564386
324,ExponentialDecay(λ=0.9),-0.8559089774701396,16.954821611715886,0.9999999566873742
325,ExponentialDecay(λ=0.9),-1.1761595815734964,14.0831798689708,0.999999234839816
326,ExponentialDecay(λ=0.9),2.8916729372893717,15.566534819363092,0.9999998264039854
327,ExponentialDecay(λ=0.9),1.6397345046749872,15.64961584210177,0.9999998402436512
328,ExponentialDecay(λ=0.9),1.3083441784993013,15.392998436390894,0.9999997935068594
329,ExponentialDecay(λ=0.9),1.3159293114464692,15.169627904198274,0.9999997418249935
330,ExponentialDecay(λ=0.9),0.3901797435402924,14.04284485731874,0.999999203346218
331,ExponentialDecay(λ=0.9),-0.7044619996847195,11.934098371902147,0.9999934372769014
332,ExponentialDecay(λ=0.9),0.5012003118751608,11.241888846587093,0.9999868869410743
333,ExponentialDecay(λ=0.9),-0.41860133597595833,9.699098625952425,0.9999386650029044
334,ExponentialDecay(λ=0.9),2.116910107410782,10.846098870767964,0.9999805199238582
335,ExponentialDecay(λ=0.9),0.22446893056647893,9.985957914257646,0.9999539601832861
336,ExponentialDecay(λ=0.9),-0.6087217419985252,8.378640380833357,0.9997703306923582
337,ExponentialDecay(λ=0.9),0.014337235603814233,7.5551135783538355,0.999476847143575
338,ExponentialDecay(λ=0.9),0.9637872586479657,7.763389479166417,0.9995751669978749
339,ExponentialDecay(λ=0.9),-0.2782509372283818,6.708799594021394,0.9987813590031877
340,ExponentialDecay(λ=0.9),-0.6044166666003081,5.433502968018947,0.9956512256222396
341,ExponentialDecay(λ=0.9),0.7222676044598315,5.612420275676884,0.9963610708922732
342,ExponentialDecay(λ=0.9),0.7240124414465976,5.775190689555793,0.9969059967892278
343,ExponentialDecay(λ=0.9),-0.20909025826504532,4.988581362335168,0.9932308081343401
344,ExponentialDecay(λ=0.9),-0.16562353480477168,4.32409969129688,0.9869276792867211
345,ExponentialDecay(λ=0.9),0.7064441943113665,4.598133916478559,0.990029795229897
346,ExponentialDecay(λ=0.9),-1.6173207896413844,2.520999735189318,0.925600929746416
347,ExponentialDecay(λ=0.9),-1.5315920608640465,0.73730770080634,0.6764068442086386
348,ExponentialDecay(λ=0.9),-0.4706317252203015,0.1929452055054045,0.5480872118878705
349,ExponentialDecay(λ=0.9),0.14411231573771371,0.3177630006925778,0.5787789817454387
350,ExponentialDecay(λ=0.9),0.8154623254071038,1.101449026030424,0.7505315109597586
351,ExponentialDecay(λ=0.9),11.51291546492478,12.50421958835216,0.9999962890524117
352,ExponentialDecay(λ=0.9),1.7930261189836796,13.046823748500625,0.9999978430727218
353,ExponentialDecay(λ=0.9),0.2088293847507977,11.950970758401361,0.9999935470760954
354,ExponentialDecay(λ=0.9),0.3817501053824967,11.13762378794372,0.9999854459076415
355,ExponentialDecay(λ=0.9),-0.8509138555699464,9.172947553579403,0.9998962007028307
356,ExponentialDecay(λ=0.9),0.3823760913274781,8.638028889548941,0.9998227954972838
357,ExponentialDecay(λ=0.9),0.05362247830868851,7.827848478902736,0.9996016768237043
358,ExponentialDecay(λ=0.9),0.8321794611007381,7.877243092113201,0.9996208665475032
359,ExponentialDecay(λ=0.9),-0.6110017594143784,6.478517023487503,0.9984662689722865
360,ExponentialDecay(λ=0.9),1.12981065402076,6.960475975159513,0.9990522541386713
361,ExponentialDecay(λ=0.9),11.51291546492478,17.777343842568342,0.9999999809718022
362,ExponentialDecay(λ=0.9),0.27113675546841715,16.270746213779926,0.9999999141570437
363,ExponentialDecay(λ=0.9),0.9470102439414367,15.59068183634337,0.9999998305456056
364,ExponentialDecay(λ=0.9),1.4309108528139438,15.462524505522978,0.9999998073758003
365,ExponentialDecay(λ=0.9),-0.08150966429888504,13.834762390671797,0.999999019068662
366,ExponentialDecay(λ=0.9),0.695673095272585,13.146959246877202,0.9999980485955197
367,ExponentialDecay(λ=0.9),0.4212307510281728,12.253494073217654,0.9999952315957206
368,ExponentialDecay(λ=0.9),0.5292271097948046,11.557371775690694,0.9999904348219539
369,ExponentialDecay(λ=0.9),-0.5403891321879268,9.861245465933697,0.9999478453712425
370,ExponentialDecay(λ=0.9),0.4361994004421399,9.311320319782467,0.9999096130546475
371,ExponentialDecay(λ=0.9),1.0954121142543882,9.47560040205861,0.9999233052346097
372,ExponentialDecay(λ=0.9),11.51291546492478,20.040955826777527,0.9999999980215573
373,ExponentialDecay(λ=0.9),2.0682752593029456,20.10513550340272,0.9999999981445442
374,ExponentialDecay(λ=0.9),11.51291546492478,29.60753741798723,0.9999999999998614
375,ExponentialDecay(λ=0.9),-0.5330932279584953,26.113690448230013,0.9999999999954399
376,ExponentialDecay(λ=0.9),1.829449982172278,25.33177138557929,0.9999999999900333
377,ExponentialDecay(λ=0.9),0.641102331940095,23.43969657896146,0.9999999999338898
378,ExponentialDecay(λ=0.9),11.51291546492478,32.608642385990095,0.9999999999999931
379,ExponentialDecay(λ=0.9),-0.5861856792284024,28.761592468162682,0.9999999999996771
380,ExponentialDecay(λ=0.9),-0.6274743247563931,25.257958896590022,0.9999999999892697
381,ExponentialDecay(λ=0.9),-0.3220254633915609,22.41013754353946,0.9999999998149023
382,ExponentialDecay(λ=0.9),-11.512915464920228,8.656208324265284,0.9998259873137794
383,ExponentialDecay(λ=0.9),-0.23194025622709902,7.558647235611657,0.9994786915620594
384,ExponentialDecay(λ=0.9),-0.522532670706174,6.280249841344317,0.998130568719025
385,ExponentialDecay(λ=0.9),0.5976484997363057,6.249873356946192,0.9980730217838862
386,ExponentialDecay(λ=0.9),0.8593593782796866,6.484245399531259,0.9984750162843135
387,ExponentialDecay(λ=0.9),11.51291546492478,17.348736324502912,0.9999999707894636
388,ExponentialDecay(λ=0.9),2.0419054568174033,17.655768148870024,0.9999999785119349
389,ExponentialDecay(λ=0.9),-0.2943922904677547,15.595799043515267,0.9999998314105238
390,ExponentialDecay(λ=0.9),-0.7060347868908219,13.33018435227292,0.9999983752977293
391,ExponentialDecay(λ=0.9),1.0857244419109864,13.082890358956615,0.9999979194794673
392,ExponentialDecay(λ=0.9),-1.3619100905533494,10.412691232507603,0.9999699522051013
393,ExponentialDecay(λ=0.9),11.51291546492478,20.88433757418162,0.9999999991487689
394,ExponentialDecay(λ=0.9),3.028201460320616,21.824105277084076,0.9999999996674083
395,ExponentialDecay(λ=0.9),-0.16337319536751183,19.478321554008158,0.9999999965272588
396,ExponentialDecay(λ=0.9),-2.3627247572287864,15.167764641378557,0.9999997413434975
397,ExponentialDecay(λ=0.9),11.51291546492478,25.16390364216548,0.9999999999882117
398,ExponentialDecay(λ=0.9),0.2640761987550044,22.911589476703934,0.9999999998878955
399,ExponentialDecay(λ=0.9),3.523349938035629,24.14378046706917,0.9999999999673044
400,ExponentialDecay(λ=0.9),-1.9766939857197703,19.752708434642486,0.9999999973605846
401,ExponentialDecay(λ=0.9),-0.32200376344895154,17.455433827729287,0.9999999737456422
402,ExponentialDecay(λ=0.9),0.4120240553978474,16.121914500354208,0.9999999003811665
403,ExponentialDecay(λ=0.9),0.46455494605608877,14.974277996374877,0.9999996861272883
404,ExponentialDecay(λ=0.9),-0.14030829416990848,13.33654190256748,0.9999983855940746
405,ExponentialDecay(λ=0.9),1.3060711811869232,13.308958893497655,0.9999983404441523
406,ExponentialDecay(λ=0.9),-0.9458813421379382,11.032181662009952,0.9999838274926515
407,ExponentialDecay(λ=0.9),0.23015523597187576,10.159118731780834,0.9999612801222332
408,ExponentialDecay(λ=0.9),0.5584278170998935,9.701634675702644,0.9999388203449312
409,ExponentialDecay(λ=0.9),1.121849670985375,9.853320879117755,0.9999474304472068
410,ExponentialDecay(λ=0.9),1.472812286408716,10.340801077614696,0.9999677125957644
411,ExponentialDecay(λ=0.9),-1.0324604515558302,8.274260518297398,0.9997450684505442
412,ExponentialDecay(λ=0.9),-1.817236939094458,5.6295975273732,0.9964228222181435
413,ExponentialDecay(λ=0.9),4.075691086626745,9.142328861262625,0.9998929736929347
414,ExponentialDecay(λ=0.9),0.8458421107323283,9.07393808586869,0.9998853988471074
415,ExponentialDecay(λ=0.9),-0.5088888589484636,7.657655418333357,0.9995278093434208
416,ExponentialDecay(λ=0.9),11.51291546492478,18.4048053414248,0.9999999898399793
417,ExponentialDecay(λ=0.9),0.5524438218933246,17.116768629175645,0.9999999631632064
418,ExponentialDecay(λ=0.9),3.0272281296631065,18.43231989592119,0.9999999901157169
419,ExponentialDecay(λ=0.9),0.49063302036833073,17.0797209266974,0.9999999617728929
420,ExponentialDecay(λ=0.9),11.51291546492478,26.88466429895244,0.9999999999978908
421,ExponentialDecay(λ=0.9),11.51291546492478,35.709113333981975,0.9999999999999998
422,ExponentialDecay(λ=0.9),0.10132963470894107,32.23953163529272,0.99999999999999
423,ExponentialDecay(λ=0.9),2.105858437641248,31.1214369094047,0.9999999999999696
424,ExponentialDecay(λ=0.9),1.346841576352688,29.356134794816917,0.9999999999998219
425,ExponentialDecay(λ=0.9),11.51291546492478,37.93343678026,1.0
426,ExponentialDecay(λ=0.9),-0.7976755447685746,33.34241755746543,0.9999999999999967
427,ExponentialDecay(λ=0.9),1.4230456738391812,31.43122147555807,0.9999999999999776
428,ExponentialDecay(λ=0.9),2.4092156133876474,30.69731494138991,0.9999999999999534
429,ExponentialDecay(λ=0.9),-2.5507196415879956,25.07686380566292,0.9999999999871396
430,ExponentialDecay(λ=0.9),-1.125338195248417,21.443839229848212,0.9999999995135267
431,ExponentialDecay(λ=0.9),-11.512915464920228,7.786539841943162,0.9995848850313034
432,ExponentialDecay(λ=0.9),0.07674945073494271,7.084635308483789,0.9991628211562498
433,ExponentialDecay(λ=0.9),1.4845754222215233,7.860747199856934,0.9996145629648294
434,ExponentialDecay(λ=0.9),11.51291546492478,18.58758794479602,0.9999999915372187
435,ExponentialDecay(λ=0.9),0.4990175928955506,17.22784674321197,0.999999967035901
436,ExponentialDecay(λ=0.9),11.51291546492478,27.017977533815554,0.9999999999981539
437,ExponentialDecay(λ=0.9),-1.4764147397256908,22.839765040708308,0.9999999998795475
438,ExponentialDecay(λ=0.9),-2.326088238042289,18.22970029859519,0.9999999878956424
439,ExponentialDecay(λ=0.9),0.33648193399093695,16.743212202726607,0.9999999464800982
440,ExponentialDecay(λ=0.9),0.9208714417360684,15.989762424190015,0.9999998863068333
441,ExponentialDecay(λ=0.9),0.3647573955462219,14.755543577317237,0.9999996093852153
442,ExponentialDecay(λ=0.9),-11.512915464920228,1.7670737546652848,0.854093386310024
443,ExponentialDecay(λ=0.9),0.29518074009461004,1.8855471192933664,0.8682469817497734
444,ExponentialDecay(λ=0.9),-1.3330267266909956,0.36396568067303403,0.5900000734097834
445,ExponentialDecay(λ=0.9),1.3919399507579904,1.719509063363721,0.8480655897970083
446,ExponentialDecay(λ=0.9),0.8952843591419798,2.442842516169329,0.9200364597987885
447,ExponentialDecay(λ=0.9),-0.7628119910556324,1.4357462734967634,0.8077950730979926
448,ExponentialDecay(λ=0.9),-0.2174936148284095,1.0746780313186777,0.745485529630047
449,ExponentialDecay(λ=0.9),-0.9333975030603229,0.03381272512648703,0.5084523759965752
450,ExponentialDecay(λ=0.9),0.3276861319240347,0.358117584537873,0.5885846781021524
451,ExponentialDecay(λ=0.9),2.0559026983480275,2.378208524432113,0.915150429394226
452,ExponentialDecay(λ=0.9),-0.8269886237213545,1.3133990482675473,0.7880813837880555
453,ExponentialDecay(λ=0.9),1.105097232757292,2.2871563761980847,0.9078077349118475
454,ExponentialDecay(λ=0.9),-0.23741811083274517,1.8210226277455313,0.860688789017145
455,ExponentialDecay(λ=0.9),-0.5660959535985057,1.0728244113724725,0.7451336696030262
456,ExponentialDecay(λ=0.9),0.27325118760566414,1.2387931578408895,0.7753538760648654
457,ExponentialDecay(λ=0.9),-0.8981671058390928,0.2167467362177078,0.5539755389215288
458,ExponentialDecay(λ=0.9),-0.26593544410284475,-0.07086338150690774,0.48229156442095117
459,ExponentialDecay(λ=0.9),-1.149192362676354,-1.212969406032571,0.22917607051839287
460,ExponentialDecay(λ=0.9),11.51291546492478,10.421242999495465,0.999970208063606
461,ExponentialDecay(λ=0.9),0.4497469425612878,9.828865642107207,0.9999461290676755
462,ExponentialDecay(λ=0.9),-0.4469660874521824,8.399012990444305,0.9997749612738833
463,ExponentialDecay(λ=0.9),0.6820405431491503,8.241152234549025,0.9997364890882926
464,ExponentialDecay(λ=0.9),0.2667773761286556,7.683814387222778,0.9995399955973091
465,ExponentialDecay(λ=0.9),0.1350413266097221,7.050474275110222,0.9991337533694366
466,ExponentialDecay(λ=0.9),1.2906075762852232,7.636034423884423,0.9995174939249093
467,ExponentialDecay(λ=0.9),1.56627766964074,8.438708651136722,0.9997837174616402
468,ExponentialDecay(λ=0.9),-0.23771448862027877,7.3571232974027705,0.9993623755760777
469,ExponentialDecay(λ=0.9),-0.293061496424599,6.328349471237894,0.9982182029718204
470,ExponentialDecay(λ=0.9),0.06996649175798449,5.76548101587209,0.9968759030171287
471,ExponentialDecay(λ=0.9),-11.512915464920228,-6.323982550635347,0.0017895810534018439
472,ExponentialDecay(λ=0.9),-1.7708015125828205,-7.462385808154632,0.0005739547900534322
473,ExponentialDecay(λ=0.9),11.51291546492478,4.79676823758561,0.9918112230493003
474,ExponentialDecay(λ=0.9),11.51291546492478,15.830006878751828,0.9999998666124468
475,ExponentialDecay(λ=0.9),0.10124314396922501,14.34824933484587,0.999999413005227
476,ExponentialDecay(λ=0.9),1.225141482176049,14.138565883537332,0.9999992760667229
477,ExponentialDecay(λ=0.9),0.8159456938669732,13.540654989050573,0.9999986836611922
478,ExponentialDecay(λ=0.9),11.51291546492478,23.699504955070296,0.9999999999490157
479,ExponentialDecay(λ=0.9),2.6806055174494583,24.010159977012723,0.9999999999626303
480,ExponentialDecay(λ=0.9),0.24775853203496975,21.85690251134642,0.9999999996781395
481,ExponentialDecay(λ=0.9),-0.7845603112157651,18.88665194899601,0.9999999937247466
482,ExponentialDecay(λ=0.9),-2.0108724350941976,14.987114319002211,0.9999996901305103
483,ExponentialDecay(λ=0.9),0.6679281881686577,14.156331075270648,0.9999992888139635
484,ExponentialDecay(λ=0.9),-0.5189628910186814,12.221735076724903,0.9999950777262948
485,ExponentialDecay(λ=0.9),-1.5622509532540187,9.437310615798394,0.9999203119011032
486,ExponentialDecay(λ=0.9),-0.3804094988216972,8.113170055396857,0.9997005219938274
487,ExponentialDecay(λ=0.9),-0.9667157888038322,6.3351372610533385,0.998230235149042
488,ExponentialDecay(λ=0.9),11.51291546492478,17.214538999872783,0.9999999665942914
489,ExponentialDecay(λ=0.9),1.8531107495772923,17.3461958494628,0.9999999707151606
490,ExponentialDecay(λ=0.9),0.3955091460583248,16.00708541057484,0.9999998882593775
491,ExponentialDecay(λ=0.9),11.51291546492478,25.919292334442137,0.9999999999944615
492,ExponentialDecay(λ=0.9),0.5031976340509281,23.830560735048852,0.9999999999552782
493,ExponentialDecay(λ=0.9),-0.6561066524112407,20.791398009132728,0.999999999065863
494,ExponentialDecay(λ=0.9),11.51291546492478,30.225173673144234,0.9999999999999254
495,ExponentialDecay(λ=0.9),1.1618737216730617,28.364530027502873,0.9999999999995197
496,ExponentialDecay(λ=0.9),-0.9010919466481824,24.626985078104404,0.9999999999798332
497,ExponentialDecay(λ=0.9),0.17201649430965493,22.33630306460362,0.9999999998007185
498,ExponentialDecay(λ=0.9),-0.6752846817889976,19.42738807635426,0.999999996345798
499,ExponentialDecay(λ=0.9),-1.4817709238383419,16.002878344880493,0.9999998877882871
500,ExponentialDecay(λ=0.9),1.9722563807010636,16.374846891093508,0.999999922643944
501,ExponentialDecay(λ=0.9),11.51291546492478,26.250277666908936,0.9999999999960221
502,ExponentialDecay(λ=0.9),-1.5134387619313907,22.111811138286654,0.9999999997505622
503,ExponentialDecay(λ=0.9),1.2020584675692427,21.10268849202723,0.9999999993157436
504,ExponentialDecay(λ=0.9),-0.38547436083899084,18.606945281985517,0.9999999916994603
505,ExponentialDecay(λ=0.9),-0.18507695128215243,16.561173802504815,0.9999999357943014
506,ExponentialDecay(λ=0.9),-0.31341324968067424,14.591643172573658,0.9999995398179352
507,ExponentialDecay(λ=0.9),-0.6597188576906051,12.472759997625689,0.9999961704521906
508,ExponentialDecay(λ=0.9),0.4665062010527492,11.69199019891587,0.9999916395521304
509,ExponentialDecay(λ=0.9),-0.6158979829793466,9.906893196044937,0.99995017247545
510,ExponentialDecay(λ=0.9),0.75900213698713,9.675206013427573,0.9999371819957316
511,ExponentialDecay(λ=0.9),0.3430390996352045,9.05072451172002,0.9998827077425477
512,ExponentialDecay(λ=0.9),0.11338365811494065,8.25903571866296,0.9997411584847226
513,ExponentialDecay(λ=0.9),-0.7184658556761984,6.714666291120465,0.9987884788337761
514,ExponentialDecay(λ=0.9),-0.29423003689996885,5.748969625108449,0.996824056807698
515,ExponentialDecay(λ=0.9),1.5618410136149945,6.735913676212599,0.9988139187360789
516,ExponentialDecay(λ=0.9),1.1000803277175737,7.162402636308913,0.999225410639008
517,ExponentialDecay(λ=0.9),-0.8154355380943611,5.630726834583661,0.9964268452441718
518,ExponentialDecay(λ=0.9),0.531357585908668,5.599011737033963,0.9963121307371501
519,ExponentialDecay(λ=0.9),1.5534824512745398,6.5925930146051055,0.9986313939762028
520,ExponentialDecay(λ=0.9),-2.2063868118158614,3.7269469013287337,0.9764993705846071
521,ExponentialDecay(λ=0.9),1.169242450033484,4.5234946612293445,0.9892654444215518
522,ExponentialDecay(λ=0.9),-0.4004140153502081,3.6707311797562023,0.9751741635172984
523,ExponentialDecay(λ=0.9),1.2149838775693018,4.518641939349884,0.9892137892493768
524,ExponentialDecay(λ=0.9),-0.5278338355959186,3.5389439098189768,0.9717757604046083
525,ExponentialDecay(λ=0.9),-2.7778055963817194,0.4072439224553599,0.6004268394039716
526,ExponentialDecay(λ=0.9),-2.0731172680855336,-1.7065977378757098,0.1536055257074891
527,ExponentialDecay(λ=0.9),0.46595318749038656,-1.0699847765977522,0.2554059792534658
528,ExponentialDecay(λ=0.9),0.7442144426547455,-0.21877185628323148,0.4455241358234749
529,ExponentialDecay(λ=0.9),-0.7140479341819228,-0.9109426048368312,0.28680698987591263
530,ExponentialDecay(λ=0.9),1.3344619607299728,0.5146136163768247,0.6258873895289544
531,ExponentialDecay(λ=0.9),-2.1801857371906883,-1.717033482451546,0.15225366458522555
532,ExponentialDecay(λ=0.9),0.3234961779518242,-1.2218339562545673,0.22761386938116943
533,ExponentialDecay(λ=0.9),-1.1708845214902295,-2.27053508211934,0.09359280963941007
534,ExponentialDecay(λ=0.9),-0.3869606844208848,-2.4304422583282905,0.08088058411644496
535,ExponentialDecay(λ=0.9),0.4650842291580231,-1.7223138033374383,0.15157337118423736
536,ExponentialDecay(λ=0.9),-0.6549453078026597,-2.2050277308063544,0.09929990491977879
537,ExponentialDecay(λ=0.9),-0.06148601656744394,-2.046010974293163,0.1144560710983128
538,ExponentialDecay(λ=0.9),2.2183788836359826,0.37696900677213585,0.5931418567220682
539,ExponentialDecay(λ=0.9),-0.2943778384561596,0.04489426763876264,0.5112216822023863
540,ExponentialDecay(λ=0.9),1.7401619394434715,1.7805667803183578,0.8557668376872701
541,ExponentialDecay(λ=0.9),-1.0403216111071365,0.5621884911793855,0.6369587635388413
542,ExponentialDecay(λ=0.9),1.1468837086498818,1.6528533507113288,0.8392763161173653
543,ExponentialDecay(λ=0.9),11.51291546492478,13.000483480564975,0.9999977407682583
544,ExponentialDecay(λ=0.9),-11.512915464920228,0.18751966758824956,0.5467430259142373
545,ExponentialDecay(λ=0.9),-0.5713237900137613,-0.4025560891843367,0.40069836720557234
546,ExponentialDecay(λ=0.9),1.2260223717888028,0.8637218915228997,0.7034376771597287
547,ExponentialDecay(λ=0.9),0.15666518449186426,0.934014886862474,0.7178891086296658
548,ExponentialDecay(λ=0.9),0.9019193116516826,1.742532709827909,0.8510084810309563
549,ExponentialDecay(λ=0.9),-0.327683195267959,1.2405962435771591,0.7756677820412724
550,ExponentialDecay(λ=0.9),0.5149960640416325,1.6315326832610757,0.8363794928500471
551,ExponentialDecay(λ=0.9),0.21400029330973463,1.682379708244703,0.843219386635083
552,ExponentialDecay(λ=0.9),2.9515060114289264,4.465647748849159,0.9886334381385253
553,ExponentialDecay(λ=0.9),0.7369395275849417,4.756022501549185,0.9914735781287946
554,ExponentialDecay(λ=0.9),0.8534043691690533,5.13382462056332,0.9941405602990367
555,ExponentialDecay(λ=0.9),-0.09432222676384677,4.526119931743141,0.9892932872432562
556,ExponentialDecay(λ=0.9),-0.185658930550547,3.8878490080182804,0.9799220141585722
557,ExponentialDecay(λ=0.9),-0.11921080257449468,3.3798533046419577,0.9670689337719254
558,ExponentialDecay(λ=0.9),0.9362207891062896,3.9780887632840516,0.9816226630545387
559,ExponentialDecay(λ=0.9),-0.10527850775514554,3.475001379200501,0.9699680517868902
560,ExponentialDecay(λ=0.9),0.7858170122508301,3.9133182535312807,0.9804170404168601
561,ExponentialDecay(λ=0.9),11.51291546492478,15.034901893102932,0.9999997045901694
562,ExponentialDecay(λ=0.9),1.8264427456925825,15.35785444948522,0.9999997861208418
563,ExponentialDecay(λ=0.9),0.008771817643626322,13.830840822180326,0.9999990152143238
564,ExponentialDecay(λ=0.9),3.1875792238024636,15.635335963764758,0.9999998379459841
565,ExponentialDecay(λ=0.9),-0.08975064559081813,13.982051721797465,0.9999991534127493
566,ExponentialDecay(λ=0.9),-11.512915464920228,1.0709310846974898,0.7447739420624767
567,ExponentialDecay(λ=0.9),-0.8588766134433339,0.10496136278440693,0.526216276633023
568,ExponentialDecay(λ=0.9),-3.210770280391816,-3.1163050538858497,0.042439675485582286
569,ExponentialDecay(λ=0.9),-0.02181704618788996,-2.8264915946851548,0.055909295382231154
570,ExponentialDecay(λ=0.9),0.42854223424109567,-2.1153002009755437,0.10761859264856773
571,ExponentialDecay(λ=0.9),11.51291546492478,9.60914528404679,0.999932892342109
572,ExponentialDecay(λ=0.9),0.8381631449729576,9.486393900615068,0.9999241285255549
573,ExponentialDecay(λ=0.9),0.13729462452281907,8.675049135076382,0.9998292346071392
574,ExponentialDecay(λ=0.9),1.7253890177038511,9.532933239272595,0.99992757837849
575,ExponentialDecay(λ=0.9),-11.512915464920228,-2.9332755495748923,0.05053293459099091
576,ExponentialDecay(λ=0.9),0.7112819746249044,-1.928666019992499,0.12689830505801403
577,ExponentialDecay(λ=0.9),1.594580403285387,-0.14121901470786224,0.46475380254813337
578,ExponentialDecay(λ=0.9),-1.685078772790814,-1.81217588602789,0.14037535580191382
579,ExponentialDecay(λ=0.9),2.808365565392932,1.1774072679678307,0.7644813034486205
580,ExponentialDecay(λ=0.9),0.8546846108238545,1.9143511519949024,0.8715071884756802
581,ExponentialDecay(λ=0.9),-0.09842487700800846,1.6244911597874037,0.835413584671113
582,ExponentialDecay(λ=0.9),1.32392847471359,2.7859705185222534,0.9419129721822638
583,ExponentialDecay(λ=0.9),11.51291546492478,14.020288931594807,0.9999991851727801
584,ExponentialDecay(λ=0.9),0.6391437413008315,13.257403779736158,0.9999982526418288
585,ExponentialDecay(λ=0.9),0.7284551568860554,12.660118558648598,0.9999968247422059
586,ExponentialDecay(λ=0.9),-0.1515223156323381,11.242584387151402,0.9999868960584479
587,ExponentialDecay(λ=0.9),-0.6408842131583248,9.477441735277937,0.9999234463144907
588,ExponentialDecay(λ=0.9),1.7275654134006806,10.257262975150825,0.9999648996015661
589,ExponentialDecay(λ=0.9),-0.6491777551982132,8.58235892243753,0.9998126526705792
590,ExponentialDecay(λ=0.9),0.4957917618381312,8.219914792031908,0.9997308344644402
591,ExponentialDecay(λ=0.9),-0.17362378588882654,7.224299526939891,0.9992718677938225
592,ExponentialDecay(λ=0.9),1.0652573424930096,7.567126916738912,0.9994830911265566
593,ExponentialDecay(λ=0.9),0.8477675787382087,7.65818180380323,0.9995280577150426
594,ExponentialDecay(λ=0.9),2.3291420372138543,9.221505660636762,0.9999011200970183
595,ExponentialDecay(λ=0.9),-0.21281930917710767,8.086535785395977,0.9996924409300513
596,ExponentialDecay(λ=0.9),0.07618690816305583,7.354069115019436,0.9993604264252982
597,ExponentialDecay(λ=0.9),-0.8171409894749482,5.801521214042544,0.9969861580139052
598,ExponentialDecay(λ=0.9),-0.13334916257269305,5.088019930065596,0.9938676129327131
599,ExponentialDecay(λ=0.9),0.9109286120736034,5.49014654913264,0.995889724802677
600,ExponentialDecay(λ=0.9),1.5651883339650492,6.506320228184426,0.9985082615294562
601,ExponentialDecay(λ=0.9),-0.7384169838794803,5.1172712214865035,0.994043341986432
602,ExponentialDecay(λ=0.9),1.8226330811528804,6.428177180490734,0.9983872125633113
603,ExponentialDecay(λ=0.9),11.51291546492478,17.29827492736644,0.9999999692776355
604,ExponentialDecay(λ=0.9),0.9645430209035842,16.53299045553338,0.9999999339590294
605,ExponentialDecay(λ=0.9),11.51291546492478,26.39260687490482,0.9999999999965499
606,ExponentialDecay(λ=0.9),-0.5413945233235345,23.211951664090805,0.9999999999169811
607,ExponentialDecay(λ=0.9),-1.2275895516262993,19.663166946055426,0.9999999971133435
608,ExponentialDecay(λ=0.9),-2.6436103600154865,15.053239891434398,0.9999997099580247
609,ExponentialDecay(λ=0.9),11.51291546492478,25.060831367215737,0.9999999999869318
610,ExponentialDecay(λ=0.9),1.3633874584027708,23.918135688896932,0.9999999999590281
611,ExponentialDecay(λ=0.9),0.3364363000622102,21.86275842006945,0.9999999996800186
612,ExponentialDecay(λ=0.9),0.7721721588590766,20.448654736921583,0.9999999986839812
613,ExponentialDecay(λ=0.9),-1.0337729883389395,17.370016274890485,0.999999971404495
614,ExponentialDecay(λ=0.9),11.51291546492478,27.145930112326216,0.9999999999983757
615,ExponentialDecay(λ=0.9),0.5700137790756902,25.001350880169284,0.9999999999861309
616,ExponentialDecay(λ=0.9),0.5443271097714736,23.045542901923827,0.99999999990195
617,ExponentialDecay(λ=0.9),1.501043018447587,22.24203163017903,0.9999999997810181
618,ExponentialDecay(λ=0.9),1.0684538492287428,21.08628231638987,0.9999999993044251
619,ExponentialDecay(λ=0.9),0.6953914534242926,19.673045538175177,0.9999999971417193
620,ExponentialDecay(λ=0.9),-0.5629824335850838,17.142758550772577,0.9999999641082578
621,ExponentialDecay(λ=0.9),1.0534691113120558,16.481951807007373,0.9999999305008891
622,ExponentialDecay(λ=0.9),11.51291546492478,26.346672091231415,0.9999999999963878
623,ExponentialDecay(λ=0.9),11.51291546492478,35.224920347033056,0.9999999999999996
624,ExponentialDecay(λ=0.9),11.51291546492478,43.21534377725453,1.0
625,ExponentialDecay(λ=0.9),-0.21427491174483135,38.67953448778425,1.0
626,ExponentialDecay(λ=0.9),-0.8324913085274098,33.97908973047842,0.9999999999999982
627,ExponentialDecay(λ=0.9),0.2503551926452489,30.83153595007583,0.9999999999999594
628,ExponentialDecay(λ=0.9),0.475638631919523,28.224020986987767,0.9999999999994473
629,ExponentialDecay(λ=0.9),2.560225185591988,27.96184407388098,0.9999999999992817
630,ExponentialDecay(λ=0.9),-2.2863400191667043,22.879319647326177,0.9999999998842188
631,ExponentialDecay(λ=0.9),11.51291546492478,32.10430314751834,0.9999999999999887
632,ExponentialDecay(λ=0.9),0.21117177907277676,29.105044611839283,0.9999999999997711
633,ExponentialDecay(λ=0.9),-0.11237539330484121,26.082164757350515,0.999999999995294
634,ExponentialDecay(λ=0.9),-0.8646502703875482,22.609298011227914,0.9999999998483275
635,ExponentialDecay(λ=0.9),-2.1584633590292652,18.189904851075855,0.9999999874042308
636,ExponentialDecay(λ=0.9),1.7108860616849213,18.081800427653192,0.9999999859662465
637,ExponentialDecay(λ=0.9),0.4980262904894509,16.771646675377326,0.999999947980476
638,ExponentialDecay(λ=0.9),-1.3068661085258864,13.787615899313707,0.9999989717136999
639,ExponentialDecay(λ=0.9),-1.3160491174814746,11.092805191900862,0.9999847787855127
640,ExponentialDecay(λ=0.9),-0.002941641269382742,9.980583031441393,0.9999537120699278
641,ExponentialDecay(λ=0.9),11.51291546492478,20.49544019322203,0.9999999987441337
642,ExponentialDecay(λ=0.9),0.08854819028976599,18.534444364189596,0.9999999910753111
643,ExponentialDecay(λ=0.9),-1.7420154638934189,14.93898446387722,0.9999996748518098
644,ExponentialDecay(λ=0.9),0.10520525139738042,13.55029126888688,0.9999986962848643
645,ExponentialDecay(λ=0.9),0.0727638037418933,12.268025945740085,0.9999953003881857
646,ExponentialDecay(λ=0.9),-11.512915464920228,-0.4716921137541519,0.3842158212515329
647,ExponentialDecay(λ=0.9),0.3380284892053391,-0.08649441317339757,0.47838986765430497
648,ExponentialDecay(λ=0.9),0.12303352827704434,0.04518855642098653,0.5112952170959151
649,ExponentialDecay(λ=0.9),1.4426320555676166,1.4833017563465045,0.8150707735979628
650,ExponentialDecay(λ=0.9),11.51291546492478,12.847887045636632,0.9999973683240656
651,ExponentialDecay(λ=0.9),2.7160913852710062,14.279189726343976,0.9999993710350815
652,ExponentialDecay(λ=0.9),0.07737214694304086,12.92864290065262,0.9999975724919683
653,ExponentialDecay(λ=0.9),-1.0045782916829,10.631200318904456,0.9999758499587366
654,ExponentialDecay(λ=0.9),11.51291546492478,21.08099575193879,0.999999999300738
655,ExponentialDecay(λ=0.9),0.4800747689152146,19.452970945660127,0.9999999964380972
656,ExponentialDecay(λ=0.9),0.42290753451817187,17.930581385612285,0.999999983675216
657,ExponentialDecay(λ=0.9),0.3753971512794333,16.51292039833049,0.9999999326201933
658,ExponentialDecay(λ=0.9),0.6607347842961145,15.522363142793555,0.9999998185640838
659,ExponentialDecay(λ=0.9),0.2277468358851164,14.197873664399316,0.9999993177531857
660,ExponentialDecay(λ=0.9),-0.29041856736856714,12.487667730590816,0.9999962271184194
661,ExponentialDecay(λ=0.9),-0.25764658439975924,10.981254373131975,0.9999829825520582
662,ExponentialDecay(λ=0.9),0.3646848075867448,10.247813743405523,0.9999645663696058
663,ExponentialDecay(λ=0.9),-0.25345792928986977,8.969574439775101,0.9998727938620635
664,ExponentialDecay(λ=0.9),-0.46354045976481856,7.609076536032774,0.9995043162040604
665,ExponentialDecay(λ=0.9),0.540501485398218,7.388670367827714,0.9993821645476044
666,ExponentialDecay(λ=0.9),0.0940967068547146,6.743900037899658,0.9988233423837666
667,ExponentialDecay(λ=0.9),11.51291546492478,17.58242549903447,0.9999999768767104
668,ExponentialDecay(λ=0.9),-11.512915464920228,4.311267484210797,0.9867610867556605
669,ExponentialDecay(λ=0.9),2.548193455358584,6.428334191148301,0.9983874653599472
670,ExponentialDecay(λ=0.9),3.6164487407261294,9.4019495127596,0.9999174438650444
671,ExponentialDecay(λ=0.9),-11.512915464920228,-3.051160903436587,0.04516738042189322
672,ExponentialDecay(λ=0.9),-0.011225230765287189,-2.757270043858216,0.05967737613698742
673,ExponentialDecay(λ=0.9),-0.04573701053321999,-2.5272800500056145,0.07396773793418152
674,ExponentialDecay(λ=0.9),-1.5316904213393692,-3.806242466344422,0.021748064674625985
675,ExponentialDecay(λ=0.9),-0.5465939729706997,-3.9722121926806793,0.018483648576578315
676,ExponentialDecay(λ=0.9),-1.0107799227740883,-4.5857708961867,0.010092979906642652
677,ExponentialDecay(λ=0.9),11.51291546492478,7.385721658356749,0.9993803411722786
678,ExponentialDecay(λ=0.9),1.9991091998374086,8.646258692358483,0.9998242476155688
679,ExponentialDecay(λ=0.9),3.969469543047771,11.751102366170405,0.9999921194294097
680,ExponentialDecay(λ=0.9),1.4928230521162231,12.068815181669589,0.9999942644156304
681,ExponentialDecay(λ=0.9),-1.0393031776469959,9.822630485855633,0.9999457921429056
682,ExponentialDecay(λ=0.9),-0.2304386625645414,8.609928774705528,0.9998177463290674
683,ExponentialDecay(λ=0.9),1.0816831324914526,8.830619029726428,0.999853833650798
684,ExponentialDecay(λ=0.9),-1.1894257406442448,6.7581313861095405,0.998839949928327
685,ExponentialDecay(λ=0.9),1.4755502354367238,7.55786848293531,0.9994782856454849
686,ExponentialDecay(λ=0.9),0.11172559623145137,6.913807230873231,0.9990070206637386
687,ExponentialDecay(λ=0.9),-0.04979525573366193,6.172631252052246,0.9979186005949034
688,ExponentialDecay(λ=0.9),1.4715179048238987,7.02688603167092,0.9991130955726274
689,ExponentialDecay(λ=0.9),1.0113230552673445,7.335520483771173,0.9993484603057691
690,ExponentialDecay(λ=0.9),-0.033162437840443086,6.568805997553613,0.9985984948122104
691,ExponentialDecay(λ=0.9),2.8990396103568568,8.810965008155108,0.9998509329102168
692,ExponentialDecay(λ=0.9),-0.9659874943004236,6.963881013039174,0.999055472718333
693,ExponentialDecay(λ=0.9),1.2937467013359323,7.561239613071189,0.9994800405383322
694,ExponentialDecay(λ=0.9),1.253646082895414,8.058761734659484,0.9996837817767744
695,ExponentialDecay(λ=0.9),0.028546211157986313,7.281431772351523,0.9993122737799235
696,ExponentialDecay(λ=0.9),0.837032729115948,7.3903213242323185,0.9993831830968147
697,ExponentialDecay(λ=0.9),-1.2386794679698372,5.41260972383925,0.9955598174710357
698,ExponentialDecay(λ=0.9),1.9662532512958948,6.83760200275122,0.9989284768096842
699,ExponentialDecay(λ=0.9),0.17859060020483422,6.332432402680932,0.9982254502121013
700,ExponentialDecay(λ=0.9),-0.22825348257895742,5.4709356798338815,0.9958103335212364
701,ExponentialDecay(λ=0.9),2.372457161800694,7.296299273651188,0.9993224160403966
702,ExponentialDecay(λ=0.9),-0.4527930758026674,6.113876270483402,0.9977929219502982
703,ExponentialDecay(λ=0.9),-1.5336408450155332,3.968847798419529,0.9814552155885448
704,ExponentialDecay(λ=0.9),-1.8745923076460451,1.697370710931531,0.8451910225853684
705,ExponentialDecay(λ=0.9),1.276204380634694,2.803838020473072,0.9428828714644973
706,ExponentialDecay(λ=0.9),-1.2898913930013933,1.2335628254243713,0.774441543639624
707,ExponentialDecay(λ=0.9),11.51291546492478,12.623122007806714,0.9999967050689067
708,ExponentialDecay(λ=0.9),-11.512915464920228,-0.15210565789418595,0.46204673164204557
709,ExponentialDecay(λ=0.9),11.51291546492478,11.376020372820012,0.9999885329383882
710,ExponentialDecay(λ=0.9),0.6780585138843507,10.916476849422361,0.9999818437373258
711,ExponentialDecay(λ=0.9),0.2858754097607697,10.110704574240895,0.999959359490407
712,ExponentialDecay(λ=0.9),-0.2552802712576009,8.844353845559205,0.9998558272073432
713,ExponentialDecay(λ=0.9),0.9431764280194278,8.903094889022713,0.9998640510142328
714,ExponentialDecay(λ=0.9),0.3586334443775176,8.371418844497958,0.9997686665090418
715,ExponentialDecay(λ=0.9),2.602005902432919,10.136282862481082,0.9999603857825445
716,ExponentialDecay(λ=0.9),0.5505720232823224,9.673226599515296,0.9999370575375899
717,ExponentialDecay(λ=0.9),0.5975279138465398,9.303431853410306,0.9999088972857786
718,ExponentialDecay(λ=0.9),-0.03633865288760666,8.33675001518167,0.9997605077584751
719,ExponentialDecay(λ=0.9),0.3347567402008647,7.837831753864368,0.9996056320493623
720,ExponentialDecay(λ=0.9),0.81108437864321,7.8651329571211415,0.9996162490493196
721,ExponentialDecay(λ=0.9),-2.3514639250442495,4.727155736364779,0.9912260519932807
722,ExponentialDecay(λ=0.9),-1.414378481034369,2.840061681693932,0.9448026790412336
723,ExponentialDecay(λ=0.9),1.5366638807896285,4.092719394314167,0.9835803314295863
724,ExponentialDecay(λ=0.9),0.6245806663884453,4.308028121271196,0.9867187020751451
725,ExponentialDecay(λ=0.9),0.17970203025150788,4.0569273393955845,0.9829921701829921
726,ExponentialDecay(λ=0.9),0.42856176906100485,4.079796374517031,0.9833703143039718
727,ExponentialDecay(λ=0.9),0.867736591480626,4.539553328545954,0.9894346436014155
728,ExponentialDecay(λ=0.9),-0.24899005777338654,3.836607937917972,0.9788886675847048
729,ExponentialDecay(λ=0.9),-0.5472245139236543,2.9057226302025208,0.9481286030340401
730,ExponentialDecay(λ=0.9),0.6577446633350376,3.2728950305173066,0.9634871546778738
731,ExponentialDecay(λ=0.9),-0.8165891558937073,2.129016371571869,0.8936915929902608
732,ExponentialDecay(λ=0.9),0.9567759212601784,2.8728906556748606,0.9464899393579056
733,ExponentialDecay(λ=0.9),-2.323135616131754,0.26246597397562077,0.565242385913686
734,ExponentialDecay(λ=0.9),2.2984271351407806,2.5346465117188393,0.9265352581440971
735,ExponentialDecay(λ=0.9),1.0552368253773206,3.336418685924276,0.9656572719586964
736,ExponentialDecay(λ=0.9),0.7391452619628275,3.7419220792946764,0.9768405850394646
737,ExponentialDecay(λ=0.9),2.140814430400949,5.5085443017661575,0.9959643508730119
738,ExponentialDecay(λ=0.9),11.51291546492478,16.47060533651432,0.9999999297078289
739,ExponentialDecay(λ=0.9),2.246070203864946,17.069615006727837,0.9999999613846141
740,ExponentialDecay(λ=0.9),-2.9931184067823158,12.369535099272738,0.9999957540261152
741,ExponentialDecay(λ=0.9),-1.288381350926767,9.844200238418697,0.9999469488115664
742,ExponentialDecay(λ=0.9),-0.3534154599851704,8.506364754591658,0.9997978634121538
743,ExponentialDecay(λ=0.9),0.43818855476032337,8.093916833892816,0.9996947019906385
744,ExponentialDecay(λ=0.9),1.1270696397232294,8.411594790226763,0.9997777743032753
745,ExponentialDecay(λ=0.9),-0.4798952697720088,7.090540041432078,0.999167745805976
746,ExponentialDecay(λ=0.9),0.6456522053731685,7.027138242662039,0.9991133190331524
747,ExponentialDecay(λ=0.9),-0.5177217438998803,5.806702674495955,0.9970016870287733
748,ExponentialDecay(λ=0.9),-0.3369742316094227,4.889058175436936,0.9925277452696578
749,ExponentialDecay(λ=0.9),-1.5299454246911786,2.8702069332020645,0.9463538545969769
750,ExponentialDecay(λ=0.9),-0.7398816409608406,1.8433045989210177,0.8633390679552615
751,ExponentialDecay(λ=0.9),-1.4210653904231783,0.23790874860573763,0.5591982290594563
752,ExponentialDecay(λ=0.9),-0.8130637010581145,-0.5989458273129507,0.35458490888721594
753,ExponentialDecay(λ=0.9),2.3904028476372523,1.8513516030555968,0.864285718581712
754,ExponentialDecay(λ=0.9),-0.7760105813932738,0.8902058613567634,0.7089326532966347
755,ExponentialDecay(λ=0.9),11.51291546492478,12.314100740145866,0.9999955120082507
756,ExponentialDecay(λ=0.9),1.0879493291591917,12.170639995290472,0.9999948196875014
757,ExponentialDecay(λ=0.9),0.6430865115638363,11.596662507325261,0.9999908033539854
758,ExponentialDecay(λ=0.9),-0.6522056742694171,9.784790582323318,0.9999437017373548
759,ExponentialDecay(λ=0.9),1.4506143420873627,10.25692586617835,0.9999648877673277
760,ExponentialDecay(λ=0.9),-0.2928403208595816,8.938392958700932,0.999868765426926
761,ExponentialDecay(λ=0.9),0.5606500864433153,8.605203749274155,0.9998168832962083
762,ExponentialDecay(λ=0.9),11.51291546492478,19.25759883927152,0.9999999956695693
763,ExponentialDecay(λ=0.9),0.2866754342559728,17.61851438960034,0.9999999776963258
764,ExponentialDecay(λ=0.9),2.8396651854378834,18.69632813607819,0.9999999924091948
765,ExponentialDecay(λ=0.9),-0.4513195693328789,16.375375753137494,0.9999999226848437
766,ExponentialDecay(λ=0.9),0.3619130596864885,15.099751237510233,0.9999997231393467
767,ExponentialDecay(λ=0.9),11.51291546492478,25.102691578683988,0.9999999999874674
768,ExponentialDecay(λ=0.9),-0.35607560290600043,22.236346817909592,0.9999999997797695
769,ExponentialDecay(λ=0.9),11.51291546492478,31.52562760104341,0.9999999999999796
770,ExponentialDecay(λ=0.9),1.4651925715602179,29.83825741249929,0.9999999999998901
771,ExponentialDecay(λ=0.9),-0.27671236480871503,26.577719306440645,0.999999999997133
772,ExponentialDecay(λ=0.9),1.3232524573574256,25.24319983315401,0.9999999999891103
773,ExponentialDecay(λ=0.9),2.1089116860221444,24.82779153586075,0.9999999999835021
774,ExponentialDecay(λ=0.9),1.3042119188600085,23.649224301134684,0.9999999999463867
775,ExponentialDecay(λ=0.9),-1.9104297111483721,19.373872159872846,0.9999999961449126
776,ExponentialDecay(λ=0.9),-0.48166580337089454,16.95481914051467,0.9999999566872672
777,ExponentialDecay(λ=0.9),0.10306878364972809,15.362406010112931,0.9999997870921136
778,ExponentialDecay(λ=0.9),0.3132156546475371,14.139381063749175,0.999999276656618
779,ExponentialDecay(λ=0.9),1.3021799072636606,14.027622864637918,0.9999991911268037
780,ExponentialDecay(λ=0.9),0.633622065501248,13.258482643675373,0.9999982545259707
781,ExponentialDecay(λ=0.9),-1.390069308406143,10.542565070901693,0.9999736117430562
782,ExponentialDecay(λ=0.9),0.9151818362981639,10.403490400109687,0.9999696744730366
783,ExponentialDecay(λ=0.9),1.2842698549121045,10.647411215010823,0.9999762382871639
784,ExponentialDecay(λ=0.9),1.1966995660574686,10.779369659567209,0.9999791757104154
785,ExponentialDecay(λ=0.9),2.5013187515168096,12.202751445127298,0.999994983391558
786,ExponentialDecay(λ=0.9),1.7359871894461025,12.718463490060671,0.9999970047009611
787,ExponentialDecay(λ=0.9),1.0343275640126035,12.480944705067207,0.9999962016678801
788,ExponentialDecay(λ=0.9),0.318465702141536,11.551315936702023,0.9999903767215874
789,ExponentialDecay(λ=0.9),-2.1783485045640893,8.217835838467732,0.9997302744508051
790,ExponentialDecay(λ=0.9),0.9889752409562911,8.38502749557725,0.9997717926081345
791,ExponentialDecay(λ=0.9),0.6735888936380143,8.220113639657539,0.9997308879676444
792,ExponentialDecay(λ=0.9),0.7605523878721483,8.158654663563933,0.9997138346793274
793,ExponentialDecay(λ=0.9),-1.2833799696486172,6.059409227558922,0.9976696627613477
794,ExponentialDecay(λ=0.9),-0.965977297271335,4.487491007531695,0.9888762969954428
795,ExponentialDecay(λ=0.9),2.3884960911301873,6.427237997908712,0.9983856995962611
796,ExponentialDecay(λ=0.9),0.35625450468222514,6.140768702800066,0.9978513588407422
797,ExponentialDecay(λ=0.9),1.4143440428275618,6.941035875347621,0.9990336675916843
798,ExponentialDecay(λ=0.9),0.4409925614425469,6.687924849255406,0.9987556847983903
799,ExponentialDecay(λ=0.9),0.4428034844370991,6.461935848766965,0.9984406658876512
800,ExponentialDecay(λ=0.9),2.0065698076708043,7.822312071561072,0.9995994663141409
801,ExponentialDecay(λ=0.9),-0.22013839563975837,6.819942468765206,0.998909406959601
802,ExponentialDecay(λ=0.9),0.5272274765676986,6.665175698456385,0.9987270896926688
803,ExponentialDecay(λ=0.9),-0.15504016596616121,5.843617962644585,0.9971100385270885
804,ExponentialDecay(λ=0.9),-0.12154488568869005,5.137711280691437,0.9941631570820204
805,ExponentialDecay(λ=0.9),0.02899548313399769,4.6529356357562905,0.9905564570027722
806,ExponentialDecay(λ=0.9),0.6930277746416584,4.88066984682232,0.9924652761765861
807,ExponentialDecay(λ=0.9),-0.17494316425050147,4.217659697889587,0.9854808281223015
808,ExponentialDecay(λ=0.9),3.736906154697909,7.532799882798537,0.9994650487716381
809,ExponentialDecay(λ=0.9),-0.7008770225420637,6.07864287197662,0.9977139538714566
810,ExponentialDecay(λ=0.9),0.17620854736958963,5.646987132148547,0.9964842733735123
811,ExponentialDecay(λ=0.9),-0.12785113937140766,4.954437279562286,0.9929973356271822
812,ExponentialDecay(λ=0.9),11.51291546492478,15.971909016530837,0.9999998842587953
813,ExponentialDecay(λ=0.9),0.6586916873420372,15.03340980221979,0.9999997041490623
814,ExponentialDecay(λ=0.9),2.30819362465354,15.838262446651353,0.9999998677091038
815,ExponentialDecay(λ=0.9),-1.701021578990261,12.553414622995957,0.9999964671941904
816,ExponentialDecay(λ=0.9),0.754300711932822,12.052373872629184,0.9999941693361916
817,ExponentialDecay(λ=0.9),1.8737296427701982,12.720866128136464,0.9999970118889208
818,ExponentialDecay(λ=0.9),0.5094826886421627,11.95826220396498,0.9999935939558193
819,ExponentialDecay(λ=0.9),2.437521398550577,13.19995738211906,0.9999981493233572
820,ExponentialDecay(λ=0.9),-0.22164914198825802,11.658312501918894,0.9999913531991448
821,ExponentialDecay(λ=0.9),11.51291546492478,22.005396716651784,0.9999999997225546
822,ExponentialDecay(λ=0.9),11.51291546492478,31.317772509911386,0.9999999999999749
823,ExponentialDecay(λ=0.9),-0.03540997201073764,28.15058528690951,0.9999999999994051
824,ExponentialDecay(λ=0.9),-0.1348068076348774,25.200719950583682,0.9999999999886378
825,ExponentialDecay(λ=0.9),11.51291546492478,34.1935634204501,0.9999999999999987
826,ExponentialDecay(λ=0.9),11.51291546492478,42.287122543329865,1.0
827,ExponentialDecay(λ=0.9),-0.22842004282937828,37.829990246167505,1.0
828,ExponentialDecay(λ=0.9),-0.10431868070006994,33.94267254085069,0.9999999999999982
829,ExponentialDecay(λ=0.9),0.06187820566265396,30.610283492428273,0.9999999999999492
830,ExponentialDecay(λ=0.9),-1.407271009276745,26.141984133908704,0.9999999999955671
831,ExponentialDecay(λ=0.9),-0.7336037132781585,22.794182007239677,0.9999999998739297
832,ExponentialDecay(λ=0.9),-0.8532202654081991,19.66154354110751,0.9999999971086535
833,ExponentialDecay(λ=0.9),-0.5336725571912153,17.161716629805543,0.9999999647822867
834,ExponentialDecay(λ=0.9),0.3622894567660382,15.807834423591029,0.9999998636218861
835,ExponentialDecay(λ=0.9),0.7093812296206784,14.936432210852605,0.9999996740208897
836,ExponentialDecay(λ=0.9),11.51291546492478,24.955704454692125,0.999999999985483
837,ExponentialDecay(λ=0.9),-0.8449475942009385,21.615186415021974,0.9999999995901321
838,ExponentialDecay(λ=0.9),2.146024744193052,21.59969251771283,0.9999999995837323
839,ExponentialDecay(λ=0.9),0.143458919188583,19.583182185130127,0.99999999687297
840,ExponentialDecay(λ=0.9),0.3439960648175153,17.96886003143463,0.9999999842882978
841,ExponentialDecay(λ=0.9),1.4016516372912051,17.573625665582373,0.9999999766723314
842,ExponentialDecay(λ=0.9),-1.029487920350674,14.786775178673462,0.9999996213961985
843,ExponentialDecay(λ=0.9),0.9184340435150028,14.226531704321118,0.9999993370275276
844,ExponentialDecay(λ=0.9),0.6187564180439961,13.422634951933002,0.9999985187680727
845,ExponentialDecay(λ=0.9),1.0865705251725788,13.16694198191228,0.9999980872028194
846,ExponentialDecay(λ=0.9),0.7849714885458733,12.635219272266927,0.9999967446883034
847,ExponentialDecay(λ=0.9),11.51291546492478,22.884612809965013,0.9999999998848301
848,ExponentialDecay(λ=0.9),-0.3694331288331692,20.226718400135344,0.9999999983569612
849,ExponentialDecay(λ=0.9),-0.2383179238523474,17.965728636269464,0.9999999842390213
850,ExponentialDecay(λ=0.9),-0.35133863991979436,15.817817132722725,0.9999998649765363
851,ExponentialDecay(λ=0.9),-0.2681681599365166,13.967867259513936,0.9999991413188044
852,ExponentialDecay(λ=0.9),-0.3689951054850519,12.20208542807749,0.9999949800493151
853,ExponentialDecay(λ=0.9),3.0954569522446396,14.07733383751438,0.9999992303535682
854,ExponentialDecay(λ=0.9),11.51291546492478,24.18251591868772,0.9999999999685467
855,ExponentialDecay(λ=0.9),-0.28684633213935135,21.477417994679598,0.9999999995295907
856,ExponentialDecay(λ=0.9),-0.6177501033963346,18.711926091815304,0.999999992526677
857,ExponentialDecay(λ=0.9),1.0533864854730057,17.89411996810678,0.9999999830690071
858,ExponentialDecay(λ=0.9),-0.26419369189366254,15.840514279402438,0.9999998680066654
859,ExponentialDecay(λ=0.9),1.3241994996075295,15.580662351069723,0.9999998288392258
860,ExponentialDecay(λ=0.9),0.6672044491293934,14.689800565092144,0.9999995828420801
861,ExponentialDecay(λ=0.9),-1.7721370634870264,11.448683445095904,0.9999893366092537
862,ExponentialDecay(λ=0.9),11.51291546492478,21.816730565511094,0.9999999996649465
863,ExponentialDecay(λ=0.9),11.51291546492478,31.147972973884762,0.9999999999999702
864,ExponentialDecay(λ=0.9),-0.3385432069643316,27.694632469531957,0.9999999999990616
865,ExponentialDecay(λ=0.9),-0.06526502855564015,24.859904194023123,0.9999999999840234
866,ExponentialDecay(λ=0.9),0.7803689108107986,23.15428268543161,0.9999999999120526
867,ExponentialDecay(λ=0.9),0.8489033141394023,21.68775773102785,0.9999999996188231
868,ExponentialDecay(λ=0.9),1.3711338467504304,20.8901158046755,0.9999999991536734
869,ExponentialDecay(λ=0.9),11.51291546492478,30.314019689132728,0.9999999999999316
870,ExponentialDecay(λ=0.9),0.18821700800292798,27.470834728222385,0.9999999999988263
871,ExponentialDecay(λ=0.9),-0.5731477024682705,24.15060355293188,0.9999999999675266
872,ExponentialDecay(λ=0.9),-1.4748653450937403,20.26067785254495,0.9999999984118211
873,ExponentialDecay(λ=0.9),-0.48648912552768325,17.748120941762775,0.9999999804075385
874,ExponentialDecay(λ=0.9),0.36422130760312516,16.337530155189622,0.9999999197027316
875,ExponentialDecay(λ=0.9),11.51291546492478,26.216692604595437,0.9999999999958862
876,ExponentialDecay(λ=0.9),-0.22204134702759798,23.372981997108294,0.9999999999293288
877,ExponentialDecay(λ=0.9),0.6952616609684451,21.73094545836591,0.9999999996349349
878,ExponentialDecay(λ=0.9),0.38497782754466053,19.942828740073978,0.999999997817574
879,ExponentialDecay(λ=0.9),3.090952116002686,21.039497982069268,0.9999999992711097
880,ExponentialDecay(λ=0.9),11.51291546492478,30.44846364878712,0.9999999999999403
881,ExponentialDecay(λ=0.9),-0.23816191239394166,27.165455371514465,0.999999999998407
882,ExponentialDecay(λ=0.9),-0.1878780328918282,24.26103180147119,0.9999999999709217
883,ExponentialDecay(λ=0.9),2.3539573235177254,24.188885944841797,0.9999999999687463
884,ExponentialDecay(λ=0.9),1.4150894769136133,23.18508682727123,0.9999999999147204
885,ExponentialDecay(λ=0.9),11.51291546492478,32.37949360946889,0.9999999999999913
886,ExponentialDecay(λ=0.9),1.2377863166183485,30.379330565140346,0.999999999999936
887,ExponentialDecay(λ=0.9),-0.031153028230123433,27.31024448039619,0.9999999999986218
888,ExponentialDecay(λ=0.9),1.2494027037395818,25.82862273609615,0.9999999999939357
889,ExponentialDecay(λ=0.9),2.6275075596675572,25.873268022154093,0.9999999999942006
890,ExponentialDecay(λ=0.9),1.704677484269017,24.9906187042077,0.9999999999859812
891,ExponentialDecay(λ=0.9),1.1102848331634347,23.601841666950364,0.9999999999437852
892,ExponentialDecay(λ=0.9),2.442379737948074,23.684037238203402,0.999999999948221
893,ExponentialDecay(λ=0.9),2.9611680900578174,24.27680160444088,0.9999999999713767
894,ExponentialDecay(λ=0.9),11.51291546492478,33.362036908921574,0.9999999999999967
895,ExponentialDecay(λ=0.9),1.3529589926946946,31.378792210724114,0.9999999999999765
896,ExponentialDecay(λ=0.9),0.2001235423569018,28.441036532008606,0.9999999999995552
897,ExponentialDecay(λ=0.9),0.5928295228143451,26.18976240162209,0.999999999995774
898,ExponentialDecay(λ=0.9),3.230134884008033,26.800921045467916,0.9999999999977065
899,ExponentialDecay(λ=0.9),-0.5974849912200354,23.52334394970109,0.9999999999391946
900,ExponentialDecay(λ=0.9),0.8983095590992655,22.069319113830247,0.9999999997397346
901,ExponentialDecay(λ=0.9),-0.07203771153448482,19.79034949091274,0.9999999974580884
902,ExponentialDecay(λ=0.9),0.44152961464436613,18.252844156465834,0.9999999881725669
903,ExponentialDecay(λ=0.9),4.0899508148445225,20.517510555663776,0.9999999987715475
904,ExponentialDecay(λ=0.9),0.6514170492858059,19.117176549383203,0.9999999950167151
905,ExponentialDecay(λ=0.9),0.4638662840148105,17.669325178459694,0.9999999788012834
906,ExponentialDecay(λ=0.9),-1.4367885176045834,14.465604143009141,0.999999478003349
907,ExponentialDecay(λ=0.9),1.5428322218209767,14.561875950529204,0.9999995259136811
908,ExponentialDecay(λ=0.9),1.3470398244328294,14.452728179909114,0.9999994712386857
909,ExponentialDecay(λ=0.9),11.51291546492478,24.52037082684298,0.9999999999775644
910,ExponentialDecay(λ=0.9),0.030668521624501913,22.099002265783184,0.9999999997473465
911,ExponentialDecay(λ=0.9),0.6890029813431803,20.578105020548048,0.9999999988437744
912,ExponentialDecay(λ=0.9),0.7300448070920471,19.25033932558529,0.9999999956380181
913,ExponentialDecay(λ=0.9),11.51291546492478,28.83822085795154,0.9999999999997009
914,ExponentialDecay(λ=0.9),0.2876117122980149,26.242010484454404,0.9999999999959892
915,ExponentialDecay(λ=0.9),0.7708579565171492,24.388667392526113,0.999999999974406
916,ExponentialDecay(λ=0.9),1.279525251653346,23.22932590492685,0.999999999918411
917,ExponentialDecay(λ=0.9),0.6454426335599799,21.551835947994146,0.9999999995633269
918,ExponentialDecay(λ=0.9),-0.13592924581032143,19.26072310738441,0.9999999956830776
919,ExponentialDecay(λ=0.9),0.6554030731658976,17.990053869811867,0.9999999846177854
920,ExponentialDecay(λ=0.9),2.4710819058532056,18.662130388683885,0.9999999921451165
921,ExponentialDecay(λ=0.9),-0.8854706484882267,15.91044670132727,0.9999998769219123
922,ExponentialDecay(λ=0.9),0.5748906617171817,14.894292692911726,0.9999996599907565
923,ExponentialDecay(λ=0.9),-0.4474645723490133,12.957398851271542,0.9999976413029997
924,ExponentialDecay(λ=0.9),3.1400278628734277,14.801686829017816,0.9999996269999197
925,ExponentialDecay(λ=0.9),-1.7902348829013985,11.531283263214636,0.9999901819995968
926,ExponentialDecay(λ=0.9),-0.2723777843933686,10.105777152499805,0.9999591587514987
927,ExponentialDecay(λ=0.9),0.9107986455001007,10.005998082749926,0.9999548736042104
928,ExponentialDecay(λ=0.9),11.51291546492478,20.518313739399712,0.9999999987725336
929,ExponentialDecay(λ=0.9),0.32390207260453224,18.790384438064272,0.9999999930906096
930,ExponentialDecay(λ=0.9),-0.2678290318121646,16.64351696244568,0.9999999408693846
931,ExponentialDecay(λ=0.9),11.51291546492478,26.492080731125892,0.9999999999968765
932,ExponentialDecay(λ=0.9),-1.617167841706195,22.225704816307108,0.9999999997774134
933,ExponentialDecay(λ=0.9),-11.512915464920228,8.490218869756168,0.9997945739241427
934,ExponentialDecay(λ=0.9),1.0048156311495826,8.646012613930134,0.9998242043689802
935,ExponentialDecay(λ=0.9),-0.20316097569721983,7.578250376839901,0.9994888061581261
936,ExponentialDecay(λ=0.9),-0.8778179615392346,5.942607377616677,0.9973816976094584
937,ExponentialDecay(λ=0.9),1.4663825861739581,6.814729226028968,0.9989037128367985
938,ExponentialDecay(λ=0.9),0.7224223603448293,6.855678663770901,0.9989476521524179
939,ExponentialDecay(λ=0.9),-0.2786841211179557,5.891426676275855,0.9972445813781109
940,ExponentialDecay(λ=0.9),-1.289669950293071,4.012614058355199,0.9822352390651695
941,ExponentialDecay(λ=0.9),1.8297941170556153,5.441146769575295,0.995684197153808
942,ExponentialDecay(λ=0.9),1.3557024989602022,6.252734591577967,0.998078516861423
943,ExponentialDecay(λ=0.9),0.28285995812392317,5.910321090544095,0.9972960151881225
944,ExponentialDecay(λ=0.9),11.51291546492478,16.832204446414465,0.9999999510371749
945,ExponentialDecay(λ=0.9),-0.9495537758989776,14.199430225874043,0.9999993188143178
946,ExponentialDecay(λ=0.9),-1.7959691303740684,10.98351807291257,0.9999830210302292
947,ExponentialDecay(λ=0.9),-0.43711937138668533,9.448046894234627,0.9999211628112936
948,ExponentialDecay(λ=0.9),0.3487902834247959,8.852032488235961,0.9998569298614544
949,ExponentialDecay(λ=0.9),0.7217934960543161,8.688622735466682,0.9998315364603018
950,ExponentialDecay(λ=0.9),0.11062942424068721,7.930389886160701,0.9996404831343324
951,ExponentialDecay(λ=0.9),0.8741891223459618,8.011540019890592,0.9996684962971953
952,ExponentialDecay(λ=0.9),-1.239413030792558,5.970972987108976,0.9974547375086734
953,ExponentialDecay(λ=0.9),11.51291546492478,16.886791153322857,0.9999999536382559
954,ExponentialDecay(λ=0.9),0.30373226890393107,15.501844306894503,0.9999998148027739
955,ExponentialDecay(λ=0.9),2.6692691725343263,16.620929048739377,0.9999999395185487
956,ExponentialDecay(λ=0.9),0.8607513257126749,15.819587469578115,0.9999998652153617
957,ExponentialDecay(λ=0.9),1.0305678250149963,15.2681965476353,0.9999997660589747
958,ExponentialDecay(λ=0.9),1.2135709868762383,14.954947879748008,0.9999996800010746
959,ExponentialDecay(λ=0.9),1.0166142297788408,14.476067321552048,0.9999994834366163
960,ExponentialDecay(λ=0.9),1.3419889177120052,14.370449507108848,0.9999994258930197
961,ExponentialDecay(λ=0.9),6.67996967372588,19.613374230123846,0.9999999969659705
962,ExponentialDecay(λ=0.9),0.6586468246810986,18.31068363179256,0.9999999888372516
963,ExponentialDecay(λ=0.9),1.4676578339635469,17.94727310257685,0.9999999839454432
964,ExponentialDecay(λ=0.9),0.2944257859904214,16.446971578309586,0.9999999280267743
965,ExponentialDecay(λ=0.9),11.51291546492478,26.315189885403406,0.9999999999962721
966,ExponentialDecay(λ=0.9),-0.4176370999892521,23.266033796873813,0.9999999999213516
967,ExponentialDecay(λ=0.9),11.51291546492478,32.45234588211121,0.999999999999992
968,ExponentialDecay(λ=0.9),0.355508002246686,29.562619296146778,0.999999999999855
969,ExponentialDecay(λ=0.9),-1.5801978083222017,25.0261595582099,0.9999999999864706
970,ExponentialDecay(λ=0.9),0.5685621147384459,23.092105717127357,0.9999999999064109
971,ExponentialDecay(λ=0.9),-0.42347922448333986,20.35941592093128,0.9999999985611419
972,ExponentialDecay(λ=0.9),1.7519061719341638,20.075380500772315,0.9999999980885057
973,ExponentialDecay(λ=0.9),-0.38794205858617664,17.67990039210891,0.9999999790242833
974,ExponentialDecay(λ=0.9),-0.13562764239291178,15.776282710505107,0.999999859250321
975,ExponentialDecay(λ=0.9),-3.3733819598199726,10.825272479634624,0.9999801099782155
976,ExponentialDecay(λ=0.9),-0.14301082489095773,9.599734406780204,0.9999322578621351
977,ExponentialDecay(λ=0.9),-11.512915464920228,-2.873154498818044,0.05349669942266358
978,ExponentialDecay(λ=0.9),-1.94747309501882,-4.53331214395506,0.010630799749175903
979,ExponentialDecay(λ=0.9),1.5723924031440561,-2.5075885264154976,0.0753279054090163
980,ExponentialDecay(λ=0.9),1.6268673683213861,-0.6299623054525618,0.3475190849805718
981,ExponentialDecay(λ=0.9),0.9826679170790692,0.41570184217176354,0.6024542823595492
982,ExponentialDecay(λ=0.9),-0.8005533842520604,-0.42642172629747316,0.3949811132054777
983,ExponentialDecay(λ=0.9),0.3461621137560944,-0.03761743991163147,0.49059674885222376
984,ExponentialDecay(λ=0.9),0.40096395359008874,0.3671082576696204,0.590760047173266
985,ExponentialDecay(λ=0.9),-1.0853728959417224,-0.754975464039064,0.3197381399881696
986,ExponentialDecay(λ=0.9),11.51291546492478,10.833437547289622,0.9999802717171818
987,ExponentialDecay(λ=0.9),1.8421999773621178,11.592293769922778,0.999990763088735
988,ExponentialDecay(λ=0.9),0.1350478671837706,10.56811226011427,0.9999742773333283
989,ExponentialDecay(λ=0.9),0.43918892856255365,9.950489962665397,0.9999522980206815
990,ExponentialDecay(λ=0.9),0.6745214292976246,9.629962395696483,0.9999342747985993
991,ExponentialDecay(λ=0.9),-11.512915464920228,-2.8459493087933936,0.05489108068657851
992,ExponentialDecay(λ=0.9),0.1034793801530076,-2.457874997761047,0.07886456976775809
993,ExponentialDecay(λ=0.9),-0.4246494041286276,-2.63673690211357,0.06681119408248054
994,ExponentialDecay(λ=0.9),-0.8496132329642684,-3.2226764448664817,0.03832122927799484
995,ExponentialDecay(λ=0.9),0.06270018163345342,-2.83770861874638,0.055320163064384545
996,ExponentialDecay(λ=0.9),11.51291546492478,8.958977708053038,0.9998714388996351
997,ExponentialDecay(λ=0.9),1.3385589315995285,9.401638868847263,0.9999174182176181
998,ExponentialDecay(λ=0.9),-0.28737634160999653,8.17409864035254,0.9997182190215735
999,ExponentialDecay(λ=0.9),1.2183601321854685,8.575048908502755,0.9998112784006002
0,AsymmetricDecay(λ=0.5),1.093361822300096,1.093361822300096,0.7490142459033697
1,AsymmetricDecay(λ=0.5),0.2351605871885146,1.3285224094886106,0.7905961189568046
2,AsymmetricDecay(λ=0.5),1.3510825861560942,2.679604995644705,0.9358124007345711
3,AsymmetricDecay(λ=0.5),11.51291546492478,14.192520460569483,0.9999993140911889
4,AsymmetricDecay(λ=0.5),0.11915673597567286,14.311677196545157,0.9999993911401978
5,AsymmetricDecay(λ=0.5),0.11917650733055411,14.43085370387571,0.9999994595448837
6,AsymmetricDecay(λ=0.5),11.51291546492478,25.94376916880049,0.9999999999945954
7,AsymmetricDecay(λ=0.5),1.5872611619387442,27.531030330739235,0.9999999999988949
8,AsymmetricDecay(λ=0.5),-0.16373407863388326,13.601781086735734,0.9999987617139162
9,AsymmetricDecay(λ=0.5),1.167915429123424,14.769696515859158,0.9999996148746229
10,AsymmetricDecay(λ=0.5),-0.15641937935367184,7.228428878575907,0.9992748661326111
11,AsymmetricDecay(λ=0.5),-0.15921116361118412,3.4550032756767695,0.9693799992290348
12,AsymmetricDecay(λ=0.5),0.7199167358457066,4.174920011522476,0.9848564323376506
13,AsymmetricDecay(λ=0.5),-3.6226860396377574,-1.5352260338765196,0.1772303409708133
14,AsymmetricDecay(λ=0.5),-2.4085286732413422,-3.943754707117862,0.01900706124158851
15,AsymmetricDecay(λ=0.5),-0.27649312832750483,-4.220247835445367,0.014482186352151174
16,AsymmetricDecay(λ=0.5),-0.8656959975445164,-5.085943832989884,0.006145053406547475
17,AsymmetricDecay(λ=0.5),0.8201783604936758,-1.7227935560012662,0.15151168583933297
18,AsymmetricDecay(λ=0.5),-0.7190928385282216,-2.4418863945294875,0.08003390972568944
19,AsymmetricDecay(λ=0.5),-1.5415580823392778,-3.9834444768687653,0.018280970759275452
20,AsymmetricDecay(λ=0.5),11.51291546492478,9.521193226490396,0.9999267231999488
21,AsymmetricDecay(λ=0.5),0.1292480641024535,9.65044129059285,0.9999356070038152
22,AsymmetricDecay(λ=0.5),0.4906454046978576,10.141086695290708,0.9999605756187837
23,AsymmetricDecay(λ=0.5),-1.5674827334515828,3.503060614193771,0.9707747276378001
24,AsymmetricDecay(λ=0.5),-0.25462612048669714,1.4969041866101884,0.8171122925829895
25,AsymmetricDecay(λ=0.5),0.5463001698811727,2.043204356491361,0.8852591537266771
26,AsymmetricDecay(λ=0.5),-1.073690289822031,-0.052088111576350515,0.48698091555674217
27,AsymmetricDecay(λ=0.5),0.9085795435433601,0.8825354877551849,0.70734736078842
28,AsymmetricDecay(λ=0.5),-0.3235600057407681,0.11770773813682434,0.5293930054207191
29,AsymmetricDecay(λ=0.5),0.04997790051089773,0.16768563864772207,0.5418234545838696
30,AsymmetricDecay(λ=0.5),-0.32487548567991636,-0.24103266635605533,0.44003188205701876
31,AsymmetricDecay(λ=0.5),11.51291546492478,11.392399131746751,0.999988719222789
32,AsymmetricDecay(λ=0.5),0.3886215958947493,11.7810207276415,0.9999923517093225
33,AsymmetricDecay(λ=0.5),-0.931173382352523,4.959336981468227,0.9930313241583102
34,AsymmetricDecay(λ=0.5),1.7094387520797427,6.66877573354797,0.9987316581739589
35,AsymmetricDecay(λ=0.5),-1.1872735989060132,2.1471142678679715,0.8953988080627507
36,AsymmetricDecay(λ=0.5),0.6751665920419747,2.822280859909946,0.9438680314675921
37,AsymmetricDecay(λ=0.5),-4.4024627950158335,-2.9913223650608605,0.04781944292465326
38,AsymmetricDecay(λ=0.5),-1.3766709913219892,-4.36799335638285,0.012517966672443205
39,AsymmetricDecay(λ=0.5),0.6591008179508016,-1.5248958602406233,0.17874171014669415
40,AsymmetricDecay(λ=0.5),1.526815963889893,0.7643680337695814,0.6823013290436986
41,AsymmetricDecay(λ=0.5),0.625244930800677,1.3896129645702584,0.8005304479613042
42,AsymmetricDecay(λ=0.5),0.2627228696655296,1.652335834235788,0.8392064952439533
43,AsymmetricDecay(λ=0.5),0.038680387281930115,1.691016221517718,0.8443577561468478
44,AsymmetricDecay(λ=0.5),-1.6849326959776998,-0.8394245852188408,0.3016559868390371
45,AsymmetricDecay(λ=0.5),-0.4724068307469765,-1.3118314159658173,0.21218054333149863
46,AsymmetricDecay(λ=0.5),-0.15306467002892413,-1.4648960859947415,0.18771962358329877
47,AsymmetricDecay(λ=0.5),2.4040638493045856,1.6716158063072148,0.841791131198703
48,AsymmetricDecay(λ=0.5),0.8620342245734769,2.5336500308806915,0.9264674011757793
49,AsymmetricDecay(λ=0.5),-2.5700961684477854,-1.3032711530074397,0.21361500202279818
50,AsymmetricDecay(λ=0.5),0.8341191192271639,0.18248354272344403,0.5454947069594485
51,AsymmetricDecay(λ=0.5),-0.062118703754302215,0.029123067607419797,0.5072802523450991
52,AsymmetricDecay(λ=0.5),-0.4183009055847059,-0.403739371780996,0.40041424810401227
53,AsymmetricDecay(λ=0.5),1.2861975320065213,1.0843278461160233,0.7473121139872031
54,AsymmetricDecay(λ=0.5),2.3051159786759357,3.389443824791959,0.9673729949847205
55,AsymmetricDecay(λ=0.5),1.9866100537871694,5.376053878579128,0.9953952608333552
56,AsymmetricDecay(λ=0.5),-0.6268076604567732,2.061219278832791,0.8870763650454792
57,AsymmetricDecay(λ=0.5),0.02894717013859273,2.0901664489713836,0.8899437293550644
58,AsymmetricDecay(λ=0.5),0.8443426032190158,2.9345090521903994,0.949526215270203
59,AsymmetricDecay(λ=0.5),2.1182413286294848,5.052750380819884,0.9936488651778983
60,AsymmetricDecay(λ=0.5),-0.1754578330210907,2.3509173573888513,0.913007116392735
61,AsymmetricDecay(λ=0.5),0.17767516819017284,2.528592525579024,0.9261221118112547
62,AsymmetricDecay(λ=0.5),-1.0042863557543196,0.26000990703519244,0.5646387271701586
63,AsymmetricDecay(λ=0.5),-1.1464504891485003,-1.0164455356309041,0.26572034512254034
64,AsymmetricDecay(λ=0.5),1.6864577150497344,1.1782349472342823,0.7646302941792605
65,AsymmetricDecay(λ=0.5),11.51291546492478,12.691150412159061,0.9999969217628859
66,AsymmetricDecay(λ=0.5),0.31619622158418176,13.007346633743243,0.9999977562205905
67,AsymmetricDecay(λ=0.5),2.2090567769715825,15.216403410714825,0.9999997536231734
68,AsymmetricDecay(λ=0.5),0.8880655440652678,16.104468954780092,0.999999898628014
69,AsymmetricDecay(λ=0.5),-0.37860219999547645,7.67363227739457,0.9995352900429938
70,AsymmetricDecay(λ=0.5),0.8877163451181581,8.561348622512728,0.9998086755663179
71,AsymmetricDecay(λ=0.5),11.51291546492478,20.074264087437506,0.9999999980863703
72,AsymmetricDecay(λ=0.5),0.36087482604525073,20.435138913482756,0.9999999986660735
73,AsymmetricDecay(λ=0.5),11.51291546492478,31.948054378407534,0.9999999999999867
74,AsymmetricDecay(λ=0.5),-11.512915464920228,4.461111724283539,0.9885823520409467
75,AsymmetricDecay(λ=0.5),1.7079542389081912,6.16906596319173,0.9979111820887692
76,AsymmetricDecay(λ=0.5),0.5155820396568971,6.684648002848627,0.9987516057793232
77,AsymmetricDecay(λ=0.5),0.04119700505873351,6.725845007907361,0.9988019305335661
78,AsymmetricDecay(λ=0.5),0.5216274209955609,7.247472428902921,0.9992885348674928
79,AsymmetricDecay(λ=0.5),-5.587791563779945,-1.964055349328484,0.12302883549389637
80,AsymmetricDecay(λ=0.5),0.13660577384122854,-0.8454219008230135,0.30039409925575655
81,AsymmetricDecay(λ=0.5),0.8815039110743812,0.45879296066287445,0.6127277938263409
82,AsymmetricDecay(λ=0.5),11.51291546492478,11.971708425587654,0.9999936795158461
83,AsymmetricDecay(λ=0.5),-0.22284187157063606,5.763012341223191,0.9968682052940168
84,AsymmetricDecay(λ=0.5),-0.5864407868543062,2.295065383757289,0.9084675307909006
85,AsymmetricDecay(λ=0.5),-0.2028006728827269,0.9447320189959176,0.7200545114440305
86,AsymmetricDecay(λ=0.5),1.9424461739465209,2.8871781929424385,0.9472089574368043
87,AsymmetricDecay(λ=0.5),0.840760362190399,3.7279385551328375,0.9765221166531252
88,AsymmetricDecay(λ=0.5),-0.23681278396640532,1.6271564936000134,0.8357797344619166
89,AsymmetricDecay(λ=0.5),1.1199542485924217,2.747110742192435,0.9397499678466001
90,AsymmetricDecay(λ=0.5),0.5284574497298388,3.2755681919222734,0.9635810791543055
91,AsymmetricDecay(λ=0.5),2.096817762048256,5.37238595397053,0.9953784181851101
92,AsymmetricDecay(λ=0.5),-0.4499019783174888,2.236290998667776,0.9034614471556971
93,AsymmetricDecay(λ=0.5),0.0068054503482797585,2.243096449016056,0.9040533831961657
94,AsymmetricDecay(λ=0.5),-0.07055904283643726,1.0509891816715906,0.7409648039689524
95,AsymmetricDecay(λ=0.5),-1.6512097490546316,-1.1257151582188363,0.24495271986241576
96,AsymmetricDecay(λ=0.5),0.7946834999678606,0.23182592085844245,0.5576983034813646
97,AsymmetricDecay(λ=0.5),0.7460462244786675,0.97787214533711,0.7266857994902715
98,AsymmetricDecay(λ=0.5),0.4118610388652322,1.3897331842023422,0.800549644112882
99,AsymmetricDecay(λ=0.5),0.11863438391882838,1.5083675681211706,0.8188191545129402
100,AsymmetricDecay(λ=0.5),-1.5479069350400911,-0.7937231509795059,0.31136979629958994
101,AsymmetricDecay(λ=0.5),-0.10487039369731217,-0.8985935446768181,0.28933961010567477
102,AsymmetricDecay(λ=0.5),-0.011257538721650206,-0.9098510833984683,0.28703031115703515
103,AsymmetricDecay(λ=0.5),-0.5783305728218663,-1.4881816562203345,0.18419480774115363
104,AsymmetricDecay(λ=0.5),0.20719521606443853,-0.5368956120457287,0.3689100370681887
105,AsymmetricDecay(λ=0.5),0.9504976927728337,0.6820498867499694,0.6641960572169651
106,AsymmetricDecay(λ=0.5),11.51291546492478,12.194965351674748,0.9999949441795172
107,AsymmetricDecay(λ=0.5),0.6294879345828027,12.824453286257551,0.999997305925915
108,AsymmetricDecay(λ=0.5),0.7412316123399902,13.565684898597542,0.9999987162000697
109,AsymmetricDecay(λ=0.5),0.31320030015450145,13.878885198752045,0.999999061409108
110,AsymmetricDecay(λ=0.5),-3.6897879434353613,3.249654655940661,0.962660701220755
111,AsymmetricDecay(λ=0.5),0.37242923825902574,3.6220838941996867,0.9739688112194976
112,AsymmetricDecay(λ=0.5),0.481360404498292,4.103444298697979,0.9837526439862602
113,AsymmetricDecay(λ=0.5),11.51291546492478,15.616359763622757,0.9999998348414523
114,AsymmetricDecay(λ=0.5),0.169572009471269,15.785931773094026,0.9999998606018922
115,AsymmetricDecay(λ=0.5),0.8022903817792333,16.588222154873257,0.999999937507683
116,AsymmetricDecay(λ=0.5),0.3622561279340075,16.950478282807264,0.9999999564988441
117,AsymmetricDecay(λ=0.5),-1.101833076254119,7.3734060651495135,0.999372667336772
118,AsymmetricDecay(λ=0.5),2.803169250634786,10.1765753157843,0.999961950148117
119,AsymmetricDecay(λ=0.5),1.5546193594717985,11.731194675256098,0.9999919609747069
120,AsymmetricDecay(λ=0.5),1.6383447697612363,13.369539445017335,0.9999984379960958
121,AsymmetricDecay(λ=0.5),-0.7209502598743726,5.963819462634294,0.997436511473644
122,AsymmetricDecay(λ=0.5),11.51291546492478,17.47673492755907,0.9999999742989747
123,AsymmetricDecay(λ=0.5),-1.5201143516538718,7.218253112125664,0.9992674551025215
124,AsymmetricDecay(λ=0.5),1.2428351532226163,8.46108826534828,0.9997885030086149
125,AsymmetricDecay(λ=0.5),11.51291546492478,19.97400373027306,0.9999999978845615
126,AsymmetricDecay(λ=0.5),-0.8338145775846707,9.15318728755186,0.9998941294211146
127,AsymmetricDecay(λ=0.5),-0.28139959105368023,4.29519405272225,0.9865494579512994
128,AsymmetricDecay(λ=0.5),0.5317681463297265,4.826962199051977,0.9920528436202992
129,AsymmetricDecay(λ=0.5),-0.2048845033967007,2.2085965961292877,0.9010188362216389
130,AsymmetricDecay(λ=0.5),-1.8591601728204052,-0.7548618747557614,0.3197628468062762
131,AsymmetricDecay(λ=0.5),0.4919635801898324,0.11453264281195169,0.528601901543563
132,AsymmetricDecay(λ=0.5),-0.9379783569425223,-0.8807120355365464,0.293030249381492
133,AsymmetricDecay(λ=0.5),1.0567957304057976,0.6164397126375243,0.6494083843604157
134,AsymmetricDecay(λ=0.5),-0.7346610358545583,-0.4264411795357962,0.3949764644545096
135,AsymmetricDecay(λ=0.5),11.51291546492478,11.29969487515688,0.9999876234530565
136,AsymmetricDecay(λ=0.5),-0.5536240449938881,5.096223392584553,0.9939174092142227
137,AsymmetricDecay(λ=0.5),0.013526386785265073,5.1097497793698174,0.9939986403050268
138,AsymmetricDecay(λ=0.5),1.6887155325209424,6.79846531189076,0.9988857571644026
139,AsymmetricDecay(λ=0.5),-1.2041335060522622,2.1950991498931174,0.8998085488359702
140,AsymmetricDecay(λ=0.5),0.700226464638256,2.8953256145313735,0.9476148810462428
141,AsymmetricDecay(λ=0.5),4.838440111462973,7.733765725994347,0.999562399175446
142,AsymmetricDecay(λ=0.5),-2.0138633151468635,1.8530195478503102,0.8644812428454453
143,AsymmetricDecay(λ=0.5),0.6428178330827777,2.495837380933088,0.9238494892118112
144,AsymmetricDecay(λ=0.5),0.7444346881555982,3.2402720690886864,0.9623219755197004
145,AsymmetricDecay(λ=0.5),1.6182008932834968,4.858472962372183,0.9922974614197977
146,AsymmetricDecay(λ=0.5),-1.2144490665121863,1.214787414673905,0.7711449305693319
147,AsymmetricDecay(λ=0.5),-1.362322982932805,-0.7549292755958524,0.31974818631972307
148,AsymmetricDecay(λ=0.5),1.1340333414542063,0.75656870365628,0.6806082990785185
149,AsymmetricDecay(λ=0.5),0.795893619452655,1.552462323108935,0.8252690833136895
150,AsymmetricDecay(λ=0.5),0.7315615714510475,2.2840238945599824,0.9075452334738886
151,AsymmetricDecay(λ=0.5),0.8661044201705141,3.1501283147304964,0.958913777459572
152,AsymmetricDecay(λ=0.5),-0.4221909941785967,1.1528731631866516,0.7600353205739879
153,AsymmetricDecay(λ=0.5),0.7067205157725885,1.8595936789592402,0.8652495809933832
154,AsymmetricDecay(λ=0.5),0.7904211010414606,2.650014780000701,0.9340119014603016
155,AsymmetricDecay(λ=0.5),-0.4654464412629664,0.8595609487373841,0.7025689157918441
156,AsymmetricDecay(λ=0.5),11.51291546492478,12.372476413662163,0.9999957664964579
157,AsymmetricDecay(λ=0.5),1.0571727120214405,13.429649125683603,0.9999985291213235
158,AsymmetricDecay(λ=0.5),-1.13842880625653,5.5763957565852715,0.9962280938465867
159,AsymmetricDecay(λ=0.5),1.367439075614003,6.943834832199275,0.9990363659300088
160,AsymmetricDecay(λ=0.5),-0.8113847192941882,2.6605326968054492,0.9346572075598307
161,AsymmetricDecay(λ=0.5),1.629676962869344,4.290209659674793,0.9864831562703683
162,AsymmetricDecay(λ=0.5),2.8945964674961537,7.184806127170947,0.9992425582005746
163,AsymmetricDecay(λ=0.5),-0.6023978096990971,2.9900052538863764,0.9521205496596132
164,AsymmetricDecay(λ=0.5),2.0806971472259814,5.070702401112358,0.9937611585906507
165,AsymmetricDecay(λ=0.5),0.9635613412465699,6.034263742358928,0.9976104641518736
166,AsymmetricDecay(λ=0.5),1.7083184172436836,7.742582159602612,0.9995662386305567
167,AsymmetricDecay(λ=0.5),11.51291546492478,19.25549762452739,0.9999999956604606
168,AsymmetricDecay(λ=0.5),0.10563237356983537,19.361129998097226,0.9999999960954762
169,AsymmetricDecay(λ=0.5),-0.5156107837719653,9.164954215276648,0.9998953677621933
170,AsymmetricDecay(λ=0.5),-0.6939917794790841,3.88848532815924,0.9799345298459545
171,AsymmetricDecay(λ=0.5),-0.5960106898012215,1.3482319742783986,0.7938404273135562
172,AsymmetricDecay(λ=0.5),0.30993537644015473,1.6581673507185533,0.8399918382725478
173,AsymmetricDecay(λ=0.5),0.8584924724830516,2.516659823201605,0.925301514132544
174,AsymmetricDecay(λ=0.5),0.7676265243793439,3.2842863475809487,0.9638857883217788
175,AsymmetricDecay(λ=0.5),1.7202029420263656,5.0044892896073145,0.993336928128772
176,AsymmetricDecay(λ=0.5),0.4217442893956279,5.426233579002942,0.9956196364879368
177,AsymmetricDecay(λ=0.5),11.51291546492478,16.93914904392772,0.9999999560032068
178,AsymmetricDecay(λ=0.5),0.08245849074155558,17.021607534669275,0.9999999594855679
179,AsymmetricDecay(λ=0.5),11.51291546492478,28.534522999594053,0.9999999999995948
180,AsymmetricDecay(λ=0.5),1.3111181598570907,29.845641159451144,0.9999999999998908
181,AsymmetricDecay(λ=0.5),-0.6506071386034638,14.272213441122108,0.9999993666319046
182,AsymmetricDecay(λ=0.5),-0.9507587810613929,6.185347939499661,0.9979448474634564
183,AsymmetricDecay(λ=0.5),1.0707616024579991,7.2561095419576604,0.999294649095244
184,AsymmetricDecay(λ=0.5),0.13203614527698834,7.3881456872346485,0.999381840496715
185,AsymmetricDecay(λ=0.5),1.4775361895230914,8.86568187675774,0.9998588691406622
186,AsymmetricDecay(λ=0.5),1.0562396781695995,9.92192155492734,0.9999509156661598
187,AsymmetricDecay(λ=0.5),0.3151889876175488,10.23711054254489,0.9999641850931258
188,AsymmetricDecay(λ=0.5),-0.6368370214037428,4.4817182498687025,0.9888126173183864
189,AsymmetricDecay(λ=0.5),-1.769971826720288,0.4708872982140633,0.6155937464661635
190,AsymmetricDecay(λ=0.5),-0.1360273027071861,0.09941634639984553,0.5248336361374
191,AsymmetricDecay(λ=0.5),1.789937700887714,1.8893540472875596,0.8686818619022538
192,AsymmetricDecay(λ=0.5),0.6821936583997019,2.5715477056872613,0.9290078384261283
193,AsymmetricDecay(λ=0.5),-1.229446211392774,0.05632764145085667,0.5140781882828074
194,AsymmetricDecay(λ=0.5),0.6276405764210091,0.6839682178718658,0.6646237862698777
195,AsymmetricDecay(λ=0.5),0.9227161369204,1.6066843547922658,0.832950543669361
196,AsymmetricDecay(λ=0.5),-0.686362374296845,0.1169798030992879,0.5292116466875345
197,AsymmetricDecay(λ=0.5),0.6020165776618156,0.7189963807611035,0.6723859749960766
198,AsymmetricDecay(λ=0.5),0.47879213936658405,1.1977885201276877,0.7681311399243819
199,AsymmetricDecay(λ=0.5),-1.0610496796923663,-0.46215541962852247,0.3864746231355707
200,AsymmetricDecay(λ=0.5),0.8824816124974656,0.6514039026832044,0.6573267591623293
201,AsymmetricDecay(λ=0.5),1.1983737588248302,1.8497776615080346,0.8641009957920183
202,AsymmetricDecay(λ=0.5),2.5110864065790217,4.360864068087056,0.9873935993211347
203,AsymmetricDecay(λ=0.5),2.3910284625996745,6.751892530686731,0.9988326983947438
204,AsymmetricDecay(λ=0.5),-1.4716023316369358,1.9043439337064296,0.8703823837052274
205,AsymmetricDecay(λ=0.5),-0.7599713428282344,0.1922006240249804,0.5479027816780739
206,AsymmetricDecay(λ=0.5),1.1228154509359956,1.315016074960976,0.7883513161843294
207,AsymmetricDecay(λ=0.5),1.1207930274819506,2.435809102442927,0.9195174849018002
208,AsymmetricDecay(λ=0.5),1.1228355657211027,3.5586446681640296,0.9723111124931247
209,AsymmetricDecay(λ=0.5),11.51291546492478,15.07156013308881,0.9999997152232845
210,AsymmetricDecay(λ=0.5),1.215480101117974,16.287040234206785,0.9999999155444366
211,AsymmetricDecay(λ=0.5),2.763471789309054,19.05051202351584,0.9999999946731832
212,AsymmetricDecay(λ=0.5),2.0525053829962197,21.10301740651206,0.9999999993159687
213,AsymmetricDecay(λ=0.5),1.3578950511845307,22.46091245769659,0.9999999998240661
214,AsymmetricDecay(λ=0.5),0.021677755301760023,22.48259021299835,0.9999999998278388
215,AsymmetricDecay(λ=0.5),1.5693488799817412,24.051939092980092,0.9999999999641593
216,AsymmetricDecay(λ=0.5),-0.5401510897439648,11.485818456746081,0.9999897253281156
217,AsymmetricDecay(λ=0.5),0.11594739530196962,11.60176585204805,0.9999908501676563
218,AsymmetricDecay(λ=0.5),-0.18294480067621835,5.6179381253478065,0.9963810221955995
219,AsymmetricDecay(λ=0.5),0.5089582909392062,6.126896416287012,0.9978214099618193
220,AsymmetricDecay(λ=0.5),11.51291546492478,17.63981188121179,0.9999999781663156
221,AsymmetricDecay(λ=0.5),-3.1827399022126013,5.637166038393294,0.9964496981732818
222,AsymmetricDecay(λ=0.5),1.423445903974526,7.060611942367821,0.9991424832340712
223,AsymmetricDecay(λ=0.5),-2.029061692407611,1.5012442787762996,0.8177599826314934
224,AsymmetricDecay(λ=0.5),-0.16670322551207345,0.5839189138760763,0.641968648977929
225,AsymmetricDecay(λ=0.5),2.5368511115763575,3.1207700254524338,0.9577414042365412
226,AsymmetricDecay(λ=0.5),0.4865103059380912,3.607280331390525,0.9735908430291462
227,AsymmetricDecay(λ=0.5),-0.961007276749074,0.8426328889461885,0.6990194429214696
228,AsymmetricDecay(λ=0.5),-0.4666523739695906,-0.04533592949649634,0.4886679584987137
229,AsymmetricDecay(λ=0.5),1.4107190040556419,1.3880510393073937,0.8002809203917417
230,AsymmetricDecay(λ=0.5),-0.48577229888145174,0.20825322077224512,0.5518759548023984
231,AsymmetricDecay(λ=0.5),0.6853763147341951,0.8936295355064403,0.7096386130127844
232,AsymmetricDecay(λ=0.5),0.4627719440946494,1.3564014796010897,0.7951742213764116
233,AsymmetricDecay(λ=0.5),-0.3866670568883881,0.29153368291215676,0.5723715623731386
234,AsymmetricDecay(λ=0.5),11.51291546492478,11.804449147836936,0.9999925288126256
235,AsymmetricDecay(λ=0.5),1.325984852329001,13.130434000165936,0.9999980160802213
236,AsymmetricDecay(λ=0.5),-11.512915464920228,-4.94769846483726,0.0070496795941535455
237,AsymmetricDecay(λ=0.5),0.6452368412444794,-1.8286123911741505,0.13840365986018557
238,AsymmetricDecay(λ=0.5),-0.39936855589155135,-2.227980947065702,0.09726578012910575
239,AsymmetricDecay(λ=0.5),1.7802683654226275,0.6662778918897765,0.6606692165808287
240,AsymmetricDecay(λ=0.5),-0.565638706043284,-0.2324997600983958,0.44213548645140277
241,AsymmetricDecay(λ=0.5),0.26383615015737827,0.14758627010818037,0.5368297405648225
242,AsymmetricDecay(λ=0.5),1.1066079281424028,1.254194198250583,0.7780250524722065
243,AsymmetricDecay(λ=0.5),1.813020710135784,3.067214908386367,0.9555199516934981
244,AsymmetricDecay(λ=0.5),-1.1531670833543401,0.3804403708388433,0.5939793106335686
245,AsymmetricDecay(λ=0.5),-0.0014014832385321812,0.18881870218088947,0.5470649266967702
246,AsymmetricDecay(λ=0.5),-0.1703450966749611,-0.07593574558451635,0.48102518050398074
247,AsymmetricDecay(λ=0.5),-0.388820679847426,-0.4647564254319424,0.3858580758783868
248,AsymmetricDecay(λ=0.5),11.51291546492478,11.280537252208807,0.9999873840650975
249,AsymmetricDecay(λ=0.5),0.9518870134819686,12.232424265690776,0.9999951300609465
250,AsymmetricDecay(λ=0.5),-1.255585187563429,4.860626945281959,0.9923139073167998
251,AsymmetricDecay(λ=0.5),1.9491926709844065,6.809819616266366,0.9988983232045714
252,AsymmetricDecay(λ=0.5),11.51291546492478,18.322735081191144,0.9999999889709715
253,AsymmetricDecay(λ=0.5),2.3104593127756226,20.633194393966768,0.9999999989057475
254,AsymmetricDecay(λ=0.5),-1.780924535598948,8.535672661384435,0.9998037004953578
255,AsymmetricDecay(λ=0.5),-0.18157814338312864,4.086258187309089,0.9834756558329825
256,AsymmetricDecay(λ=0.5),3.8955691154988847,7.981827302807973,0.9996585020422103
257,AsymmetricDecay(λ=0.5),-0.4569940509843736,3.533919600419613,0.9716376283655398
258,AsymmetricDecay(λ=0.5),1.010642294252935,4.544561894672548,0.9894868736534531
259,AsymmetricDecay(λ=0.5),1.6026627772599829,6.147224671932531,0.9978651562025338
260,AsymmetricDecay(λ=0.5),-0.7449582746031959,2.32865406136307,0.9112225158828126
261,AsymmetricDecay(λ=0.5),0.33157435868543433,2.6602284200485045,0.9346386219734869
262,AsymmetricDecay(λ=0.5),-11.512915464920228,-10.182801254895976,3.781370067414187e-05
263,AsymmetricDecay(λ=0.5),-0.8823854087211996,-11.065186663617176,1.564745441817187e-05
264,AsymmetricDecay(λ=0.5),0.09699418927237849,-5.435599142536209,0.004339707653630048
265,AsymmetricDecay(λ=0.5),-1.2329527379221623,-6.668551880458372,0.0012686254198269493
266,AsymmetricDecay(λ=0.5),11.51291546492478,8.178639524695594,0.9997194952975872
267,AsymmetricDecay(λ=0.5),-1.5788558217074764,2.510463940640321,0.9248721331713826
268,AsymmetricDecay(λ=0.5),-0.12822879711267035,1.12700317320749,0.7552854213860464
269,AsymmetricDecay(λ=0.5),0.5719897521293033,1.6989929253367935,0.8454031594033949
270,AsymmetricDecay(λ=0.5),11.51291546492478,13.211908390261573,0.9999981713091305
271,AsymmetricDecay(λ=0.5),-1.5910134837552854,5.014940711375502,0.9934057472336254
272,AsymmetricDecay(λ=0.5),2.9225325169330594,7.937473228308561,0.9996430198115382
273,AsymmetricDecay(λ=0.5),0.418272992224082,8.355746220532643,0.9997650132045427
274,AsymmetricDecay(λ=0.5),-0.8210189651838155,3.356854145082506,0.9663285679644649
275,AsymmetricDecay(λ=0.5),1.0388654898725007,4.3957196349550065,0.9878201732824411
276,AsymmetricDecay(λ=0.5),0.6620373785592917,5.057757013514298,0.9936803830621631
277,AsymmetricDecay(λ=0.5),-0.3230404880687681,2.2058380186883806,0.9007725432429974
278,AsymmetricDecay(λ=0.5),0.4935426124763631,2.6993806311647437,0.936990086510629
279,AsymmetricDecay(λ=0.5),-0.06239655255178449,1.2872937630305874,0.7836887782692287
280,AsymmetricDecay(λ=0.5),0.5496535299475893,1.8369472929781767,0.8625872689662455
281,AsymmetricDecay(λ=0.5),1.3778109701742556,3.214758263152432,0.9613858951241321
282,AsymmetricDecay(λ=0.5),11.51291546492478,14.72767372807721,0.9999995983457245
283,AsymmetricDecay(λ=0.5),-1.2159194405096099,6.1479174235289955,0.9978666314528589
284,AsymmetricDecay(λ=0.5),11.51291546492478,17.660832888453776,0.9999999786204912
285,AsymmetricDecay(λ=0.5),-4.227879942201274,4.602536502025614,0.990073158648179
286,AsymmetricDecay(λ=0.5),0.21872573820522975,4.821262240230843,0.9920077788799604
287,AsymmetricDecay(λ=0.5),1.2453573513812197,6.066619591612063,0.9976863661749749
288,AsymmetricDecay(λ=0.5),0.7735927293575486,6.840212320969611,0.9989312671934468
289,AsymmetricDecay(λ=0.5),-0.35079295798323984,3.069313202501566,0.9556090473036938
290,AsymmetricDecay(λ=0.5),0.1505369379253136,3.2198501404268796,0.9615744777198368
291,AsymmetricDecay(λ=0.5),-0.19219052622337165,1.4177345439900682,0.8049830186903526
292,AsymmetricDecay(λ=0.5),-0.309689325022122,0.3991779469729121,0.5984901370258935
293,AsymmetricDecay(λ=0.5),1.7734051928284345,2.1725831398013464,0.8977603082595516
294,AsymmetricDecay(λ=0.5),0.881363276432602,3.0539464162339485,0.9549525991065224
295,AsymmetricDecay(λ=0.5),-0.4383797022583913,1.088593505858583,0.7481167770753547
296,AsymmetricDecay(λ=0.5),1.8998978393390742,2.988491345197657,0.9520514878337338
297,AsymmetricDecay(λ=0.5),0.8103771002771262,3.798868445474783,0.9780944978828302
298,AsymmetricDecay(λ=0.5),1.6872232086289953,5.486091654103778,0.9958730931532649
299,AsymmetricDecay(λ=0.5),1.3182394789535719,6.80433113305735,0.9988922667627891
300,AsymmetricDecay(λ=0.5),-0.6133232331600674,2.7888423333686077,0.942069898311032
301,AsymmetricDecay(λ=0.5),-0.27391717599082516,1.1205039906934786,0.7540821895802874
302,AsymmetricDecay(λ=0.5),1.5449839796224867,2.665487970315965,0.9349591904910575
303,AsymmetricDecay(λ=0.5),1.2838892152945973,3.9493771856105626,0.981097491303321
304,AsymmetricDecay(λ=0.5),0.37940472494822425,4.328781910558787,0.9869879491154392
305,AsymmetricDecay(λ=0.5),0.5545829484783426,4.88336485903713,0.9924854026239206
306,AsymmetricDecay(λ=0.5),4.075473190399025,8.958838049436155,0.9998714209460247
307,AsymmetricDecay(λ=0.5),-0.312401848787464,4.167017175930614,0.9847381148044756
308,AsymmetricDecay(λ=0.5),1.1754527669513906,5.342469942882004,0.9952387382652164
309,AsymmetricDecay(λ=0.5),0.15769479804353045,5.500164740925534,0.9959305300187011
310,AsymmetricDecay(λ=0.5),0.13900595481949957,5.639170695745034,0.9964567829906845
311,AsymmetricDecay(λ=0.5),2.581066331233826,8.220237026978861,0.9997309211616746
312,AsymmetricDecay(λ=0.5),1.7160929953124804,9.936330022291342,0.9999516177915423
313,AsymmetricDecay(λ=0.5),1.688698253287052,11.625028275578394,0.9999910605564645
314,AsymmetricDecay(λ=0.5),4.7763411423034725,16.401369417881867,0.999999924668653
315,AsymmetricDecay(λ=0.5),0.43179054331786537,16.833159961199733,0.9999999510839372
316,AsymmetricDecay(λ=0.5),1.4152067836776807,18.248366744877416,0.999999988119492
317,AsymmetricDecay(λ=0.5),0.027681659597723292,18.276048404475137,0.9999999884438538
318,AsymmetricDecay(λ=0.5),0.8342361975711479,19.110284602046285,0.999999994982252
319,AsymmetricDecay(λ=0.5),0.2450472353885502,19.355331837434836,0.9999999960727715
320,AsymmetricDecay(λ=0.5),0.5283525542142211,19.883684391649055,0.9999999976846023
321,AsymmetricDecay(λ=0.5),1.2572196088778018,21.140904000526856,0.9999999993413995
322,AsymmetricDecay(λ=0.5),-0.5991691811402978,9.97128281912313,0.9999532795945236
323,AsymmetricDecay(λ=0.5),11.51291546492478,21.48419828404791,0.9999999995327695
324,AsymmetricDecay(λ=0.5),-0.8559089774701396,9.886190164553815,0.9999491301951636
325,AsymmetricDecay(λ=0.5),-1.1761595815734964,3.7669355007034113,0.9773997663420555
326,AsymmetricDecay(λ=0.5),2.8916729372893717,6.658608437992783,0.9987187133955345
327,AsymmetricDecay(λ=0.5),1.6397345046749872,8.29834294266777,0.9997511329750928
328,AsymmetricDecay(λ=0.5),1.3083441784993013,9.60668712116707,0.999932727188749
329,AsymmetricDecay(λ=0.5),1.3159293114464692,10.92261643261354,0.9999819548657093
330,AsymmetricDecay(λ=0.5),0.3901797435402924,11.312796176153832,0.9999877845423982
331,AsymmetricDecay(λ=0.5),-0.7044619996847195,4.951936088392197,0.9929799218130104
332,AsymmetricDecay(λ=0.5),0.5012003118751608,5.453136400267358,0.9957354137181769
333,AsymmetricDecay(λ=0.5),-0.41860133597595833,2.3079668641577205,0.9095347054191565
334,AsymmetricDecay(λ=0.5),2.116910107410782,4.424876971568502,0.9881660352688499
335,AsymmetricDecay(λ=0.5),0.22446893056647893,4.649345902134981,0.9905228181324076
336,AsymmetricDecay(λ=0.5),-0.6087217419985252,1.7159512090689653,0.8476065911184825
337,AsymmetricDecay(λ=0.5),0.014337235603814233,1.7302884446727795,0.8494493117709134
338,AsymmetricDecay(λ=0.5),0.9637872586479657,2.6940757033207454,0.9366761583392872
339,AsymmetricDecay(λ=0.5),-0.2782509372283818,1.0687869144319908,0.744366152052518
340,AsymmetricDecay(λ=0.5),-0.6044166666003081,-0.07002320938431272,0.4825013470919585
341,AsymmetricDecay(λ=0.5),0.7222676044598315,0.6872559997676752,0.6653562325020586
342,AsymmetricDecay(λ=0.5),0.7240124414465976,1.4112684412142729,0.8039659330276051
343,AsymmetricDecay(λ=0.5),-0.20909025826504532,0.4965439623420911,0.6216468064514596
344,AsymmetricDecay(λ=0.5),-0.16562353480477168,0.08264844636627386,0.5206503581164537
345,AsymmetricDecay(λ=0.5),0.7064441943113665,0.7890926406776404,0.6876364697446342
346,AsymmetricDecay(λ=0.5),-1.6173207896413844,-1.2227744693025642,0.2274485640968033
347,AsymmetricDecay(λ=0.5),-1.5315920608640465,-2.7543665301666107,0.05984051813292914
348,AsymmetricDecay(λ=0.5),-0.4706317252203015,-3.2249982553869123,0.03823575592192938
349,AsymmetricDecay(λ=0.5),0.14411231573771371,-1.4683868119557424,0.18718793444132817
350,AsymmetricDecay(λ=0.5),0.8154623254071038,0.08126891942923264,0.5203060549101106
351,AsymmetricDecay(λ=0.5),11.51291546492478,11.594184384354012,0.9999907805355139
352,AsymmetricDecay(λ=0.5),1.7930261189836796,13.387210503337691,0.9999984653558655
353,AsymmetricDecay(λ=0.5),0.2088293847507977,13.59603988808849,0.9999987545842318
354,AsymmetricDecay(λ=0.5),0.3817501053824967,13.977789993470985,0.9999991497971287
355,AsymmetricDecay(λ=0.5),-0.8509138555699464,6.137981141165546,0.9978453739383811
356,AsymmetricDecay(λ=0.5),0.3823760913274781,6.520357232493024,0.9985290242034492
357,AsymmetricDecay(λ=0.5),0.05362247830868851,6.573979710801712,0.9986057169893946
358,AsymmetricDecay(λ=0.5),0.8321794611007381,7.40615917190245,0.9993928693110127
359,AsymmetricDecay(λ=0.5),-0.6110017594143784,3.0920778265368467,0.956564777781468
360,AsymmetricDecay(λ=0.5),1.12981065402076,4.221888480557607,0.9855412110347693
361,AsymmetricDecay(λ=0.5),11.51291546492478,15.734803945482387,0.9999998532894285
362,AsymmetricDecay(λ=0.5),0.27113675546841715,16.005940700950806,0.9999998881313937
363,AsymmetricDecay(λ=0.5),0.9470102439414367,16.952950944892244,0.9999999566062748
364,AsymmetricDecay(λ=0.5),1.4309108528139438,18.38386179770619,0.9999999896249484
365,AsymmetricDecay(λ=0.5),-0.08150966429888504,9.11042123455421,0.999889504055231
366,AsymmetricDecay(λ=0.5),0.695673095272585,9.806094329826795,0.9999448883506942
367,AsymmetricDecay(λ=0.5),0.4212307510281728,10.227325080854968,0.9999638329201246
368,AsymmetricDecay(λ=0.5),0.5292271097948046,10.756552190649773,0.9999786951006607
369,AsymmetricDecay(λ=0.5),-0.5403891321879268,4.83788696313696,0.9921385130768854
370,AsymmetricDecay(λ=0.5),0.4361994004421399,5.2740863635791,0.9949034728506846
371,AsymmetricDecay(λ=0.5),1.0954121142543882,6.369498477833488,0.9982899112862343
372,AsymmetricDecay(λ=0.5),11.51291546492478,17.88241394275827,0.9999999828696479
373,AsymmetricDecay(λ=0.5),2.0682752593029456,19.950689202061216,0.9999999978346616
374,AsymmetricDecay(λ=0.5),11.51291546492478,31.463604666985994,0.9999999999999782
375,AsymmetricDecay(λ=0.5),-0.5330932279584953,15.198709105534501,0.9999997492249102
376,AsymmetricDecay(λ=0.5),1.829449982172278,17.02815908770678,0.9999999597501327
377,AsymmetricDecay(λ=0.5),0.641102331940095,17.669261419646872,0.9999999787999319
378,AsymmetricDecay(λ=0.5),11.51291546492478,29.182176884571653,0.999999999999788
379,AsymmetricDecay(λ=0.5),-0.5861856792284024,14.004902763057425,0.9999991725387763
380,AsymmetricDecay(λ=0.5),-0.6274743247563931,6.37497705677232,0.99829923863442
381,AsymmetricDecay(λ=0.5),-0.3220254633915609,2.865463064994599,0.9461125061848609
382,AsymmetricDecay(λ=0.5),-11.512915464920228,-10.080183932422928,4.189995381707488e-05
383,AsymmetricDecay(λ=0.5),-0.23194025622709902,-10.312124188650028,3.3226679150327864e-05
384,AsymmetricDecay(λ=0.5),-0.522532670706174,-10.834656859356201,1.9704243017879955e-05
385,AsymmetricDecay(λ=0.5),0.5976484997363057,-4.8196799299417945,0.00800477599419638
386,AsymmetricDecay(λ=0.5),0.8593593782796866,-1.5504805866912106,0.17501686735372524
387,AsymmetricDecay(λ=0.5),11.51291546492478,10.737675171579173,0.9999782891165723
388,AsymmetricDecay(λ=0.5),2.0419054568174033,12.779580628396577,0.9999971822826358
389,AsymmetricDecay(λ=0.5),-0.2943922904677547,6.095398023730533,0.9977518524257175
390,AsymmetricDecay(λ=0.5),-0.7060347868908219,2.341664224974445,0.9122693711130437
391,AsymmetricDecay(λ=0.5),1.0857244419109864,3.4273886668854314,0.968549620524797
392,AsymmetricDecay(λ=0.5),-1.3619100905533494,0.35178424288936627,0.5870501861972505
393,AsymmetricDecay(λ=0.5),11.51291546492478,11.864699707814145,0.9999929656603782
394,AsymmetricDecay(λ=0.5),3.028201460320616,14.892901168134761,0.999999659517296
395,AsymmetricDecay(λ=0.5),-0.16337319536751183,7.283077388699869,0.9993134038063406
396,AsymmetricDecay(λ=0.5),-2.3627247572287864,1.2788139371211482,0.7822478146467512
397,AsymmetricDecay(λ=0.5),11.51291546492478,12.791729402045927,0.9999972163072537
398,AsymmetricDecay(λ=0.5),0.2640761987550044,13.055805600800932,0.9999978623591391
399,AsymmetricDecay(λ=0.5),3.523349938035629,16.57915553883656,0.9999999369385131
400,AsymmetricDecay(λ=0.5),-1.9766939857197703,6.31288378369851,0.9981904823131001
401,AsymmetricDecay(λ=0.5),-0.32200376344895154,2.8344381284003033,0.9445086728498517
402,AsymmetricDecay(λ=0.5),0.4120240553978474,3.2464621837981507,0.9625457779206985
403,AsymmetricDecay(λ=0.5),0.46455494605608877,3.7110171298542394,0.9761310204339051
404,AsymmetricDecay(λ=0.5),-0.14030829416990848,1.7152002707572112,0.8475095673520542
405,AsymmetricDecay(λ=0.5),1.3060711811869232,3.021271451944134,0.9535259014339675
406,AsymmetricDecay(λ=0.5),-0.9458813421379382,0.5647543838341289,0.6375518976849044
407,AsymmetricDecay(λ=0.5),0.23015523597187576,0.7949096198060046,0.6888845477869837
408,AsymmetricDecay(λ=0.5),0.5584278170998935,1.3533374369058981,0.7946747226969785
409,AsymmetricDecay(λ=0.5),1.121849670985375,2.475187107891273,0.9223839338952605
410,AsymmetricDecay(λ=0.5),1.472812286408716,3.947999394299989,0.981071922938592
411,AsymmetricDecay(λ=0.5),-1.0324604515558302,0.9415392455941642,0.7194104729703574
412,AsymmetricDecay(λ=0.5),-1.817236939094458,-1.346467316297376,0.2064485224886901
413,AsymmetricDecay(λ=0.5),4.075691086626745,3.4024574284780567,0.9677812477974361
414,AsymmetricDecay(λ=0.5),0.8458421107323283,4.248299539210385,0.9859127751435163
415,AsymmetricDecay(λ=0.5),-0.5088888589484636,1.6152609106567288,0.8341405140683719
416,AsymmetricDecay(λ=0.5),11.51291546492478,13.128176375581507,0.9999980115962246
417,AsymmetricDecay(λ=0.5),0.5524438218933246,13.680620197474832,0.9999988555900049
418,AsymmetricDecay(λ=0.5),3.0272281296631065,16.70784832713794,0.999999944553563
419,AsymmetricDecay(λ=0.5),0.49063302036833073,17.19848134750627,0.9999999660535441
420,AsymmetricDecay(λ=0.5),11.51291546492478,28.711396812431047,0.9999999999996605
421,AsymmetricDecay(λ=0.5),11.51291546492478,40.22431227735583,1.0
422,AsymmetricDecay(λ=0.5),0.10132963470894107,40.32564191206477,1.0
423,AsymmetricDecay(λ=0.5),2.105858437641248,42.43150034970601,1.0
424,AsymmetricDecay(λ=0.5),1.346841576352688,43.7783419260587,1.0
425,AsymmetricDecay(λ=0.5),11.51291546492478,55.29125739098348,1.0
426,AsymmetricDecay(λ=0.5),-0.7976755447685746,26.847953150723168,0.9999999999978118
427,AsymmetricDecay(λ=0.5),1.4230456738391812,28.270998824562348,0.9999999999994726
428,AsymmetricDecay(λ=0.5),2.4092156133876474,30.680214437949996,0.9999999999999527
429,AsymmetricDecay(λ=0.5),-2.5507196415879956,12.789387577387002,0.9999972097807126
430,AsymmetricDecay(λ=0.5),-1.125338195248417,5.269355593445084,0.9948794289836168
431,AsymmetricDecay(λ=0.5),-11.512915464920228,-8.878237668197686,0.0001393701732020417
432,AsymmetricDecay(λ=0.5),0.07674945073494271,-4.3623693833639,0.012587677038770676
433,AsymmetricDecay(λ=0.5),1.4845754222215233,-0.6966092694604267,0.3325644246840361
434,AsymmetricDecay(λ=0.5),11.51291546492478,11.164610830194565,0.9999858334215372
435,AsymmetricDecay(λ=0.5),0.4990175928955506,11.663628423090115,0.9999913990425034
436,AsymmetricDecay(λ=0.5),11.51291546492478,23.176543888014894,0.9999999999139888
437,AsymmetricDecay(λ=0.5),-1.4764147397256908,10.111857204281756,0.9999594063049926
438,AsymmetricDecay(λ=0.5),-2.326088238042289,2.7298403640985893,0.9387646610616938
439,AsymmetricDecay(λ=0.5),0.33648193399093695,3.0663222980895264,0.9554819989221176
440,AsymmetricDecay(λ=0.5),0.9208714417360684,3.987193739825595,0.981786195040182
441,AsymmetricDecay(λ=0.5),0.3647573955462219,4.3519511353718165,0.9872821724628207
442,AsymmetricDecay(λ=0.5),-11.512915464920228,-9.33693989723432,8.810088303281126e-05
443,AsymmetricDecay(λ=0.5),0.29518074009461004,-4.37328920852255,0.012452671948786706
444,AsymmetricDecay(λ=0.5),-1.3330267266909956,-5.706315935213546,0.0033138808335742443
445,AsymmetricDecay(λ=0.5),1.3919399507579904,-1.4612180168487825,0.18828110339799956
446,AsymmetricDecay(λ=0.5),0.8952843591419798,0.16467535071758854,0.5410760546673304
447,AsymmetricDecay(λ=0.5),-0.7628119910556324,-0.680474315696838,0.336155448469533
448,AsymmetricDecay(λ=0.5),-0.2174936148284095,-0.8979679305252475,0.28946826721575003
449,AsymmetricDecay(λ=0.5),-0.9333975030603229,-1.8313654335855705,0.13807569151612392
450,AsymmetricDecay(λ=0.5),0.3276861319240347,-0.5879965848687505,0.3570946626776108
451,AsymmetricDecay(λ=0.5),2.0559026983480275,1.7619044059136524,0.8534480131852074
452,AsymmetricDecay(λ=0.5),-0.8269886237213545,0.05396357923547168,0.5134876218951678
453,AsymmetricDecay(λ=0.5),1.105097232757292,1.159060811992764,0.7611620176033268
454,AsymmetricDecay(λ=0.5),-0.23741811083274517,0.3421122951636368,0.584703533262877
455,AsymmetricDecay(λ=0.5),-0.5660959535985057,-0.3950398060166873,0.40250466100142834
456,AsymmetricDecay(λ=0.5),0.27325118760566414,0.07573128459732048,0.5189237776662814
457,AsymmetricDecay(λ=0.5),-0.8981671058390928,-0.8603014635404325,0.2972763651302336
458,AsymmetricDecay(λ=0.5),-0.26593544410284475,-1.1262369076432772,0.2448562346862179
459,AsymmetricDecay(λ=0.5),-1.149192362676354,-2.2754292703196315,0.09317844502650988
460,AsymmetricDecay(λ=0.5),11.51291546492478,10.375200829764964,0.9999688043540538
461,AsymmetricDecay(λ=0.5),0.4497469425612878,10.82494777232625,0.9999801035188601
462,AsymmetricDecay(λ=0.5),-0.4469660874521824,4.965507798710943,0.9930738972536484
463,AsymmetricDecay(λ=0.5),0.6820405431491503,5.647548341860094,0.9964862389489756
464,AsymmetricDecay(λ=0.5),0.2667773761286556,5.914325717988749,0.997306792881919
465,AsymmetricDecay(λ=0.5),0.1350413266097221,6.049367044598471,0.9976461985525785
466,AsymmetricDecay(λ=0.5),1.2906075762852232,7.3399746208836945,0.9993513540212136
467,AsymmetricDecay(λ=0.5),1.56627766964074,8.906252290524435,0.9998644795247471
468,AsymmetricDecay(λ=0.5),-0.23771448862027877,4.215411656641939,0.9854486271964982
469,AsymmetricDecay(λ=0.5),-0.293061496424599,1.8146443318963703,0.859922247507883
470,AsymmetricDecay(λ=0.5),0.06996649175798449,1.8846108236543548,0.8681398380621972
471,AsymmetricDecay(λ=0.5),-11.512915464920228,-10.57061005309305,2.565849859665007e-05
472,AsymmetricDecay(λ=0.5),-1.7708015125828205,-12.341411565675871,4.36708013822169e-06
473,AsymmetricDecay(λ=0.5),11.51291546492478,5.342209682086843,0.9952375048364919
474,AsymmetricDecay(λ=0.5),11.51291546492478,16.855125147011623,0.9999999521466733
475,AsymmetricDecay(λ=0.5),0.10124314396922501,16.956368290980848,0.9999999567543131
476,AsymmetricDecay(λ=0.5),1.225141482176049,18.181509773156897,0.9999999872980433
477,AsymmetricDecay(λ=0.5),0.8159456938669732,18.99745546702387,0.999999994382929
478,AsymmetricDecay(λ=0.5),11.51291546492478,30.51037093194865,0.9999999999999438
479,AsymmetricDecay(λ=0.5),2.6806055174494583,33.19097644939811,0.9999999999999962
480,AsymmetricDecay(λ=0.5),0.24775853203496975,33.43873498143308,0.9999999999999969
481,AsymmetricDecay(λ=0.5),-0.7845603112157651,15.934807179500774,0.9999998798839285
482,AsymmetricDecay(λ=0.5),-2.0108724350941976,5.95653115465619,0.997417808149129
483,AsymmetricDecay(λ=0.5),0.6679281881686577,6.6244593428248475,0.9986742619562089
484,AsymmetricDecay(λ=0.5),-0.5189628910186814,2.7932667803937425,0.9423108872430678
485,AsymmetricDecay(λ=0.5),-1.5622509532540187,-0.16561756305714748,0.45868999106015546
486,AsymmetricDecay(λ=0.5),-0.3804094988216972,-0.5460270618788448,0.36678665126063514
487,AsymmetricDecay(λ=0.5),-0.9667157888038322,-1.512742850682677,0.18053265850647895
488,AsymmetricDecay(λ=0.5),11.51291546492478,10.75654403958344,0.9999786949270062
489,AsymmetricDecay(λ=0.5),1.8531107495772923,12.609654789160732,0.9999966603953584
490,AsymmetricDecay(λ=0.5),0.3955091460583248,13.005163935219057,0.9999977513177589
491,AsymmetricDecay(λ=0.5),11.51291546492478,24.518079400143836,0.9999999999775129
492,AsymmetricDecay(λ=0.5),0.5031976340509281,25.021277034194764,0.9999999999864044
493,AsymmetricDecay(λ=0.5),-0.6561066524112407,11.854531864686141,0.999992893771969
494,AsymmetricDecay(λ=0.5),11.51291546492478,23.36744732961092,0.9999999999289364
495,AsymmetricDecay(λ=0.5),1.1618737216730617,24.52932105128398,0.9999999999777642
496,AsymmetricDecay(λ=0.5),-0.9010919466481824,11.363568578993807,0.9999883892619004
497,AsymmetricDecay(λ=0.5),0.17201649430965493,11.535585073303462,0.9999902241436444
498,AsymmetricDecay(λ=0.5),-0.6752846817889976,5.092507854862734,0.9938949053132776
499,AsymmetricDecay(λ=0.5),-1.4817709238383419,1.064483003593025,0.7435463206118573
500,AsymmetricDecay(λ=0.5),1.9722563807010636,3.036739384294089,0.9542065628746638
501,AsymmetricDecay(λ=0.5),11.51291546492478,14.549654849218868,0.9999995200842787
502,AsymmetricDecay(λ=0.5),-1.5134387619313907,5.761388662678043,0.9968631320997016
503,AsymmetricDecay(λ=0.5),1.2020584675692427,6.963447130247286,0.9990550632026127
504,AsymmetricDecay(λ=0.5),-0.38547436083899084,3.096249204284652,0.9567377630004478
505,AsymmetricDecay(λ=0.5),-0.18507695128215243,1.3630476508601737,0.7962545743816587
506,AsymmetricDecay(λ=0.5),-0.31341324968067424,0.3681105757494126,0.5910023481496218
507,AsymmetricDecay(λ=0.5),-0.6597188576906051,-0.47566356981589886,0.38327663158463654
508,AsymmetricDecay(λ=0.5),0.4665062010527492,0.22867441614479977,0.5569207782201724
509,AsymmetricDecay(λ=0.5),-0.6158979829793466,-0.5015607749069467,0.3771739510668383
510,AsymmetricDecay(λ=0.5),0.75900213698713,0.5082217495336567,0.6243895186196349
511,AsymmetricDecay(λ=0.5),0.3430390996352045,0.8512608491688612,0.7008315674573141
512,AsymmetricDecay(λ=0.5),0.11338365811494065,0.9646445072838019,0.7240507485350177
513,AsymmetricDecay(λ=0.5),-0.7184658556761984,-0.2361436020342974,0.4412369171072175
514,AsymmetricDecay(λ=0.5),-0.29423003689996885,-0.5303736389342663,0.3704297469000815
515,AsymmetricDecay(λ=0.5),1.5618410136149945,1.2966541941478613,0.7852713508936179
516,AsymmetricDecay(λ=0.5),1.1000803277175737,2.396734521865435,0.9165779552976648
517,AsymmetricDecay(λ=0.5),-0.8154355380943611,0.3829317228383563,0.5945800037821605
518,AsymmetricDecay(λ=0.5),0.531357585908668,0.9142893087470243,0.7138770854714549
519,AsymmetricDecay(λ=0.5),1.5534824512745398,2.467771760021564,0.921851390149106
520,AsymmetricDecay(λ=0.5),-2.2063868118158614,-0.9725009318050795,0.2743822942073953
521,AsymmetricDecay(λ=0.5),1.169242450033484,0.6829919841309442,0.6644061497771216
522,AsymmetricDecay(λ=0.5),-0.4004140153502081,-0.058918023284736,0.4852747536191051
523,AsymmetricDecay(λ=0.5),1.2149838775693018,1.1855248659269337,0.765939734847689
524,AsymmetricDecay(λ=0.5),-0.5278338355959186,0.0649285973675483,0.5162264492247729
525,AsymmetricDecay(λ=0.5),-2.7778055963817194,-2.745341297697945,0.06035029603060775
526,AsymmetricDecay(λ=0.5),-2.0731172680855336,-4.818458565783478,0.00801448031019428
527,AsymmetricDecay(λ=0.5),0.46595318749038656,-1.9432760954013526,0.1252883843090657
528,AsymmetricDecay(λ=0.5),0.7442144426547455,-0.22742360504593084,0.4433878938941915
529,AsymmetricDecay(λ=0.5),-0.7140479341819228,-0.9414715392278536,0.2806031943750724
530,AsymmetricDecay(λ=0.5),1.3344619607299728,0.863726191116046,0.7034385741104486
531,AsymmetricDecay(λ=0.5),-2.1801857371906883,-1.7483226416326654,0.14825888686399802
532,AsymmetricDecay(λ=0.5),0.3234961779518242,-0.5506651428645084,0.36571010453342656
533,AsymmetricDecay(λ=0.5),-1.1708845214902295,-1.7215496643547379,0.15167166477041488
534,AsymmetricDecay(λ=0.5),-0.3869606844208848,-2.1085103487756225,0.10827240792843253
535,AsymmetricDecay(λ=0.5),0.4650842291580231,-0.5891709452297882,0.3568251005683525
536,AsymmetricDecay(λ=0.5),-0.6549453078026597,-1.2441162530324479,0.22372030511256566
537,AsymmetricDecay(λ=0.5),-0.06148601656744394,-1.305602269599892,0.2132236740153496
538,AsymmetricDecay(λ=0.5),2.2183788836359826,1.5655777488360365,0.8271522672736669
539,AsymmetricDecay(λ=0.5),-0.2943778384561596,0.48841103596185864,0.6197320416500777
540,AsymmetricDecay(λ=0.5),1.7401619394434715,2.22857297540533,0.9027861906140553
541,AsymmetricDecay(λ=0.5),-1.0403216111071365,0.07396487659552853,0.518482793606914
542,AsymmetricDecay(λ=0.5),1.1468837086498818,1.2208485852454103,0.7722128501896731
543,AsymmetricDecay(λ=0.5),11.51291546492478,12.733764050170189,0.999997050181751
544,AsymmetricDecay(λ=0.5),-11.512915464920228,-5.146033439835134,0.005788749370257318
545,AsymmetricDecay(λ=0.5),-0.5713237900137613,-5.717357229848895,0.0032776118220794854
546,AsymmetricDecay(λ=0.5),1.2260223717888028,-1.6326562431356448,0.16346680739389344
547,AsymmetricDecay(λ=0.5),0.15666518449186426,-0.6596629370759581,0.3408153321230117
548,AsymmetricDecay(λ=0.5),0.9019193116516826,0.5720878431137035,0.6392447943437276
549,AsymmetricDecay(λ=0.5),-0.327683195267959,-0.04163927371110726,0.4895916853820116
550,AsymmetricDecay(λ=0.5),0.5149960640416325,0.4941764271860788,0.6210897971584937
551,AsymmetricDecay(λ=0.5),0.21400029330973463,0.7081767204958134,0.6699981565919078
552,AsymmetricDecay(λ=0.5),2.9515060114289264,3.6596827319247396,0.9749052770594964
553,AsymmetricDecay(λ=0.5),0.7369395275849417,4.396622259509681,0.9878310284099491
554,AsymmetricDecay(λ=0.5),0.8534043691690533,5.250026628678734,0.9947800125840459
555,AsymmetricDecay(λ=0.5),-0.09432222676384677,2.53069108757552,0.9262655669728487
556,AsymmetricDecay(λ=0.5),-0.185658930550547,1.0796866132372132,0.746434673221132
557,AsymmetricDecay(λ=0.5),-0.11921080257449468,0.4206325040441119,0.6036345926162281
558,AsymmetricDecay(λ=0.5),0.9362207891062896,1.3568532931504014,0.7952477994198127
559,AsymmetricDecay(λ=0.5),-0.10527850775514554,0.5731481388200551,0.6394892739592792
560,AsymmetricDecay(λ=0.5),0.7858170122508301,1.3589651510708851,0.7955914561725321
561,AsymmetricDecay(λ=0.5),11.51291546492478,12.871880615995664,0.9999974307157128
562,AsymmetricDecay(λ=0.5),1.8264427456925825,14.698323361688246,0.9999995863823231
563,AsymmetricDecay(λ=0.5),0.008771817643626322,14.707095179331873,0.9999995899946339
564,AsymmetricDecay(λ=0.5),3.1875792238024636,17.894674403134335,0.9999999830783916
565,AsymmetricDecay(λ=0.5),-0.08975064559081813,8.857586555976349,0.9998577221673416
566,AsymmetricDecay(λ=0.5),-11.512915464920228,-7.084122186932054,0.0008376081685810379
567,AsymmetricDecay(λ=0.5),-0.8588766134433339,-7.9429988003753875,0.0003550138066709181
568,AsymmetricDecay(λ=0.5),-3.210770280391816,-11.153769080767203,1.4321002357173807e-05
569,AsymmetricDecay(λ=0.5),-0.02181704618788996,-11.175586126955093,1.4011948346642703e-05
570,AsymmetricDecay(λ=0.5),0.42854223424109567,-5.15925082923645,0.005713174891890478
571,AsymmetricDecay(λ=0.5),11.51291546492478,8.933290050306553,0.999868094125919
572,AsymmetricDecay(λ=0.5),0.8381631449729576,9.771453195279511,0.9999429458790938
573,AsymmetricDecay(λ=0.5),0.13729462452281907,9.90874781980233,0.9999502647965279
574,AsymmetricDecay(λ=0.5),1.7253890177038511,11.634136837506182,0.9999911416115105
575,AsymmetricDecay(λ=0.5),-11.512915464920228,-5.695847046167137,0.003348638933066565
576,AsymmetricDecay(λ=0.5),0.7112819746249044,-2.1366415484586643,0.10558613410578006
577,AsymmetricDecay(λ=0.5),1.594580403285387,0.5262596290560548,0.6286103081336096
578,AsymmetricDecay(λ=0.5),-1.685078772790814,-1.4219489582627867,0.19435623023269505
579,AsymmetricDecay(λ=0.5),2.808365565392932,2.0973910862615384,0.8906493474822248
580,AsymmetricDecay(λ=0.5),0.8546846108238545,2.9520756970853927,0.9503615000410495
581,AsymmetricDecay(λ=0.5),-0.09842487700800846,1.3776129715346879,0.7986073593962068
582,AsymmetricDecay(λ=0.5),1.32392847471359,2.701541446248278,0.9371175399096855
583,AsymmetricDecay(λ=0.5),11.51291546492478,14.214456911173057,0.9999993289737514
584,AsymmetricDecay(λ=0.5),0.6391437413008315,14.853600652473888,0.9999996458697333
585,AsymmetricDecay(λ=0.5),0.7284551568860554,15.582055809359943,0.999999829077565
586,AsymmetricDecay(λ=0.5),-0.1515223156323381,7.6395055890476335,0.9995191650757596
587,AsymmetricDecay(λ=0.5),-0.6408842131583248,3.178868581365492,0.9600312747160346
588,AsymmetricDecay(λ=0.5),1.7275654134006806,4.906433994766173,0.9926555149689844
589,AsymmetricDecay(λ=0.5),-0.6491777551982132,1.8040392421848734,0.8586399184371981
590,AsymmetricDecay(λ=0.5),0.4957917618381312,2.2998310040230048,0.9088630418443568
591,AsymmetricDecay(λ=0.5),-0.17362378588882654,0.9762917161226758,0.7263717924050518
592,AsymmetricDecay(λ=0.5),1.0652573424930096,2.0415490586156855,0.8850909089541286
593,AsymmetricDecay(λ=0.5),0.8477675787382087,2.889316637353894,0.9473157863239352
594,AsymmetricDecay(λ=0.5),2.3291420372138543,5.218458674567748,0.9946135014917141
595,AsymmetricDecay(λ=0.5),-0.21281930917710767,2.3964100281067666,0.9165531402397652
596,AsymmetricDecay(λ=0.5),0.07618690816305583,2.4725969362698224,0.9221982958215188
597,AsymmetricDecay(λ=0.5),-0.8171409894749482,0.419157478659963,0.6032816243407558
598,AsymmetricDecay(λ=0.5),-0.13334916257269305,0.07622957675728845,0.5190481710876359
599,AsymmetricDecay(λ=0.5),0.9109286120736034,0.9871581888308919,0.7285262461467765
600,AsymmetricDecay(λ=0.5),1.5651883339650492,2.552346522795941,0.9277309980502327
601,AsymmetricDecay(λ=0.5),-0.7384169838794803,0.5377562775184903,0.631290316509544
602,AsymmetricDecay(λ=0.5),1.8226330811528804,2.3603893586713705,0.9137564940771583
603,AsymmetricDecay(λ=0.5),11.51291546492478,13.87330482359615,0.9999990561567822
604,AsymmetricDecay(λ=0.5),0.9645430209035842,14.837847844499734,0.9999996402470188
605,AsymmetricDecay(λ=0.5),11.51291546492478,26.350763309424515,0.9999999999964024
606,AsymmetricDecay(λ=0.5),-0.5413945233235345,12.633987131388723,0.999996740674842
607,AsymmetricDecay(λ=0.5),-1.2275895516262993,5.089404014068062,0.9938760428577929
608,AsymmetricDecay(λ=0.5),-2.6436103600154865,-0.0989083529814554,0.4752930505283078
609,AsymmetricDecay(λ=0.5),11.51291546492478,11.46346128843405,0.9999894930308822
610,AsymmetricDecay(λ=0.5),1.3633874584027708,12.826848746836822,0.9999973123717225
611,AsymmetricDecay(λ=0.5),0.3364363000622102,13.163285046899032,0.999998080195052
612,AsymmetricDecay(λ=0.5),0.7721721588590766,13.935457205758109,0.9999991130330295
613,AsymmetricDecay(λ=0.5),-1.0337729883389395,5.933955614540115,0.997359006486189
614,AsymmetricDecay(λ=0.5),11.51291546492478,17.446871079464895,0.9999999735198675
615,AsymmetricDecay(λ=0.5),0.5700137790756902,18.016884858540585,0.9999999850250176
616,AsymmetricDecay(λ=0.5),0.5443271097714736,18.561211968312058,0.9999999913110348
617,AsymmetricDecay(λ=0.5),1.501043018447587,20.062254986759644,0.9999999980632508
618,AsymmetricDecay(λ=0.5),1.0684538492287428,21.130708835988386,0.9999999993346507
619,AsymmetricDecay(λ=0.5),0.6953914534242926,21.82610028941268,0.9999999996680711
620,AsymmetricDecay(λ=0.5),-0.5629824335850838,10.350067711121255,0.999968010399784
621,AsymmetricDecay(λ=0.5),1.0534691113120558,11.403536822433312,0.9999888441661131
622,AsymmetricDecay(λ=0.5),11.51291546492478,22.91645228735809,0.9999999998884392
623,AsymmetricDecay(λ=0.5),11.51291546492478,34.42936775228287,0.9999999999999989
624,AsymmetricDecay(λ=0.5),11.51291546492478,45.94228321720765,1.0
625,AsymmetricDecay(λ=0.5),-0.21427491174483135,22.756866696858996,0.9999999998691365
626,AsymmetricDecay(λ=0.5),-0.8324913085274098,10.545942039902089,0.9999737007027468
627,AsymmetricDecay(λ=0.5),0.2503551926452489,10.796297232547337,0.9999795252411795
628,AsymmetricDecay(λ=0.5),0.475638631919523,11.27193586446686,0.9999872750839076
629,AsymmetricDecay(λ=0.5),2.560225185591988,13.832161050058847,0.9999990165136061
630,AsymmetricDecay(λ=0.5),-2.2863400191667043,4.629740505862719,0.9903369940250599
631,AsymmetricDecay(λ=0.5),11.51291546492478,16.142655970787498,0.9999999024261266
632,AsymmetricDecay(λ=0.5),0.21117177907277676,16.353827749860276,0.9999999210007777
633,AsymmetricDecay(λ=0.5),-0.11237539330484121,8.064538481625297,0.9996856026506948
634,AsymmetricDecay(λ=0.5),-0.8646502703875482,3.1676189704251003,0.9595973724055693
635,AsymmetricDecay(λ=0.5),-2.1584633590292652,-0.5746538738167151,0.36016366272581535
636,AsymmetricDecay(λ=0.5),1.7108860616849213,1.4235591247765638,0.8058957686043219
637,AsymmetricDecay(λ=0.5),0.4980262904894509,1.9215854152660148,0.8723151237884584
638,AsymmetricDecay(λ=0.5),-1.3068661085258864,-0.34607340089287897,0.41433493387512504
639,AsymmetricDecay(λ=0.5),-1.3160491174814746,-1.6621225183743535,0.15947727982577767
640,AsymmetricDecay(λ=0.5),-0.002941641269382742,-1.6650641596437363,0.15908336451581806
641,AsymmetricDecay(λ=0.5),11.51291546492478,10.68038338510291,0.999977008969041
642,AsymmetricDecay(λ=0.5),0.08854819028976599,10.768931575392676,0.9999789572109274
643,AsymmetricDecay(λ=0.5),-1.7420154638934189,3.642450323802919,0.9744802185178258
644,AsymmetricDecay(λ=0.5),0.10520525139738042,3.7476555752002993,0.9769699402343022
645,AsymmetricDecay(λ=0.5),0.0727638037418933,3.8204193789421925,0.9785515141624005
646,AsymmetricDecay(λ=0.5),-11.512915464920228,-9.602705775449131,6.754116332663681e-05
647,AsymmetricDecay(λ=0.5),0.3380284892053391,-4.463324398519227,0.011392699854651639
648,AsymmetricDecay(λ=0.5),0.12303352827704434,-2.108628670982569,0.1082609845087587
649,AsymmetricDecay(λ=0.5),1.4426320555676166,0.38831772007633214,0.595877659142696
650,AsymmetricDecay(λ=0.5),11.51291546492478,11.90123318500111,0.9999932180098525
651,AsymmetricDecay(λ=0.5),2.7160913852710062,14.617324570272118,0.9999995514855864
652,AsymmetricDecay(λ=0.5),0.07737214694304086,14.694696717215159,0.999999584879556
653,AsymmetricDecay(λ=0.5),-1.0045782916829,6.342770066924679,0.9982436683638045
654,AsymmetricDecay(λ=0.5),11.51291546492478,17.85568553184946,0.9999999824056068
655,AsymmetricDecay(λ=0.5),0.4800747689152146,18.335760300764676,0.9999999891136956
656,AsymmetricDecay(λ=0.5),0.42290753451817187,18.758667835282846,0.999999992867955
657,AsymmetricDecay(λ=0.5),0.3753971512794333,19.13406498656228,0.9999999951001683
658,AsymmetricDecay(λ=0.5),0.6607347842961145,19.794799770858393,0.9999999974693756
659,AsymmetricDecay(λ=0.5),0.2277468358851164,20.02254660674351,0.9999999979847984
660,AsymmetricDecay(λ=0.5),-0.29041856736856714,9.720854736003188,0.9999399849235344
661,AsymmetricDecay(λ=0.5),-0.25764658439975924,4.602780783601835,0.9900755592331925
662,AsymmetricDecay(λ=0.5),0.3646848075867448,4.96746559118858,0.9930873502175067
663,AsymmetricDecay(λ=0.5),-0.25345792928986977,2.23027486630442,0.9029354517951856
664,AsymmetricDecay(λ=0.5),-0.46354045976481856,0.6515969733873914,0.6573702466873841
665,AsymmetricDecay(λ=0.5),0.540501485398218,1.1920984587856094,0.7671161618166545
666,AsymmetricDecay(λ=0.5),0.0940967068547146,1.2861951656403239,0.7835024852544904
667,AsymmetricDecay(λ=0.5),11.51291546492478,12.799110630565103,0.9999972367786245
668,AsymmetricDecay(λ=0.5),-11.512915464920228,-5.113360149637677,0.005979860963335597
669,AsymmetricDecay(λ=0.5),2.548193455358584,-0.008486619460254197,0.4978783578687891
670,AsymmetricDecay(λ=0.5),3.6164487407261294,3.6122054309960023,0.9737171808426012
671,AsymmetricDecay(λ=0.5),-11.512915464920228,-9.706812749422227,6.0863700310451824e-05
672,AsymmetricDecay(λ=0.5),-0.011225230765287189,-9.718037980187514,6.0184352399734426e-05
673,AsymmetricDecay(λ=0.5),-0.04573701053321999,-9.763774990720734,5.7493854954500655e-05
674,AsymmetricDecay(λ=0.5),-1.5316904213393692,-11.295465412060103,1.2429003294434423e-05
675,AsymmetricDecay(λ=0.5),-0.5465939729706997,-11.842059385030803,7.195414711271008e-06
676,AsymmetricDecay(λ=0.5),-1.0107799227740883,-12.85283930780489,2.618675436848624e-06
677,AsymmetricDecay(λ=0.5),11.51291546492478,5.086495811022334,0.9938583167655379
678,AsymmetricDecay(λ=0.5),1.9991091998374086,7.085605010859743,0.9991636318984352
679,AsymmetricDecay(λ=0.5),3.969469543047771,11.055074553907513,0.9999841935166031
680,AsymmetricDecay(λ=0.5),1.4928230521162231,12.547897606023737,0.9999964476498462
681,AsymmetricDecay(λ=0.5),-1.0393031776469959,5.234645625364872,0.9946995321594719
682,AsymmetricDecay(λ=0.5),-0.2304386625645414,2.386884150117895,0.9158216709642214
683,AsymmetricDecay(λ=0.5),1.0816831324914526,3.4685672826093477,0.9697800585490955
684,AsymmetricDecay(λ=0.5),-1.1894257406442448,0.544857900660429,0.6329417638637319
685,AsymmetricDecay(λ=0.5),1.4755502354367238,2.020408136097153,0.8829232046727779
686,AsymmetricDecay(λ=0.5),0.11172559623145137,2.132133732328604,0.8939874005863194
687,AsymmetricDecay(λ=0.5),-0.04979525573366193,1.0162716104306402,0.7342457184195998
688,AsymmetricDecay(λ=0.5),1.4715179048238987,2.487789515254539,0.9232813740782847
689,AsymmetricDecay(λ=0.5),1.0113230552673445,3.4991125705218833,0.97066250864676
690,AsymmetricDecay(λ=0.5),-0.033162437840443086,1.7163938474204985,0.8476637577660611
691,AsymmetricDecay(λ=0.5),2.8990396103568568,4.615433457777355,0.9901991159348748
692,AsymmetricDecay(λ=0.5),-0.9659874943004236,1.3417292345882539,0.7927741696069666
693,AsymmetricDecay(λ=0.5),1.2937467013359323,2.635475935924186,0.9331101449233696
694,AsymmetricDecay(λ=0.5),1.253646082895414,3.8891220188196,0.9799470451723057
695,AsymmetricDecay(λ=0.5),0.028546211157986313,3.9176682299775862,0.9805003833455905
696,AsymmetricDecay(λ=0.5),0.837032729115948,4.754700959093534,0.9914623989169546
697,AsymmetricDecay(λ=0.5),-1.2386794679698372,1.1386710115769298,0.7574355515769932
698,AsymmetricDecay(λ=0.5),1.9662532512958948,3.1049242628728244,0.9570954096976558
699,AsymmetricDecay(λ=0.5),0.17859060020483422,3.2835148630776585,0.9638589233520816
700,AsymmetricDecay(λ=0.5),-0.22825348257895742,1.4135039489598717,0.8043180201847774
701,AsymmetricDecay(λ=0.5),2.372457161800694,3.7859611107605655,0.977816236565941
702,AsymmetricDecay(λ=0.5),-0.4527930758026674,1.4401874795776153,0.8084836820461159
703,AsymmetricDecay(λ=0.5),-1.5336408450155332,-0.8135471052267256,0.30713514458855595
704,AsymmetricDecay(λ=0.5),-1.8745923076460451,-2.6881394128727707,0.06367686046460422
705,AsymmetricDecay(λ=0.5),1.276204380634694,-0.06786532580169125,0.48304017737467775
706,AsymmetricDecay(λ=0.5),-1.2898913930013933,-1.3577567188030846,0.20460513615939155
707,AsymmetricDecay(λ=0.5),11.51291546492478,10.834037105523237,0.9999802835416578
708,AsymmetricDecay(λ=0.5),-11.512915464920228,-6.09589691215861,0.002247028798779396
709,AsymmetricDecay(λ=0.5),11.51291546492478,8.464967008845473,0.9997893215898069
710,AsymmetricDecay(λ=0.5),0.6780585138843507,9.143025522729824,0.999893048220101
711,AsymmetricDecay(λ=0.5),0.2858754097607697,9.428900932490594,0.9999196389777119
712,AsymmetricDecay(λ=0.5),-0.2552802712576009,4.459170194987696,0.9885604166449571
713,AsymmetricDecay(λ=0.5),0.9431764280194278,5.402346623007124,0.9955142182528501
714,AsymmetricDecay(λ=0.5),0.3586334443775176,5.760980067384641,0.9968618541513687
715,AsymmetricDecay(λ=0.5),2.602005902432919,8.36298596981756,0.9997667079111123
716,AsymmetricDecay(λ=0.5),0.5505720232823224,8.913557993099882,0.9998654658565236
717,AsymmetricDecay(λ=0.5),0.5975279138465398,9.511085906946422,0.9999259788674715
718,AsymmetricDecay(λ=0.5),-0.03633865288760666,4.719204300585604,0.9911566278261935
719,AsymmetricDecay(λ=0.5),0.3347567402008647,5.053961040786469,0.9936565008439643
720,AsymmetricDecay(λ=0.5),0.81108437864321,5.865045419429679,0.9971711310095671
721,AsymmetricDecay(λ=0.5),-2.3514639250442495,0.5810587846705899,0.6413109962682678
722,AsymmetricDecay(λ=0.5),-1.414378481034369,-1.123849088699074,0.2452980153096895
723,AsymmetricDecay(λ=0.5),1.5366638807896285,0.9747393364400915,0.7260631395180626
724,AsymmetricDecay(λ=0.5),0.6245806663884453,1.5993200028285368,0.8319233246924556
725,AsymmetricDecay(λ=0.5),0.17970203025150788,1.7790220330800448,0.8555760647966661
726,AsymmetricDecay(λ=0.5),0.42856176906100485,2.2075838021410497,0.9009284746183726
727,AsymmetricDecay(λ=0.5),0.867736591480626,3.0753203936216758,0.9558631784264728
728,AsymmetricDecay(λ=0.5),-0.24899005777338654,1.2886701390374513,0.7839220113562573
729,AsymmetricDecay(λ=0.5),-0.5472245139236543,0.09711055559507131,0.5242585777655312
730,AsymmetricDecay(λ=0.5),0.6577446633350376,0.7548552189301089,0.6802357054529414
731,AsymmetricDecay(λ=0.5),-0.8165891558937073,-0.43916154642865285,0.39194077408020656
732,AsymmetricDecay(λ=0.5),0.9567759212601784,0.737195148045852,0.6763822081009161
733,AsymmetricDecay(λ=0.5),-2.323135616131754,-1.9545380421088279,0.12405937339199365
734,AsymmetricDecay(λ=0.5),2.2984271351407806,1.3211581140863666,0.7893743219969884
735,AsymmetricDecay(λ=0.5),1.0552368253773206,2.376394939463687,0.9150094982320965
736,AsymmetricDecay(λ=0.5),0.7391452619628275,3.1155402014265148,0.9575292311398296
737,AsymmetricDecay(λ=0.5),2.140814430400949,5.256354631827463,0.9948127695832472
738,AsymmetricDecay(λ=0.5),11.51291546492478,16.769270096752244,0.9999999478567005
739,AsymmetricDecay(λ=0.5),2.246070203864946,19.01534030061719,0.9999999944824962
740,AsymmetricDecay(λ=0.5),-2.9931184067823158,6.51455174352628,0.9985204723045064
741,AsymmetricDecay(λ=0.5),-1.288381350926767,1.9688945208363728,0.8774923242536019
742,AsymmetricDecay(λ=0.5),-0.3534154599851704,0.631031800433016,0.6527233829827581
743,AsymmetricDecay(λ=0.5),0.43818855476032337,1.0692203551933392,0.7444486206712048
744,AsymmetricDecay(λ=0.5),1.1270696397232294,2.196289994916569,0.8999158561326043
745,AsymmetricDecay(λ=0.5),-0.4798952697720088,0.6182497276862756,0.6498203718736004
746,AsymmetricDecay(λ=0.5),0.6456522053731685,1.263901933059444,0.7796970724686344
747,AsymmetricDecay(λ=0.5),-0.5177217438998803,0.1142292226298417,0.5285262940610398
748,AsymmetricDecay(λ=0.5),-0.3369742316094227,-0.27985962029450184,0.4304881923517611
749,AsymmetricDecay(λ=0.5),-1.5299454246911786,-1.8098050449856804,0.14066168946144203
750,AsymmetricDecay(λ=0.5),-0.7398816409608406,-2.5496866859465213,0.07244753689834076
751,AsymmetricDecay(λ=0.5),-1.4210653904231783,-3.9707520763696995,0.018510156643842
752,AsymmetricDecay(λ=0.5),-0.8130637010581145,-4.783815777427814,0.008294646140983564
753,AsymmetricDecay(λ=0.5),2.3904028476372523,-0.0015050410766548339,0.49962373980186003
754,AsymmetricDecay(λ=0.5),-0.7760105813932738,-0.7775156224699287,0.314855573136669
755,AsymmetricDecay(λ=0.5),11.51291546492478,11.124157653689815,0.999985248597651
756,AsymmetricDecay(λ=0.5),1.0879493291591917,12.212106982849008,0.9999950301055365
757,AsymmetricDecay(λ=0.5),0.6430865115638363,12.855193494412845,0.999997387482147
758,AsymmetricDecay(λ=0.5),-0.6522056742694171,5.775391072937005,0.9969066147962733
759,AsymmetricDecay(λ=0.5),1.4506143420873627,7.2260054150243676,0.9992731079449154
760,AsymmetricDecay(λ=0.5),-0.2928403208595816,3.320162386652602,0.9651140592631207
761,AsymmetricDecay(λ=0.5),0.5606500864433153,3.8808124730959177,0.9797831027879196
762,AsymmetricDecay(λ=0.5),11.51291546492478,15.393727938020696,0.9999997936574416
763,AsymmetricDecay(λ=0.5),0.2866754342559728,15.680403372276668,0.9999998450872105
764,AsymmetricDecay(λ=0.5),2.8396651854378834,18.520068557714552,0.9999999909460849
765,AsymmetricDecay(λ=0.5),-0.4513195693328789,8.808714709524397,0.9998505971372121
766,AsymmetricDecay(λ=0.5),0.3619130596864885,9.170627769210885,0.9998959596564159
767,AsymmetricDecay(λ=0.5),11.51291546492478,20.683543234135662,0.9999999989594779
768,AsymmetricDecay(λ=0.5),-0.35607560290600043,9.98569601416183,0.9999539481244298
769,AsymmetricDecay(λ=0.5),11.51291546492478,21.49861147908661,0.9999999995394555
770,AsymmetricDecay(λ=0.5),1.4651925715602179,22.96380405064683,0.9999999998935987
771,AsymmetricDecay(λ=0.5),-0.27671236480871503,11.2051896605147,0.9999863967695977
772,AsymmetricDecay(λ=0.5),1.3232524573574256,12.528442117872125,0.9999963778607006
773,AsymmetricDecay(λ=0.5),2.1089116860221444,14.63735380389427,0.9999995603796149
774,AsymmetricDecay(λ=0.5),1.3042119188600085,15.941565722754278,0.999999880693001
775,AsymmetricDecay(λ=0.5),-1.9104297111483721,6.060353150228767,0.9976718562629645
776,AsymmetricDecay(λ=0.5),-0.48166580337089454,2.548510771743489,0.92747340323153
777,AsymmetricDecay(λ=0.5),0.10306878364972809,2.651579555393217,0.9341082788369715
778,AsymmetricDecay(λ=0.5),0.3132156546475371,2.964795210040754,0.9509581112912953
779,AsymmetricDecay(λ=0.5),1.3021799072636606,4.266975117304415,0.986169816004767
780,AsymmetricDecay(λ=0.5),0.633622065501248,4.9005971828056625,0.9926128388414218
781,AsymmetricDecay(λ=0.5),-1.390069308406143,1.0602292829966882,0.7427343591430372
782,AsymmetricDecay(λ=0.5),0.9151818362981639,1.975411119294852,0.8781911341023105
783,AsymmetricDecay(λ=0.5),1.2842698549121045,3.2596809742069563,0.9630194309137601
784,AsymmetricDecay(λ=0.5),1.1966995660574686,4.4563805402644245,0.9885288261881655
785,AsymmetricDecay(λ=0.5),2.5013187515168096,6.957699291781234,0.9990496213960434
786,AsymmetricDecay(λ=0.5),1.7359871894461025,8.693686481227337,0.9998323872180253
787,AsymmetricDecay(λ=0.5),1.0343275640126035,9.72801404523994,0.9999404130301208
788,AsymmetricDecay(λ=0.5),0.318465702141536,10.046479747381476,0.9999566638364009
789,AsymmetricDecay(λ=0.5),-2.1783485045640893,2.8448913691266484,0.9450540096147817
790,AsymmetricDecay(λ=0.5),0.9889752409562911,3.8338666100829393,0.9788319418459113
791,AsymmetricDecay(λ=0.5),0.6735888936380143,4.507455503720953,0.9890937759248114
792,AsymmetricDecay(λ=0.5),0.7605523878721483,5.2680078915931015,0.9948725587365801
793,AsymmetricDecay(λ=0.5),-1.2833799696486172,1.3506239761479335,0.794231621940697
794,AsymmetricDecay(λ=0.5),-0.965977297271335,-0.2906653091973682,0.42784099616901894
795,AsymmetricDecay(λ=0.5),2.3884960911301873,2.2431634365315034,0.9040591935938317
796,AsymmetricDecay(λ=0.5),0.35625450468222514,2.5994179412137286,0.9308241099472989
797,AsymmetricDecay(λ=0.5),1.4143440428275618,4.01376198404129,0.9822552583361687
798,AsymmetricDecay(λ=0.5),0.4409925614425469,4.454754545483837,0.9885103734267437
799,AsymmetricDecay(λ=0.5),0.4428034844370991,4.897558029920936,0.9925905205802408
800,AsymmetricDecay(λ=0.5),2.0065698076708043,6.904127837591741,0.9989973722428168
801,AsymmetricDecay(λ=0.5),-0.22013839563975837,3.231925523156112,0.9620181726458991
802,AsymmetricDecay(λ=0.5),0.5272274765676986,3.7591529997238107,0.9772272148531662
803,AsymmetricDecay(λ=0.5),-0.15504016596616121,1.724536333895744,0.8487122224878444
804,AsymmetricDecay(λ=0.5),-0.12154488568869005,0.740723281259182,0.6771539976839005
805,AsymmetricDecay(λ=0.5),0.02899548313399769,0.7697187643931797,0.6834600536871973
806,AsymmetricDecay(λ=0.5),0.6930277746416584,1.4627465390348382,0.8119523913813242
807,AsymmetricDecay(λ=0.5),-0.17494316425050147,0.5564301052669176,0.6356261338416778
808,AsymmetricDecay(λ=0.5),3.736906154697909,4.293336259964827,0.9865247834417501
809,AsymmetricDecay(λ=0.5),-0.7008770225420637,1.4457911074403496,0.8093498360324651
810,AsymmetricDecay(λ=0.5),0.17620854736958963,1.6219996548099391,0.8350707220517054
811,AsymmetricDecay(λ=0.5),-0.12785113937140766,0.6831486880335619,0.6644410892428981
812,AsymmetricDecay(λ=0.5),11.51291546492478,12.196064152958341,0.9999949497317802
813,AsymmetricDecay(λ=0.5),0.6586916873420372,12.854755840300378,0.9999973863385203
814,AsymmetricDecay(λ=0.5),2.30819362465354,15.162949464953918,0.9999997400950176
815,AsymmetricDecay(λ=0.5),-1.701021578990261,5.880453153486698,0.9972142629144892
816,AsymmetricDecay(λ=0.5),0.754300711932822,6.63475386541952,0.998687821971364
817,AsymmetricDecay(λ=0.5),1.8737296427701982,8.508483508189718,0.9997982911500937
818,AsymmetricDecay(λ=0.5),0.5094826886421627,9.01796619683188,0.999878802292786
819,AsymmetricDecay(λ=0.5),2.437521398550577,11.455487595382458,0.9999894089175214
820,AsymmetricDecay(λ=0.5),-0.22164914198825802,5.506094655702971,0.9959544928851821
821,AsymmetricDecay(λ=0.5),11.51291546492478,17.01901012062775,0.9999999593801984
822,AsymmetricDecay(λ=0.5),11.51291546492478,28.53192558555253,0.9999999999995939
823,AsymmetricDecay(λ=0.5),-0.03540997201073764,14.230552820765526,0.9999993396880625
824,AsymmetricDecay(λ=0.5),-0.1348068076348774,6.980469602747886,0.9990709974154925
825,AsymmetricDecay(λ=0.5),11.51291546492478,18.493385067672666,0.9999999907012428
826,AsymmetricDecay(λ=0.5),11.51291546492478,30.006300532597443,0.999999999999907
827,AsymmetricDecay(λ=0.5),-0.22842004282937828,14.774730223469343,0.9999996168083597
828,AsymmetricDecay(λ=0.5),-0.10431868070006994,7.2830464310346015,0.999313382565191
829,AsymmetricDecay(λ=0.5),0.06187820566265396,7.344924636697256,0.9993545548281073
830,AsymmetricDecay(λ=0.5),-1.407271009276745,2.2651913090718825,0.9059528754399782
831,AsymmetricDecay(λ=0.5),-0.7336037132781585,0.3989919412577827,0.5984454390909435
832,AsymmetricDecay(λ=0.5),-0.8532202654081991,-0.6537242947793077,0.3421507674523572
833,AsymmetricDecay(λ=0.5),-0.5336725571912153,-1.1873968519705231,0.2337248299643455
834,AsymmetricDecay(λ=0.5),0.3622894567660382,-0.23140896921922338,0.4424045488300155
835,AsymmetricDecay(λ=0.5),0.7093812296206784,0.5936767450110667,0.6442083163300848
836,AsymmetricDecay(λ=0.5),11.51291546492478,12.106592209935846,0.9999944770462044
837,AsymmetricDecay(λ=0.5),-0.8449475942009385,5.208348510766984,0.994559064695242
838,AsymmetricDecay(λ=0.5),2.146024744193052,7.354373254960036,0.9993606207912367
839,AsymmetricDecay(λ=0.5),0.143458919188583,7.497832174148619,0.9994460224000019
840,AsymmetricDecay(λ=0.5),0.3439960648175153,7.8418282389661345,0.9996072043719476
841,AsymmetricDecay(λ=0.5),1.4016516372912051,9.24347987625734,0.9999032689984686
842,AsymmetricDecay(λ=0.5),-1.029487920350674,3.5922520177779957,0.9732016768597129
843,AsymmetricDecay(λ=0.5),0.9184340435150028,4.510686061292999,0.989128569842335
844,AsymmetricDecay(λ=0.5),0.6187564180439961,5.129442479336995,0.9941149785052438
845,AsymmetricDecay(λ=0.5),1.0865705251725788,6.216013004509573,0.9980067886653897
846,AsymmetricDecay(λ=0.5),0.7849714885458733,7.000984493055447,0.9990898444718724
847,AsymmetricDecay(λ=0.5),11.51291546492478,18.513899957980225,0.9999999908900624
848,AsymmetricDecay(λ=0.5),-0.3694331288331692,8.887516850156944,0.9998619169086516
849,AsymmetricDecay(λ=0.5),-0.2383179238523474,4.205440501226125,0.9853049502380752
850,AsymmetricDecay(λ=0.5),-0.35133863991979436,1.751381610693268,0.8521269787313572
851,AsymmetricDecay(λ=0.5),-0.2681681599365166,0.6075226454101175,0.647375477103638
852,AsymmetricDecay(λ=0.5),-0.3689951054850519,-0.06523378277999314,0.4836973351547362
853,AsymmetricDecay(λ=0.5),3.0954569522446396,3.062840060854643,0.9553336428042449
854,AsymmetricDecay(λ=0.5),11.51291546492478,14.575755525779423,0.9999995324483407
855,AsymmetricDecay(λ=0.5),-0.28684633213935135,7.00103143075036,0.9990898871525928
856,AsymmetricDecay(λ=0.5),-0.6177501033963346,2.8827656119788454,0.946987874168525
857,AsymmetricDecay(λ=0.5),1.0533864854730057,3.936152097451851,0.9808506624825335
858,AsymmetricDecay(λ=0.5),-0.26419369189366254,1.703882356832263,0.8460411130936674
859,AsymmetricDecay(λ=0.5),1.3241994996075295,3.028081856439792,0.9538267689962341
860,AsymmetricDecay(λ=0.5),0.6672044491293934,3.6952863055691854,0.9757617457768609
861,AsymmetricDecay(λ=0.5),-1.7721370634870264,0.0755060892975663,0.5188675592465479
862,AsymmetricDecay(λ=0.5),11.51291546492478,11.588421554222345,0.9999907272524157
863,AsymmetricDecay(λ=0.5),11.51291546492478,23.101337019147124,0.9999999999072708
864,AsymmetricDecay(λ=0.5),-0.3385432069643316,11.21212530260923,0.9999864907890409
865,AsymmetricDecay(λ=0.5),-0.06526502855564015,5.5407976227489755,0.9960919366809
866,AsymmetricDecay(λ=0.5),0.7803689108107986,6.321166533559774,0.9982053814101922
867,AsymmetricDecay(λ=0.5),0.8489033141394023,7.170069847699176,0.9992313223222257
868,AsymmetricDecay(λ=0.5),1.3711338467504304,8.541203694449607,0.9998047830259379
869,AsymmetricDecay(λ=0.5),11.51291546492478,20.054119159374387,0.9999999980474297
870,AsymmetricDecay(λ=0.5),0.18821700800292798,20.242336167377317,0.9999999983824226
871,AsymmetricDecay(λ=0.5),-0.5731477024682705,9.548020381220388,0.9999286627353369
872,AsymmetricDecay(λ=0.5),-1.4748653450937403,3.2991448455164534,0.964399462246263
873,AsymmetricDecay(λ=0.5),-0.48648912552768325,1.1630832972305434,0.7618925145090465
874,AsymmetricDecay(λ=0.5),0.36422130760312516,1.5273046048336685,0.8216116033910567
875,AsymmetricDecay(λ=0.5),11.51291546492478,13.040220069758448,0.999997828781964
876,AsymmetricDecay(λ=0.5),-0.22204134702759798,6.298068687851626,0.9981635241670225
877,AsymmetricDecay(λ=0.5),0.6952616609684451,6.993330348820071,0.9990828576946306
878,AsymmetricDecay(λ=0.5),0.38497782754466053,7.378308176364731,0.9993757331508564
879,AsymmetricDecay(λ=0.5),3.090952116002686,10.469260292367418,0.9999716047502191
880,AsymmetricDecay(λ=0.5),11.51291546492478,21.982175757292197,0.9999999997160367
881,AsymmetricDecay(λ=0.5),-0.23816191239394166,10.752925966252157,0.9999786177057262
882,AsymmetricDecay(λ=0.5),-0.1878780328918282,5.18858495023425,0.994451065420674
883,AsymmetricDecay(λ=0.5),2.3539573235177254,7.542542273751975,0.9994702324230745
884,AsymmetricDecay(λ=0.5),1.4150894769136133,8.957631750665588,0.9998712657676603
885,AsymmetricDecay(λ=0.5),11.51291546492478,20.470547215590365,0.999999998712479
886,AsymmetricDecay(λ=0.5),1.2377863166183485,21.708333532208712,0.999999999626586
887,AsymmetricDecay(λ=0.5),-0.031153028230123433,10.823013737874232,0.9999800650019126
888,AsymmetricDecay(λ=0.5),1.2494027037395818,12.072416441613814,0.9999942850336947
889,AsymmetricDecay(λ=0.5),2.6275075596675572,14.69992400128137,0.9999995870438461
890,AsymmetricDecay(λ=0.5),1.704677484269017,16.404601485550387,0.9999999249117358
891,AsymmetricDecay(λ=0.5),1.1102848331634347,17.51488631871382,0.999999975261036
892,AsymmetricDecay(λ=0.5),2.442379737948074,19.957266056661894,0.9999999978488561
893,AsymmetricDecay(λ=0.5),2.9611680900578174,22.91843414671971,0.9999999998886602
894,AsymmetricDecay(λ=0.5),11.51291546492478,34.43134961164449,0.9999999999999989
895,AsymmetricDecay(λ=0.5),1.3529589926946946,35.78430860433919,0.9999999999999998
896,AsymmetricDecay(λ=0.5),0.2001235423569018,35.984432146696086,0.9999999999999998
897,AsymmetricDecay(λ=0.5),0.5928295228143451,36.577261669510435,0.9999999999999998
898,AsymmetricDecay(λ=0.5),3.230134884008033,39.807396553518466,1.0
899,AsymmetricDecay(λ=0.5),-0.5974849912200354,19.306213285539197,0.9999999958750556
900,AsymmetricDecay(λ=0.5),0.8983095590992655,20.20452284463846,0.9999999983200853
901,AsymmetricDecay(λ=0.5),-0.07203771153448482,10.030223710784746,0.9999559536362892
902,AsymmetricDecay(λ=0.5),0.44152961464436613,10.471753325429113,0.9999716754503449
903,AsymmetricDecay(λ=0.5),4.0899508148445225,14.561704140273635,0.9999995258322213
904,AsymmetricDecay(λ=0.5),0.6514170492858059,15.213121189559441,0.9999997528131817
905,AsymmetricDecay(λ=0.5),0.4638662840148105,15.676987473574252,0.9999998445571394
906,AsymmetricDecay(λ=0.5),-1.4367885176045834,6.401705219182543,0.9983440204487652
907,AsymmetricDecay(λ=0.5),1.5428322218209767,7.944537441003519,0.9996455318185032
908,AsymmetricDecay(λ=0.5),1.3470398244328294,9.291577265436349,0.9999078109740337
909,AsymmetricDecay(λ=0.5),11.51291546492478,20.804492730361126,0.9999999990780155
910,AsymmetricDecay(λ=0.5),0.030668521624501913,20.835161251985628,0.9999999991058621
911,AsymmetricDecay(λ=0.5),0.6890029813431803,21.524164233328808,0.9999999995510744
912,AsymmetricDecay(λ=0.5),0.7300448070920471,22.254209040420854,0.9999999997836684
913,AsymmetricDecay(λ=0.5),11.51291546492478,33.767124505345635,0.9999999999999978
914,AsymmetricDecay(λ=0.5),0.2876117122980149,34.05473621764365,0.9999999999999984
915,AsymmetricDecay(λ=0.5),0.7708579565171492,34.8255941741608,0.9999999999999993
916,AsymmetricDecay(λ=0.5),1.279525251653346,36.105119425814145,0.9999999999999998
917,AsymmetricDecay(λ=0.5),0.6454426335599799,36.750562059374126,1.0
918,AsymmetricDecay(λ=0.5),-0.13592924581032143,18.239351783876742,0.9999999880119054
919,AsymmetricDecay(λ=0.5),0.6554030731658976,18.89475485704264,0.9999999937753887
920,AsymmetricDecay(λ=0.5),2.4710819058532056,21.365836762895846,0.9999999994740614
921,AsymmetricDecay(λ=0.5),-0.8854706484882267,9.797447732959697,0.9999444097829607
922,AsymmetricDecay(λ=0.5),0.5748906617171817,10.372338394676879,0.9999687149334168
923,AsymmetricDecay(λ=0.5),-0.4474645723490133,4.738704624989426,0.9913259245844287
924,AsymmetricDecay(λ=0.5),3.1400278628734277,7.8787324878628535,0.9996214305933375
925,AsymmetricDecay(λ=0.5),-1.7902348829013985,2.149131361030028,0.8955875779511533
926,AsymmetricDecay(λ=0.5),-0.2723777843933686,0.8021878961216455,0.6904422986906312
927,AsymmetricDecay(λ=0.5),0.9107986455001007,1.7129865416217462,0.847223251273318
928,AsymmetricDecay(λ=0.5),11.51291546492478,13.225902006546525,0.9999981967208669
929,AsymmetricDecay(λ=0.5),0.32390207260453224,13.549804079151057,0.9999986956495539
930,AsymmetricDecay(λ=0.5),-0.2678290318121646,6.507073007763364,0.9985093823838934
931,AsymmetricDecay(λ=0.5),11.51291546492478,18.019988472688144,0.9999999850714223
932,AsymmetricDecay(λ=0.5),-1.617167841706195,7.392826394637877,0.999384725383306
933,AsymmetricDecay(λ=0.5),-11.512915464920228,-7.816502267601289,0.0004028665407266919
934,AsymmetricDecay(λ=0.5),1.0048156311495826,-2.903435502651062,0.05198399498174305
935,AsymmetricDecay(λ=0.5),-0.20316097569721983,-3.106596478348282,0.042835975265906226
936,AsymmetricDecay(λ=0.5),-0.8778179615392346,-3.9844144398875168,0.018263571180719366
937,AsymmetricDecay(λ=0.5),1.4663825861739581,-0.5258246337698003,0.37149125128010896
938,AsymmetricDecay(λ=0.5),0.7224223603448293,0.4595100434599292,0.6128979383952078
939,AsymmetricDecay(λ=0.5),-0.2786841211179557,-0.048929099387991115,0.48777016496559666
940,AsymmetricDecay(λ=0.5),-1.289669950293071,-1.3385990496810622,0.2077405387318086
941,AsymmetricDecay(λ=0.5),1.8297941170556153,1.1604945922150842,0.7614225732099748
942,AsymmetricDecay(λ=0.5),1.3557024989602022,2.5161970911752864,0.9252695244374728
943,AsymmetricDecay(λ=0.5),0.28285995812392317,2.7990570492992095,0.9426248475480214
944,AsymmetricDecay(λ=0.5),11.51291546492478,14.311972514223989,0.9999993913199782
945,AsymmetricDecay(λ=0.5),-0.9495537758989776,6.2064324812130165,0.9979876395027848
946,AsymmetricDecay(λ=0.5),-1.7959691303740684,1.30724711023244,0.7870521332008679
947,AsymmetricDecay(λ=0.5),-0.43711937138668533,0.21650418372953462,0.5539156066575783
948,AsymmetricDecay(λ=0.5),0.3487902834247959,0.5652944671543305,0.6376766905813986
949,AsymmetricDecay(λ=0.5),0.7217934960543161,1.2870879632086467,0.7836538889072436
950,AsymmetricDecay(λ=0.5),0.11062942424068721,1.3977173874493338,0.8018214225596232
951,AsymmetricDecay(λ=0.5),0.8741891223459618,2.2719065097952957,0.9065234681263318
952,AsymmetricDecay(λ=0.5),-1.239413030792558,-0.10345977589491007,0.47415810272643183
953,AsymmetricDecay(λ=0.5),11.51291546492478,11.461185576977325,0.9999894690930765
954,AsymmetricDecay(λ=0.5),0.30373226890393107,11.764917845881255,0.9999922275538115
955,AsymmetricDecay(λ=0.5),2.6692691725343263,14.434187018415582,0.9999994613433904
956,AsymmetricDecay(λ=0.5),0.8607513257126749,15.294938344128257,0.9999997722320687
957,AsymmetricDecay(λ=0.5),1.0305678250149963,16.325506169143253,0.9999999187314107
958,AsymmetricDecay(λ=0.5),1.2135709868762383,17.53907715601949,0.9999999758523116
959,AsymmetricDecay(λ=0.5),1.0166142297788408,18.555691385798333,0.9999999912629339
960,AsymmetricDecay(λ=0.5),1.3419889177120052,19.897680303510338,0.9999999977167828
961,AsymmetricDecay(λ=0.5),6.67996967372588,26.57764997723622,0.9999999999971327
962,AsymmetricDecay(λ=0.5),0.6586468246810986,27.23629680191732,0.9999999999985161
963,AsymmetricDecay(λ=0.5),1.4676578339635469,28.703954635880866,0.999999999999658
964,AsymmetricDecay(λ=0.5),0.2944257859904214,28.998380421871286,0.9999999999997453
965,AsymmetricDecay(λ=0.5),11.51291546492478,40.51129588679606,1.0
966,AsymmetricDecay(λ=0.5),-0.4176370999892521,19.838010843408778,0.9999999975763978
967,AsymmetricDecay(λ=0.5),11.51291546492478,31.350926308333555,0.9999999999999758
968,AsymmetricDecay(λ=0.5),0.355508002246686,31.706434310580242,0.9999999999999831
969,AsymmetricDecay(λ=0.5),-1.5801978083222017,14.273019346967919,0.9999993671421336
970,AsymmetricDecay(λ=0.5),0.5685621147384459,14.841581461706365,0.9999996415876938
971,AsymmetricDecay(λ=0.5),-0.42347922448333986,6.997311506369843,0.9990864983952761
972,AsymmetricDecay(λ=0.5),1.7519061719341638,8.749217678304007,0.9998414398039704
973,AsymmetricDecay(λ=0.5),-0.38794205858617664,3.9866667805658267,0.9817767695291393
974,AsymmetricDecay(λ=0.5),-0.13562764239291178,1.8577057478900016,0.8650293101044257
975,AsymmetricDecay(λ=0.5),-3.3733819598199726,-2.4445290858749718,0.07983954819429577
976,AsymmetricDecay(λ=0.5),-0.14301082489095773,-2.5875399107659294,0.06994464835776376
977,AsymmetricDecay(λ=0.5),-11.512915464920228,-14.100455375686158,7.520551877366754e-07
978,AsymmetricDecay(λ=0.5),-1.94747309501882,-16.047928470704978,1.0726873833665632e-07
979,AsymmetricDecay(λ=0.5),1.5723924031440561,-6.451571832208433,0.0015755535183602193
980,AsymmetricDecay(λ=0.5),1.6268673683213861,-1.5989185477828305,0.16813281700495036
981,AsymmetricDecay(λ=0.5),0.9826679170790692,0.18320864318765395,0.5456744753473834
982,AsymmetricDecay(λ=0.5),-0.8005533842520604,-0.7089490626582333,0.3298311004983872
983,AsymmetricDecay(λ=0.5),0.3461621137560944,-0.008312417573022257,0.4979219075724364
984,AsymmetricDecay(λ=0.5),0.40096395359008874,0.3968077448035776,0.5979204454494981
985,AsymmetricDecay(λ=0.5),-1.0853728959417224,-0.8869690235399336,0.29173571036836354
986,AsymmetricDecay(λ=0.5),11.51291546492478,11.069430953154813,0.999984418816139
987,AsymmetricDecay(λ=0.5),1.8421999773621178,12.91163093051693,0.9999975308421075
988,AsymmetricDecay(λ=0.5),0.1350478671837706,13.0466787977007,0.9999978427600514
989,AsymmetricDecay(λ=0.5),0.43918892856255365,13.485867726263255,0.9999986095305261
990,AsymmetricDecay(λ=0.5),0.6745214292976246,14.16038915556088,0.9999992916941635
991,AsymmetricDecay(λ=0.5),-11.512915464920228,-4.432720887139788,0.011742588952737013
992,AsymmetricDecay(λ=0.5),0.1034793801530076,-2.1128810634168866,0.10785113957971107
993,AsymmetricDecay(λ=0.5),-0.4246494041286276,-2.537530467545514,0.07326867900666734
994,AsymmetricDecay(λ=0.5),-0.8496132329642684,-3.3871437005097826,0.03269968074564901
995,AsymmetricDecay(λ=0.5),0.06270018163345342,-1.630871668621438,0.163710986349404
996,AsymmetricDecay(λ=0.5),11.51291546492478,10.69747963061406,0.9999773986796808
997,AsymmetricDecay(λ=0.5),1.3385589315995285,12.036038562213589,0.9999940733088704
998,AsymmetricDecay(λ=0.5),-0.28737634160999653,5.730642939496798,0.9967655056721061
999,AsymmetricDecay(λ=0.5),1.2183601321854685,6.949003071682267,0.9990413286119825
0,SlidingWindow(N=32),1.093361822300096,1.093361822300096,0.7490142459033697
1,SlidingWindow(N=32),0.2351605871885146,1.3285224094886106,0.7905961189568046
2,SlidingWindow(N=32),1.3510825861560942,2.679604995644705,0.9358124007345711
3,SlidingWindow(N=32),11.51291546492478,14.192520460569483,0.9999993140911889
4,SlidingWindow(N=32),0.11915673597567286,14.311677196545157,0.9999993911401978
5,SlidingWindow(N=32),0.11917650733055411,14.43085370387571,0.9999994595448837
6,SlidingWindow(N=32),11.51291546492478,25.94376916880049,0.9999999999945954
7,SlidingWindow(N=32),1.5872611619387442,27.531030330739235,0.9999999999988949
8,SlidingWindow(N=32),-0.16373407863388326,27.36729625210535,0.9999999999986982
9,SlidingWindow(N=32),1.167915429123424,28.535211681228777,0.9999999999995952
10,SlidingWindow(N=32),-0.15641937935367184,28.378792301875105,0.9999999999995266
11,SlidingWindow(N=32),-0.15921116361118412,28.219581138263923,0.9999999999994449
12,SlidingWindow(N=32),0.7199167358457066,28.93949787410963,0.9999999999997298
13,SlidingWindow(N=32),-3.6226860396377574,25.316811834471874,0.999999999989883
14,SlidingWindow(N=32),-2.4085286732413422,22.908283161230532,0.9999999998875242
15,SlidingWindow(N=32),-0.27649312832750483,22.631790032903027,0.9999999998517008
16,SlidingWindow(N=32),-0.8656959975445164,21.76609403535851,0.9999999996475435
17,SlidingWindow(N=32),0.8201783604936758,22.586272395852184,0.9999999998447946
18,SlidingWindow(N=32),-0.7190928385282216,21.86717955732396,0.9999999996814302
19,SlidingWindow(N=32),-1.5415580823392778,20.325621474984683,0.9999999985116854
20,SlidingWindow(N=32),11.51291546492478,31.83853693990946,0.9999999999999851
21,SlidingWindow(N=32),0.1292480641024535,31.967785004011912,0.9999999999999869
22,SlidingWindow(N=32),0.4906454046978576,32.458430408709766,0.999999999999992
23,SlidingWindow(N=32),-1.5674827334515828,30.890947675258182,0.9999999999999616
24,SlidingWindow(N=32),-0.25462612048669714,30.636321554771484,0.9999999999999505
25,SlidingWindow(N=32),0.5463001698811727,31.182621724652655,0.9999999999999714
26,SlidingWindow(N=32),-1.073690289822031,30.108931434830623,0.9999999999999161
27,SlidingWindow(N=32),0.9085795435433601,31.017510978373984,0.9999999999999662
28,SlidingWindow(N=32),-0.3235600057407681,30.693950972633218,0.9999999999999531
29,SlidingWindow(N=32),0.04997790051089773,30.743928873144114,0.9999999999999556
30,SlidingWindow(N=32),-0.32487548567991636,30.419053387464196,0.9999999999999385
31,SlidingWindow(N=32),11.51291546492478,41.93196885238898,1.0
32,SlidingWindow(N=32),0.3886215958947493,41.22722862598364,1.0
33,SlidingWindow(N=32),-0.931173382352523,40.0608946564426,1.0
34,SlidingWindow(N=32),1.7094387520797427,40.419250822366244,1.0
35,SlidingWindow(N=32),-1.1872735989060132,27.719061758535457,0.9999999999990843
36,SlidingWindow(N=32),0.6751665920419747,28.275071614601753,0.9999999999994749
37,SlidingWindow(N=32),-4.4024627950158335,23.75343231225537,0.9999999999516924
38,SlidingWindow(N=32),-1.3766709913219892,10.863845856008604,0.9999808625803129
39,SlidingWindow(N=32),0.6591008179508016,9.935685512020664,0.9999515866001711
40,SlidingWindow(N=32),1.526815963889893,11.62623555454444,0.9999910713422583
41,SlidingWindow(N=32),0.625244930800677,11.083565056221692,0.9999846374897958
42,SlidingWindow(N=32),0.2627228696655296,11.502707305240893,0.9999898973966296
43,SlidingWindow(N=32),0.038680387281930115,11.70059885613401,0.9999917112148614
44,SlidingWindow(N=32),-1.6849326959776998,9.295749424310602,0.999908194764811
45,SlidingWindow(N=32),-0.4724068307469765,12.446028633201381,0.9999960667030551
46,SlidingWindow(N=32),-0.15306467002892413,14.701492636413802,0.9999995876911155
47,SlidingWindow(N=32),2.4040638493045856,17.38204961404589,0.9999999717465325
48,SlidingWindow(N=32),0.8620342245734769,19.109779836163884,0.9999999949797185
49,SlidingWindow(N=32),-2.5700961684477854,15.719505307222425,0.9999998510277004
50,SlidingWindow(N=32),0.8341191192271639,17.27271726497781,0.9999999684823236
51,SlidingWindow(N=32),-0.062118703754302215,18.752156643562778,0.9999999928213654
52,SlidingWindow(N=32),-0.4183009055847059,6.8209402730532975,0.9989104934302812
53,SlidingWindow(N=32),1.2861975320065213,7.977889740957367,0.9996571551839639
54,SlidingWindow(N=32),2.3051159786759357,9.792360314935443,0.999944126267521
55,SlidingWindow(N=32),1.9866100537871694,13.346453102174197,0.9999984015157167
56,SlidingWindow(N=32),-0.6268076604567732,12.97427156220412,0.9999976807666544
57,SlidingWindow(N=32),0.02894717013859273,12.45691856246154,0.9999961093038333
58,SlidingWindow(N=32),0.8443426032190158,14.374951455502586,0.999999428471809
59,SlidingWindow(N=32),2.1182413286294848,15.584613240588713,0.999999829514129
60,SlidingWindow(N=32),-0.1754578330210907,15.732715413308389,0.9999998529826987
61,SlidingWindow(N=32),0.17767516819017284,15.860412680987666,0.9999998706071628
62,SlidingWindow(N=32),-1.0042863557543196,15.18100181091326,0.9999997447448149
63,SlidingWindow(N=32),-1.1464504891485003,2.52163585683998,0.9256447236734774
64,SlidingWindow(N=32),1.6864577150497344,3.8194719759949654,0.9785316206267647
65,SlidingWindow(N=32),11.51291546492478,16.263560823272265,0.9999999135380072
66,SlidingWindow(N=32),0.31619622158418176,14.870318292776705,0.9999996517407421
67,SlidingWindow(N=32),2.2090567769715825,18.2666486686543,0.9999999883347171
68,SlidingWindow(N=32),0.8880655440652678,18.479547620677593,0.9999999905716773
69,SlidingWindow(N=32),-0.37860219999547645,22.503408215697952,0.9999999998313858
70,SlidingWindow(N=32),0.8877163451181581,24.7677955521381,0.999999999982482
71,SlidingWindow(N=32),11.51291546492478,35.62161019911208,0.9999999999999996
72,SlidingWindow(N=32),0.36087482604525073,34.45566906126743,0.9999999999999989
73,SlidingWindow(N=32),11.51291546492478,45.343339595391534,1.0
74,SlidingWindow(N=32),-11.512915464920228,33.56770126080578,0.9999999999999973
75,SlidingWindow(N=32),1.7079542389081912,35.23697511243204,0.9999999999999996
76,SlidingWindow(N=32),0.5155820396568971,37.43748984806664,1.0
77,SlidingWindow(N=32),0.04119700505873351,37.95109368387235,1.0
78,SlidingWindow(N=32),0.5216274209955609,38.62578577489684,1.0
79,SlidingWindow(N=32),-5.587791563779945,30.633930361812304,0.9999999999999503
80,SlidingWindow(N=32),0.13660577384122854,29.908501911080055,0.9999999999998974
81,SlidingWindow(N=32),0.8815039110743812,33.360101990602224,0.9999999999999967
82,SlidingWindow(N=32),11.51291546492478,44.03889833629984,1.0
83,SlidingWindow(N=32),-0.22284187157063606,43.87817516848351,1.0
84,SlidingWindow(N=32),-0.5864407868543062,43.710035287213906,1.0
85,SlidingWindow(N=32),-0.2028006728827269,42.22103708232466,1.0
86,SlidingWindow(N=32),1.9424461739465209,41.85836727759525,1.0
87,SlidingWindow(N=32),0.840760362190399,40.71251758599848,1.0
88,SlidingWindow(N=32),-0.23681278396640532,41.10251246248884,1.0
89,SlidingWindow(N=32),1.1199542485924217,42.19351954094267,1.0
90,SlidingWindow(N=32),0.5284574497298388,41.8776343874535,1.0
91,SlidingWindow(N=32),2.096817762048256,41.85621082087227,1.0
92,SlidingWindow(N=32),-0.4499019783174888,41.581766675575864,1.0
93,SlidingWindow(N=32),0.0068054503482797585,41.410896957733975,1.0
94,SlidingWindow(N=32),-0.07055904283643726,42.344624270651856,1.0
95,SlidingWindow(N=32),-1.6512097490546316,41.839865010745726,1.0
96,SlidingWindow(N=32),0.7946834999678606,40.94809079566385,1.0
97,SlidingWindow(N=32),0.7460462244786675,30.181221555217736,0.9999999999999218
98,SlidingWindow(N=32),0.4118610388652322,30.276886372498783,0.999999999999929
99,SlidingWindow(N=32),0.11863438391882838,28.18646397944603,0.9999999999994262
100,SlidingWindow(N=32),-1.5479069350400911,25.75049150034067,0.999999999993443
101,SlidingWindow(N=32),-0.10487039369731217,26.024223306638834,0.9999999999950131
102,SlidingWindow(N=32),-0.011257538721650206,25.125249422799026,0.9999999999877469
103,SlidingWindow(N=32),-0.5783305728218663,13.034003385052381,0.9999978152421728
104,SlidingWindow(N=32),0.20719521606443853,12.880323775071568,0.9999974523172127
105,SlidingWindow(N=32),0.9504976927728337,2.3179060029196243,0.9103491889296127
106,SlidingWindow(N=32),11.51291546492478,25.343736932764628,0.9999999999901519
107,SlidingWindow(N=32),0.6294879345828027,24.265270628439236,0.9999999999710447
108,SlidingWindow(N=32),0.7412316123399902,24.490920201122336,0.9999999999768938
109,SlidingWindow(N=32),0.31320030015450145,24.762923496218104,0.9999999999823965
110,SlidingWindow(N=32),-3.6897879434353613,20.551508131787177,0.9999999988126098
111,SlidingWindow(N=32),0.37242923825902574,26.511728933826156,0.9999999999969373
112,SlidingWindow(N=32),0.481360404498292,26.856483564483216,0.9999999999978304
113,SlidingWindow(N=32),11.51291546492478,37.48789511833361,1.0
114,SlidingWindow(N=32),0.169572009471269,26.144551662880104,0.9999999999955786
115,SlidingWindow(N=32),0.8022903817792333,27.169683916229975,0.9999999999984137
116,SlidingWindow(N=32),0.3622561279340075,28.11838083101829,0.9999999999993858
117,SlidingWindow(N=32),-1.101833076254119,27.219348427646892,0.9999999999984908
118,SlidingWindow(N=32),2.803169250634786,28.08007150433516,0.9999999999993618
119,SlidingWindow(N=32),1.5546193594717985,28.793930501616554,0.9999999999996874
120,SlidingWindow(N=32),1.6383447697612363,30.669088055344197,0.999999999999952
121,SlidingWindow(N=32),-0.7209502598743726,28.828183546877405,0.999999999999698
122,SlidingWindow(N=32),11.51291546492478,39.81264156207234,1.0
123,SlidingWindow(N=32),-1.5201143516538718,36.195709448370216,0.9999999999999998
124,SlidingWindow(N=32),1.2428351532226163,37.888446579910315,1.0
125,SlidingWindow(N=32),11.51291546492478,49.39455659448682,1.0
126,SlidingWindow(N=32),-0.8338145775846707,48.63130105973859,1.0
127,SlidingWindow(N=32),-0.28139959105368023,50.00111121773954,1.0
128,SlidingWindow(N=32),0.5317681463297265,49.73819586410141,1.0
129,SlidingWindow(N=32),-0.2048845033967007,48.78726513622604,1.0
130,SlidingWindow(N=32),-1.8591601728204052,46.516243924540404,1.0
131,SlidingWindow(N=32),0.4919635801898324,46.88957312081141,1.0
132,SlidingWindow(N=32),-0.9379783569425223,47.49950169890898,1.0
133,SlidingWindow(N=32),1.0567957304057976,48.661167823012086,1.0
134,SlidingWindow(N=32),-0.7346610358545583,47.93776432587918,1.0
135,SlidingWindow(N=32),11.51291546492478,60.02901036362583,1.0
136,SlidingWindow(N=32),-0.5536240449938881,59.2681911025675,1.0
137,SlidingWindow(N=32),0.013526386785265073,58.33121979657993,1.0
138,SlidingWindow(N=32),1.6887155325209424,48.5070198641761,1.0
139,SlidingWindow(N=32),-1.2041335060522622,46.67339842354103,1.0
140,SlidingWindow(N=32),0.700226464638256,46.6323932758393,1.0
141,SlidingWindow(N=32),4.838440111462973,51.157633087147765,1.0
142,SlidingWindow(N=32),-2.0138633151468635,52.833557715436264,1.0
143,SlidingWindow(N=32),0.6428178330827777,53.10394631026002,1.0
144,SlidingWindow(N=32),0.7444346881555982,53.367020593917324,1.0
145,SlidingWindow(N=32),1.6182008932834968,43.47230602227603,1.0
146,SlidingWindow(N=32),-1.2144490665121863,42.088284946292575,1.0
147,SlidingWindow(N=32),-1.362322982932805,39.92367158158054,1.0
148,SlidingWindow(N=32),1.1340333414542063,40.69544879510073,1.0
149,SlidingWindow(N=32),0.795893619452655,42.59317549080751,1.0
150,SlidingWindow(N=32),0.7315615714510475,40.521567811623775,1.0
151,SlidingWindow(N=32),0.8661044201705141,39.83305287232249,1.0
152,SlidingWindow(N=32),-0.4221909941785967,37.77251710838266,1.0
153,SlidingWindow(N=32),0.7067205157725885,39.20018788402962,1.0
154,SlidingWindow(N=32),0.7904211010414606,28.477693520146293,0.9999999999995712
155,SlidingWindow(N=32),-0.4654464412629664,29.5323614305372,0.9999999999998506
156,SlidingWindow(N=32),11.51291546492478,39.80244174223937,1.0
157,SlidingWindow(N=32),1.0571727120214405,29.346698989336033,0.9999999999998201
158,SlidingWindow(N=32),-1.13842880625653,29.04208476066417,0.9999999999997562
159,SlidingWindow(N=32),1.367439075614003,30.690923427331857,0.9999999999999531
160,SlidingWindow(N=32),-0.8113847192941882,29.347770561707936,0.9999999999998204
161,SlidingWindow(N=32),1.629676962869344,31.182332027973985,0.9999999999999714
162,SlidingWindow(N=32),2.8945964674961537,35.93608866829055,0.9999999999999998
163,SlidingWindow(N=32),-0.6023978096990971,34.841727278401606,0.9999999999999993
164,SlidingWindow(N=32),2.0806971472259814,37.86040278257013,1.0
165,SlidingWindow(N=32),0.9635613412465699,37.767168393410884,1.0
166,SlidingWindow(N=32),1.7083184172436836,40.21014784650914,1.0
167,SlidingWindow(N=32),11.51291546492478,40.21014784650913,1.0
168,SlidingWindow(N=32),0.10563237356983537,40.86940426507285,1.0
169,SlidingWindow(N=32),-0.5156107837719653,40.34026709451562,1.0
170,SlidingWindow(N=32),-0.6939917794790841,37.95755978251559,1.0
171,SlidingWindow(N=32),-0.5960106898012215,38.565682598766635,1.0
172,SlidingWindow(N=32),0.30993537644015473,38.17539151056853,1.0
173,SlidingWindow(N=32),0.8584924724830516,34.19544387158861,0.9999999999999987
174,SlidingWindow(N=32),0.7676265243793439,36.97693371111482,1.0
175,SlidingWindow(N=32),1.7202029420263656,38.05431882005841,1.0
176,SlidingWindow(N=32),0.4217442893956279,37.73162842129844,1.0
177,SlidingWindow(N=32),11.51291546492478,47.626342992939726,1.0
178,SlidingWindow(N=32),0.08245849074155558,48.923250550193465,1.0
179,SlidingWindow(N=32),11.51291546492478,61.79848899805105,1.0
180,SlidingWindow(N=32),1.3111181598570907,61.97557381645394,1.0
181,SlidingWindow(N=32),-0.6506071386034638,60.52907305839782,1.0
182,SlidingWindow(N=32),-0.9507587810613929,58.84675270588537,1.0
183,SlidingWindow(N=32),1.0707616024579991,59.05140988817286,1.0
184,SlidingWindow(N=32),0.13203614527698834,59.60563702762845,1.0
185,SlidingWindow(N=32),1.4775361895230914,60.37645270137895,1.0
186,SlidingWindow(N=32),1.0562396781695995,60.642271278507096,1.0
187,SlidingWindow(N=32),0.3151889876175488,61.422906707387604,1.0
188,SlidingWindow(N=32),-0.6368370214037428,49.27315422105908,1.0
189,SlidingWindow(N=32),-1.769971826720288,46.44600968231735,1.0
190,SlidingWindow(N=32),-0.1360273027071861,47.4484111858667,1.0
191,SlidingWindow(N=32),1.789937700887714,47.87090981114041,1.0
192,SlidingWindow(N=32),0.6821936583997019,49.3644881888343,1.0
193,SlidingWindow(N=32),-1.229446211392774,46.505365014572185,1.0
194,SlidingWindow(N=32),0.6276405764210091,44.23840912349703,1.0
195,SlidingWindow(N=32),0.9227161369204,45.76352307011653,1.0
196,SlidingWindow(N=32),-0.686362374296845,42.996463548593695,1.0
197,SlidingWindow(N=32),0.6020165776618156,42.634918785008935,1.0
198,SlidingWindow(N=32),0.47879213936658405,41.40539250713184,1.0
199,SlidingWindow(N=32),-1.0610496796923663,28.831427362514702,0.9999999999996989
200,SlidingWindow(N=32),0.8824816124974656,29.608276601442334,0.9999999999998614
201,SlidingWindow(N=32),1.1983737588248302,31.322261144039125,0.9999999999999751
202,SlidingWindow(N=32),2.5110864065790217,34.527339330097234,0.9999999999999989
203,SlidingWindow(N=32),2.3910284625996745,37.51437848249813,1.0
204,SlidingWindow(N=32),-1.4716023316369358,35.73284077442104,0.9999999999999998
205,SlidingWindow(N=32),-0.7599713428282344,34.114376959109755,0.9999999999999984
206,SlidingWindow(N=32),1.1228154509359956,34.4695658856664,0.9999999999999989
207,SlidingWindow(N=32),1.1207930274819506,33.87015597112199,0.999999999999998
208,SlidingWindow(N=32),1.1228355657211027,34.57124724744747,0.9999999999999991
209,SlidingWindow(N=32),11.51291546492478,34.57124724744747,0.9999999999999991
210,SlidingWindow(N=32),1.215480101117974,35.70426885782389,0.9999999999999998
211,SlidingWindow(N=32),2.763471789309054,26.954825182208165,0.9999999999980336
212,SlidingWindow(N=32),2.0525053829962197,27.696212405347293,0.9999999999990632
213,SlidingWindow(N=32),1.3578950511845307,29.70471459513529,0.9999999999998743
214,SlidingWindow(N=32),0.021677755301760023,30.677151131498437,0.9999999999999525
215,SlidingWindow(N=32),1.5693488799817412,31.17573840902218,0.9999999999999711
216,SlidingWindow(N=32),-0.5401510897439648,30.50355117400123,0.9999999999999434
217,SlidingWindow(N=32),0.11594739530196962,29.141962379780107,0.9999999999997793
218,SlidingWindow(N=32),-0.18294480067621835,27.902777900934293,0.9999999999992379
219,SlidingWindow(N=32),0.5089582909392062,28.096547204255945,0.9999999999993723
220,SlidingWindow(N=32),11.51291546492478,40.246299690584465,1.0
221,SlidingWindow(N=32),-3.1827399022126013,38.833531615092156,1.0
222,SlidingWindow(N=32),1.423445903974526,40.393004821773864,1.0
223,SlidingWindow(N=32),-2.029061692407611,36.57400542847854,0.9999999999999998
224,SlidingWindow(N=32),-0.16670322551207345,35.725108544566766,0.9999999999999998
225,SlidingWindow(N=32),2.5368511115763575,39.4914058675359,1.0
226,SlidingWindow(N=32),0.4865103059380912,39.35027559705298,1.0
227,SlidingWindow(N=32),-0.961007276749074,37.466552183383506,1.0
228,SlidingWindow(N=32),-0.4666523739695906,37.68626218371077,1.0
229,SlidingWindow(N=32),1.4107190040556419,38.494964610104596,1.0
230,SlidingWindow(N=32),-0.48577229888145174,37.530400171856556,1.0
231,SlidingWindow(N=32),0.6853763147341951,39.27682616628311,1.0
232,SlidingWindow(N=32),0.4627719440946494,38.8571164978803,1.0
233,SlidingWindow(N=32),-0.3866670568883881,37.272075682167085,1.0
234,SlidingWindow(N=32),11.51291546492478,46.27390474051284,1.0
235,SlidingWindow(N=32),1.325984852329001,45.20886113024216,1.0
236,SlidingWindow(N=32),-11.512915464920228,35.16754799695888,0.9999999999999996
237,SlidingWindow(N=32),0.6452368412444794,36.5727561810316,0.9999999999999998
238,SlidingWindow(N=32),-0.39936855589155135,35.05057217420404,0.9999999999999993
239,SlidingWindow(N=32),1.7802683654226275,35.71004751214472,0.9999999999999998
240,SlidingWindow(N=32),-0.565638706043284,34.021573240380334,0.9999999999999982
241,SlidingWindow(N=32),0.26383615015737827,22.77249392561292,0.9999999998711657
242,SlidingWindow(N=32),1.1066079281424028,22.663621752637354,0.9999999998563471
243,SlidingWindow(N=32),1.813020710135784,21.713170673464088,0.9999999996283879
244,SlidingWindow(N=32),-1.1531670833543401,18.507498207113525,0.9999999908315557
245,SlidingWindow(N=32),-0.0014014832385321812,17.148201672690465,0.99999996430309
246,SlidingWindow(N=32),-0.1703450966749611,16.956178820713742,0.9999999567461185
247,SlidingWindow(N=32),-0.388820679847426,14.99800926088457,0.9999996934881952
248,SlidingWindow(N=32),11.51291546492478,27.051075815553315,0.9999999999982141
249,SlidingWindow(N=32),0.9518870134819686,27.887015433733314,0.999999999999226
250,SlidingWindow(N=32),-1.255585187563429,26.814375046846106,0.9999999999977371
251,SlidingWindow(N=32),1.9491926709844065,28.254609426891303,0.999999999999464
252,SlidingWindow(N=32),11.51291546492478,28.2546094268913,0.999999999999464
253,SlidingWindow(N=32),2.3104593127756226,33.74780864187952,0.9999999999999978
254,SlidingWindow(N=32),-1.780924535598948,30.54343820230605,0.9999999999999456
255,SlidingWindow(N=32),-0.18157814338312864,32.39092175133053,0.9999999999999913
256,SlidingWindow(N=32),3.8955691154988847,36.4531940923415,0.9999999999999998
257,SlidingWindow(N=32),-0.4569940509843736,33.45934892978077,0.9999999999999971
258,SlidingWindow(N=32),1.010642294252935,33.98348091809561,0.9999999999999982
259,SlidingWindow(N=32),1.6026627772599829,36.54715097210466,0.9999999999999998
260,SlidingWindow(N=32),-0.7449582746031959,36.26884507147105,0.9999999999999998
261,SlidingWindow(N=32),0.33157435868543433,35.18970042610085,0.9999999999999996
262,SlidingWindow(N=32),-11.512915464920228,24.162557260062073,0.9999999999679126
263,SlidingWindow(N=32),-0.8823854087211996,22.594795536606675,0.999999999846112
264,SlidingWindow(N=32),0.09699418927237849,22.229017781784407,0.9999999997781497
265,SlidingWindow(N=32),-1.2329527379221623,21.382732100750637,0.9999999994828728
266,SlidingWindow(N=32),11.51291546492478,21.382732100750633,0.9999999994828728
267,SlidingWindow(N=32),-1.5788558217074764,18.477891426714155,0.9999999905560494
268,SlidingWindow(N=32),-0.12822879711267035,29.862578094521716,0.9999999999998925
269,SlidingWindow(N=32),0.5719897521293033,29.789331005406545,0.9999999999998845
270,SlidingWindow(N=32),11.51291546492478,41.701615026222875,1.0
271,SlidingWindow(N=32),-1.5910134837552854,38.33033317704496,1.0
272,SlidingWindow(N=32),2.9225325169330594,41.81850440002131,1.0
273,SlidingWindow(N=32),0.418272992224082,41.97294124208801,1.0
274,SlidingWindow(N=32),-0.8210189651838155,40.04531434876179,1.0
275,SlidingWindow(N=32),1.0388654898725007,39.27115912849851,1.0
276,SlidingWindow(N=32),0.6620373785592917,41.08636359041214,1.0
277,SlidingWindow(N=32),-0.3230404880687681,40.7647245855819,1.0
278,SlidingWindow(N=32),0.4935426124763631,41.42861229473322,1.0
279,SlidingWindow(N=32),-0.06239655255178449,41.755036422028866,1.0
280,SlidingWindow(N=32),0.5496535299475893,30.791774487051676,0.9999999999999576
281,SlidingWindow(N=32),1.3778109701742556,31.217698443743963,0.9999999999999722
282,SlidingWindow(N=32),11.51291546492478,43.98619909623217,1.0
283,SlidingWindow(N=32),-1.2159194405096099,40.82108698473815,1.0
284,SlidingWindow(N=32),11.51291546492478,40.82108698473816,1.0
285,SlidingWindow(N=32),-4.227879942201274,34.282747729761255,0.9999999999999987
286,SlidingWindow(N=32),0.21872573820522975,36.28239800356544,0.9999999999999998
287,SlidingWindow(N=32),1.2453573513812197,37.70933349832979,1.0
288,SlidingWindow(N=32),0.7735927293575486,34.58735711218844,0.9999999999999991
289,SlidingWindow(N=32),-0.35079295798323984,34.69355820518958,0.9999999999999991
290,SlidingWindow(N=32),0.1505369379253136,33.833452848861974,0.999999999999998
291,SlidingWindow(N=32),-0.19219052622337165,32.03859954537861,0.9999999999999878
292,SlidingWindow(N=32),-0.309689325022122,32.47386849495969,0.999999999999992
293,SlidingWindow(N=32),1.7734051928284345,33.91569932910269,0.9999999999999982
294,SlidingWindow(N=32),0.881363276432602,46.30997807045552,1.0
295,SlidingWindow(N=32),-0.4383797022583913,46.75398377691833,1.0
296,SlidingWindow(N=32),1.8998978393390742,48.55688742698503,1.0
297,SlidingWindow(N=32),0.8103771002771262,50.60021726518432,1.0
298,SlidingWindow(N=32),1.6872232086289953,40.774525008888524,1.0
299,SlidingWindow(N=32),1.3182394789535719,43.671620309549574,1.0
300,SlidingWindow(N=32),-0.6133232331600674,43.18652587350218,1.0
301,SlidingWindow(N=32),-0.27391717599082516,42.340618945382055,1.0
302,SlidingWindow(N=32),1.5449839796224867,32.37268746007975,0.9999999999999913
303,SlidingWindow(N=32),1.2838892152945973,35.24759015912963,0.9999999999999996
304,SlidingWindow(N=32),0.37940472494822425,32.7044623671448,0.9999999999999938
305,SlidingWindow(N=32),0.5545829484783426,32.84077232339906,0.9999999999999944
306,SlidingWindow(N=32),4.075473190399025,37.73726447898189,1.0
307,SlidingWindow(N=32),-0.312401848787464,36.385997140321926,0.9999999999999998
308,SlidingWindow(N=32),1.1754527669513906,36.89941252871402,1.0
309,SlidingWindow(N=32),0.15769479804353045,37.38014781482632,1.0
310,SlidingWindow(N=32),0.13900595481949957,37.02561115716946,1.0
311,SlidingWindow(N=32),2.581066331233826,39.669074040955074,1.0
312,SlidingWindow(N=32),1.7160929953124804,40.83551350631996,1.0
313,SlidingWindow(N=32),1.688698253287052,41.146400789432754,1.0
314,SlidingWindow(N=32),4.7763411423034725,34.409826466811445,0.9999999999999989
315,SlidingWindow(N=32),0.43179054331786537,36.05753645063893,0.9999999999999998
316,SlidingWindow(N=32),1.4152067836776807,25.959827769391833,0.9999999999946816
317,SlidingWindow(N=32),0.027681659597723292,30.215389371190827,0.9999999999999245
318,SlidingWindow(N=32),0.8342361975711479,30.830899830556746,0.9999999999999591
319,SlidingWindow(N=32),0.2450472353885502,29.83058971456408,0.9999999999998892
320,SlidingWindow(N=32),0.5283525542142211,29.585349539420754,0.9999999999998583
321,SlidingWindow(N=32),1.2572196088778018,31.193362106281793,0.9999999999999716
322,SlidingWindow(N=32),-0.5991691811402978,30.44365598721618,0.99999999999994
323,SlidingWindow(N=32),11.51291546492478,42.14876197836433,1.0
324,SlidingWindow(N=32),-0.8559089774701396,41.60254232591632,1.0
325,SlidingWindow(N=32),-1.1761595815734964,38.65297755151439,1.0
326,SlidingWindow(N=32),2.8916729372893717,40.66328721237116,1.0
327,SlidingWindow(N=32),1.6397345046749872,42.74140141930454,1.0
328,SlidingWindow(N=32),1.3083441784993013,42.14984775846477,1.0
329,SlidingWindow(N=32),1.3159293114464692,42.65539996963411,1.0
330,SlidingWindow(N=32),0.3901797435402924,41.35835650454541,1.0
331,SlidingWindow(N=32),-0.7044619996847195,39.33565502590712,1.0
332,SlidingWindow(N=32),0.5012003118751608,40.45017857094235,1.0
333,SlidingWindow(N=32),-0.41860133597595833,40.305494410957216,1.0
334,SlidingWindow(N=32),2.116910107410782,40.87742053874551,1.0
335,SlidingWindow(N=32),0.22446893056647893,39.81800025401739,1.0
336,SlidingWindow(N=32),-0.6087217419985252,38.82987378707064,1.0
337,SlidingWindow(N=32),0.014337235603814233,38.28962807419611,1.0
338,SlidingWindow(N=32),0.9637872586479657,35.17794214244505,0.9999999999999996
339,SlidingWindow(N=32),-0.2782509372283818,35.212093054004136,0.9999999999999996
340,SlidingWindow(N=32),-0.6044166666003081,33.43222362045244,0.9999999999999969
341,SlidingWindow(N=32),0.7222676044598315,33.996796426868734,0.9999999999999982
342,SlidingWindow(N=32),0.7240124414465976,34.581802913495835,0.9999999999999991
343,SlidingWindow(N=32),-0.20909025826504532,31.791646323996954,0.9999999999999845
344,SlidingWindow(N=32),-0.16562353480477168,29.909929793879698,0.9999999999998976
345,SlidingWindow(N=32),0.7064441943113665,28.927675734904014,0.9999999999997267
346,SlidingWindow(N=32),-1.6173207896413844,22.53401380295916,0.9999999998364681
347,SlidingWindow(N=32),-1.5315920608640465,20.570631198777246,0.9999999988351007
348,SlidingWindow(N=32),-0.4706317252203015,18.684792689879263,0.9999999923211244
349,SlidingWindow(N=32),0.14411231573771371,18.801223346019253,0.9999999931650956
350,SlidingWindow(N=32),0.8154623254071038,18.782449473855213,0.9999999930355659
351,SlidingWindow(N=32),11.51291546492478,30.050317703391435,0.999999999999911
352,SlidingWindow(N=32),1.7930261189836796,31.3149912681609,0.9999999999999749
353,SlidingWindow(N=32),0.2088293847507977,30.26660104403389,0.9999999999999283
354,SlidingWindow(N=32),0.3817501053824967,31.247520330556686,0.9999999999999731
355,SlidingWindow(N=32),-0.8509138555699464,18.883691010061966,0.9999999937061383
356,SlidingWindow(N=32),0.3823760913274781,20.12197607885959,0.9999999981755296
357,SlidingWindow(N=32),0.05362247830868851,21.351758138741772,0.9999999994666047
358,SlidingWindow(N=32),0.8321794611007381,19.292264662553137,0.9999999958171151
359,SlidingWindow(N=32),-0.6110017594143784,17.04152839846377,0.9999999602846645
360,SlidingWindow(N=32),1.12981065402076,16.862994873985226,0.9999999525217877
361,SlidingWindow(N=32),11.51291546492478,27.059981027463536,0.9999999999982299
362,SlidingWindow(N=32),0.27113675546841715,26.940938039391664,0.999999999998006
363,SlidingWindow(N=32),0.9470102439414367,28.59241028301782,0.9999999999996176
364,SlidingWindow(N=32),1.4309108528139438,29.522120823956605,0.999999999999849
365,SlidingWindow(N=32),-0.08150966429888504,29.85921249563368,0.9999999999998923
366,SlidingWindow(N=32),0.695673095272585,28.43797548349548,0.9999999999995537
367,SlidingWindow(N=32),0.4212307510281728,28.634737303957177,0.9999999999996334
368,SlidingWindow(N=32),0.5292271097948046,29.772686155750502,0.9999999999998825
369,SlidingWindow(N=32),-0.5403891321879268,29.217959787958765,0.9999999999997955
370,SlidingWindow(N=32),0.4361994004421399,28.690371929752935,0.9999999999996534
371,SlidingWindow(N=32),1.0954121142543882,30.064034981235707,0.9999999999999123
372,SlidingWindow(N=32),11.51291546492478,42.181367112760796,1.0
373,SlidingWindow(N=32),2.0682752593029456,43.52737476760391,1.0
374,SlidingWindow(N=32),11.51291546492478,54.316277791082086,1.0
375,SlidingWindow(N=32),-0.5330932279584953,53.99227482138864,1.0
376,SlidingWindow(N=32),1.829449982172278,55.98734833836569,1.0
377,SlidingWindow(N=32),0.641102331940095,55.922006475994415,1.0
378,SlidingWindow(N=32),11.51291546492478,69.05224273056058,1.0
379,SlidingWindow(N=32),-0.5861856792284024,69.99764911219623,1.0
380,SlidingWindow(N=32),-0.6274743247563931,69.84080651266014,1.0
381,SlidingWindow(N=32),-0.3220254633915609,69.37466873353087,1.0
382,SlidingWindow(N=32),-11.512915464920228,57.04629094320353,1.0
383,SlidingWindow(N=32),-0.23194025622709902,45.30143522205165,1.0
384,SlidingWindow(N=32),-0.522532670706174,42.9858764323618,1.0
385,SlidingWindow(N=32),0.5976484997363057,43.37469554734731,1.0
386,SlidingWindow(N=32),0.8593593782796866,43.85230482024449,1.0
387,SlidingWindow(N=32),11.51291546492478,56.21613414073922,1.0
388,SlidingWindow(N=32),2.0419054568174033,57.875663506229145,1.0
389,SlidingWindow(N=32),-0.2943922904677547,57.5276487374527,1.0
390,SlidingWindow(N=32),-0.7060347868908219,55.98943448946114,1.0
391,SlidingWindow(N=32),1.0857244419109864,57.6861606907865,1.0
392,SlidingWindow(N=32),-1.3619100905533494,55.19443994621239,1.0
393,SlidingWindow(N=32),11.51291546492478,55.1944399462124,1.0
394,SlidingWindow(N=32),3.028201460320616,57.951504651064596,1.0
395,SlidingWindow(N=32),-0.16337319536751183,56.84112121175565,1.0
396,SlidingWindow(N=32),-2.3627247572287864,53.04748560171292,1.0
397,SlidingWindow(N=32),11.51291546492478,64.64191073093657,1.0
398,SlidingWindow(N=32),0.2640761987550044,64.210313834419,1.0
399,SlidingWindow(N=32),3.523349938035629,67.31243302142646,1.0
400,SlidingWindow(N=32),-1.9766939857197703,64.80651192591188,1.0
401,SlidingWindow(N=32),-0.32200376344895154,65.02489729465086,1.0
402,SlidingWindow(N=32),0.4120240553978474,65.00072194960657,1.0
403,SlidingWindow(N=32),0.46455494605608877,64.36986478140827,1.0
404,SlidingWindow(N=32),-0.14030829416990848,52.71664102231358,1.0
405,SlidingWindow(N=32),1.3060711811869232,51.95443694419755,1.0
406,SlidingWindow(N=32),-0.9458813421379382,39.49564013713484,1.0
407,SlidingWindow(N=32),0.23015523597187576,40.258888601065216,1.0
408,SlidingWindow(N=32),0.5584278170998935,38.98786643599283,1.0
409,SlidingWindow(N=32),1.121849670985375,39.468613775038115,1.0
410,SlidingWindow(N=32),1.472812286408716,29.428510596522035,0.9999999999998344
411,SlidingWindow(N=32),-1.0324604515558302,28.98223582419461,0.9999999999997411
412,SlidingWindow(N=32),-1.817236939094458,27.792473209856546,0.9999999999991491
413,SlidingWindow(N=32),4.075691086626745,32.190189759874855,0.9999999999999896
414,SlidingWindow(N=32),0.8458421107323283,44.54894733552743,1.0
415,SlidingWindow(N=32),-0.5088888589484636,44.271998732806054,1.0
416,SlidingWindow(N=32),11.51291546492478,56.30744686843702,1.0
417,SlidingWindow(N=32),0.5524438218933246,56.26224219059404,1.0
418,SlidingWindow(N=32),3.0272281296631065,58.43011094197745,1.0
419,SlidingWindow(N=32),0.49063302036833073,47.40782849742099,1.0
420,SlidingWindow(N=32),11.51291546492478,56.878838505528364,1.0
421,SlidingWindow(N=32),11.51291546492478,68.68614626092089,1.0
422,SlidingWindow(N=32),0.10132963470894107,69.49351068252066,1.0
423,SlidingWindow(N=32),2.105858437641248,70.51364467825093,1.0
424,SlidingWindow(N=32),1.346841576352688,73.22239634515697,1.0
425,SlidingWindow(N=32),11.51291546492478,73.22239634515695,1.0
426,SlidingWindow(N=32),-0.7976755447685746,69.39651934006775,1.0
427,SlidingWindow(N=32),1.4230456738391812,70.98293820927445,1.0
428,SlidingWindow(N=32),2.4092156133876474,75.75487857989089,1.0
429,SlidingWindow(N=32),-2.5507196415879956,61.69124347337813,1.0
430,SlidingWindow(N=32),-1.125338195248417,60.3018290793747,1.0
431,SlidingWindow(N=32),-11.512915464920228,45.26556367641884,1.0
432,SlidingWindow(N=32),0.07674945073494271,47.31900711287356,1.0
433,SlidingWindow(N=32),1.4845754222215233,49.125586298544036,1.0
434,SlidingWindow(N=32),11.51291546492478,60.226477708070966,1.0
435,SlidingWindow(N=32),0.4990175928955506,60.260940354910424,1.0
436,SlidingWindow(N=32),11.51291546492478,71.91416411400512,1.0
437,SlidingWindow(N=32),-1.4764147397256908,69.1316781930925,1.0
438,SlidingWindow(N=32),-2.326088238042289,67.75147129718815,1.0
439,SlidingWindow(N=32),0.33648193399093695,67.8577979952072,1.0
440,SlidingWindow(N=32),0.9208714417360684,68.22024161984338,1.0
441,SlidingWindow(N=32),0.3647573955462219,67.46314934440423,1.0
442,SlidingWindow(N=32),-11.512915464920228,54.47742159307528,1.0
443,SlidingWindow(N=32),0.29518074009461004,55.80506278472572,1.0
444,SlidingWindow(N=32),-1.3330267266909956,56.28927299712918,1.0
445,SlidingWindow(N=32),1.3919399507579904,53.60552186126043,1.0
446,SlidingWindow(N=32),0.8952843591419798,53.65496410967009,1.0
447,SlidingWindow(N=32),-0.7628119910556324,53.40104097756291,1.0
448,SlidingWindow(N=32),-0.2174936148284095,41.67063189780973,1.0
449,SlidingWindow(N=32),-0.9333975030603229,40.18479057285609,1.0
450,SlidingWindow(N=32),0.3276861319240347,37.48524857511702,1.0
451,SlidingWindow(N=32),2.0559026983480275,39.05051825309671,1.0
452,SlidingWindow(N=32),-0.8269886237213545,26.710614164450572,0.9999999999974898
453,SlidingWindow(N=32),1.105097232757292,16.302795932283082,0.9999999168646649
454,SlidingWindow(N=32),-0.23741811083274517,15.96404818674139,0.9999998833453881
455,SlidingWindow(N=32),-0.5660959535985057,13.29209379550164,0.9999983122182805
456,SlidingWindow(N=32),0.27325118760566414,12.218503406754616,0.9999950617934783
457,SlidingWindow(N=32),-0.8981671058390928,-0.1925791640092528,0.4520034536540268
458,SlidingWindow(N=32),-0.26593544410284475,0.33916093665647873,0.5839866900305137
459,SlidingWindow(N=32),-1.149192362676354,-2.233077099859059,0.09681922914361793
460,SlidingWindow(N=32),11.51291546492478,6.870622751678074,0.9989632454229659
461,SlidingWindow(N=32),0.4497469425612878,9.871089335827355,0.9999483562295716
462,SlidingWindow(N=32),-0.4469660874521824,10.54946144362359,0.9999737930954867
463,SlidingWindow(N=32),0.6820405431491503,22.744417451692964,0.9999999998674973
464,SlidingWindow(N=32),0.2667773761286556,22.934445377086675,0.9999999998904288
465,SlidingWindow(N=32),0.1350413266097221,21.58491128147488,0.9999999995775337
466,SlidingWindow(N=32),1.2906075762852232,11.362603392835325,0.9999883780500971
467,SlidingWindow(N=32),1.56627766964074,12.429863469580514,0.9999960026042325
468,SlidingWindow(N=32),-0.23771448862027877,0.6792335160354578,0.6635676046607375
469,SlidingWindow(N=32),-0.293061496424599,1.8625867593365495,0.8655981710999555
470,SlidingWindow(N=32),0.06996649175798449,4.258641489136824,0.9860556926833386
471,SlidingWindow(N=32),-11.512915464920228,-7.590755909774341,0.000504844103971521
472,SlidingWindow(N=32),-1.7708015125828205,-10.28242886409323,3.4228117833912886e-05
473,SlidingWindow(N=32),11.51291546492478,0.8657292052853247,0.7038562580558847
474,SlidingWindow(N=32),11.51291546492478,23.89156013513033,0.9999999999579248
475,SlidingWindow(N=32),0.10124314396922501,23.697622539004946,0.9999999999489197
476,SlidingWindow(N=32),1.225141482176049,26.25579074787199,0.999999999996044
477,SlidingWindow(N=32),0.8159456938669732,25.679796490980973,0.9999999999929627
478,SlidingWindow(N=32),11.51291546492478,36.297427596763775,0.9999999999999998
479,SlidingWindow(N=32),2.6806055174494583,39.74084510526886,1.0
480,SlidingWindow(N=32),0.24775853203496975,40.206097252132246,1.0
481,SlidingWindow(N=32),-0.7845603112157651,40.3549344439768,1.0
482,SlidingWindow(N=32),-2.0108724350941976,38.01637587695857,1.0
483,SlidingWindow(N=32),0.6679281881686577,36.6284013667792,0.9999999999999998
484,SlidingWindow(N=32),-0.5189628910186814,36.936427099481875,1.0
485,SlidingWindow(N=32),-1.5622509532540187,34.26907891347056,0.9999999999999987
486,SlidingWindow(N=32),-0.3804094988216972,34.1260875254816,0.9999999999999984
487,SlidingWindow(N=32),-0.9667157888038322,33.725467690276275,0.9999999999999978
488,SlidingWindow(N=32),11.51291546492478,44.9651319675954,1.0
489,SlidingWindow(N=32),1.8531107495772923,47.71640982301178,1.0
490,SlidingWindow(N=32),0.3955091460583248,48.37785441317295,1.0
491,SlidingWindow(N=32),11.51291546492478,61.03996224077408,1.0
492,SlidingWindow(N=32),0.5031976340509281,50.030244409900234,1.0
493,SlidingWindow(N=32),-0.6561066524112407,48.924390814927705,1.0
494,SlidingWindow(N=32),11.51291546492478,60.88427236730467,1.0
495,SlidingWindow(N=32),1.1618737216730617,61.36410554582858,1.0
496,SlidingWindow(N=32),-0.9010919466481824,60.19623622305175,1.0
497,SlidingWindow(N=32),0.17201649430965493,60.23321139075168,1.0
498,SlidingWindow(N=32),-0.6752846817889976,58.26731913267746,1.0
499,SlidingWindow(N=32),-1.4817709238383419,55.21927053919838,1.0
500,SlidingWindow(N=32),1.9722563807010636,57.429241408519715,1.0
501,SlidingWindow(N=32),11.51291546492478,69.23521836986909,1.0
502,SlidingWindow(N=32),-1.5134387619313907,67.65181311617971,1.0
503,SlidingWindow(N=32),1.2020584675692427,80.3667870486692,1.0
504,SlidingWindow(N=32),-0.38547436083899084,81.75211420041303,1.0
505,SlidingWindow(N=32),-0.18507695128215243,70.05412178420609,1.0
506,SlidingWindow(N=32),-0.31341324968067424,58.22779306960064,1.0
507,SlidingWindow(N=32),-0.6597188576906051,57.46683106794081,1.0
508,SlidingWindow(N=32),0.4665062010527492,56.70819578681751,1.0
509,SlidingWindow(N=32),-0.6158979829793466,55.27635210997119,1.0
510,SlidingWindow(N=32),0.75900213698713,44.52243878203354,1.0
511,SlidingWindow(N=32),0.3430390996352045,42.18487236421928,1.0
512,SlidingWindow(N=32),0.11338365811494065,42.05049749029925,1.0
513,SlidingWindow(N=32),-0.7184658556761984,42.11659194583882,1.0
514,SlidingWindow(N=32),-0.29423003689996885,43.83323434403305,1.0
515,SlidingWindow(N=32),1.5618410136149945,44.727147169479395,1.0
516,SlidingWindow(N=32),1.1000803277175737,46.346190388215646,1.0
517,SlidingWindow(N=32),-0.8154355380943611,47.0930058033753,1.0
518,SlidingWindow(N=32),0.531357585908668,48.00477288810566,1.0
519,SlidingWindow(N=32),1.5534824512745398,50.524971128184035,1.0
520,SlidingWindow(N=32),-2.2063868118158614,36.805668851443386,1.0
521,SlidingWindow(N=32),1.169242450033484,36.12180055189958,0.9999999999999998
522,SlidingWindow(N=32),-0.4004140153502081,35.325877390491044,0.9999999999999996
523,SlidingWindow(N=32),1.2149838775693018,25.027945803135577,0.9999999999864948
524,SlidingWindow(N=32),-0.5278338355959186,23.996914333488732,0.9999999999621321
525,SlidingWindow(N=32),-2.7778055963817194,21.875215389518253,0.9999999996839799
526,SlidingWindow(N=32),-2.0731172680855336,8.289182656507938,0.9997488433838436
527,SlidingWindow(N=32),0.46595318749038656,7.59326212232526,0.9994964189221369
528,SlidingWindow(N=32),0.7442144426547455,9.23856851162819,0.9999027927949833
529,SlidingWindow(N=32),-0.7140479341819228,8.352504083136612,0.9997642502886028
530,SlidingWindow(N=32),1.3344619607299728,10.362250725655583,0.9999683977528766
531,SlidingWindow(N=32),-2.1801857371906883,9.663835912303238,0.9999364637183462
532,SlidingWindow(N=32),0.3234961779518242,8.015075709553997,0.9996696659352712
533,SlidingWindow(N=32),-1.1708845214902295,-4.6687242768610115,0.009296988466551092
534,SlidingWindow(N=32),-0.3869606844208848,-3.5422461993505063,0.02813380658511132
535,SlidingWindow(N=32),0.4650842291580231,-4.279220437761725,0.013664161627897381
536,SlidingWindow(N=32),-0.6549453078026597,-4.548691384725394,0.010470255628013474
537,SlidingWindow(N=32),-0.06148601656744394,-4.425100450010685,0.01183135167675728
538,SlidingWindow(N=32),2.2183788836359826,-1.8933083166940285,0.1308677172570075
539,SlidingWindow(N=32),-0.2943778384561596,-1.5279672974595835,0.1782912891171026
540,SlidingWindow(N=32),1.7401619394434715,-0.2543115590688605,0.4367625635342676
541,SlidingWindow(N=32),-1.0403216111071365,-0.6787351871966507,0.3365436541456208
542,SlidingWindow(N=32),1.1468837086498818,-0.29085361553389877,0.4277949007077426
543,SlidingWindow(N=32),11.51291546492478,10.879022749755677,0.9999811508285343
544,SlidingWindow(N=32),-11.512915464920228,-0.747276373279492,0.32141505484623467
545,SlidingWindow(N=32),-0.5713237900137613,-0.6001343076170567,0.35431296690919695
546,SlidingWindow(N=32),1.2260223717888028,0.9201181010717143,0.7150661689972394
547,SlidingWindow(N=32),0.15666518449186426,-0.48505772805141434,0.3810585297764499
548,SlidingWindow(N=32),0.9019193116516826,-0.6832187441173043,0.3355432912936919
549,SlidingWindow(N=32),-0.327683195267959,-0.19546640129090415,0.451288395158775
550,SlidingWindow(N=32),0.5149960640416325,-0.21182792315794075,0.447240154386185
551,SlidingWindow(N=32),0.21400029330973463,-1.5513100811227454,0.17489713228506532
552,SlidingWindow(N=32),2.9515060114289264,3.606582742122043,0.9735729008869528
553,SlidingWindow(N=32),0.7369395275849417,3.1742798196735,0.9598548261340614
554,SlidingWindow(N=32),0.8534043691690533,4.428098204192761,0.9882036449383444
555,SlidingWindow(N=32),-0.09432222676384677,3.1187920998596153,0.9576612795189944
556,SlidingWindow(N=32),-0.185658930550547,3.4609670049049854,0.9695565224660502
557,SlidingWindow(N=32),-0.11921080257449468,6.11956179871221,0.9978054072897086
558,SlidingWindow(N=32),0.9362207891062896,9.128899855904033,0.9998915268992296
559,SlidingWindow(N=32),-0.10527850775514554,8.557668160658501,0.9998079702420949
560,SlidingWindow(N=32),0.7858170122508301,8.599270730254585,0.999815793832742
561,SlidingWindow(N=32),11.51291546492478,20.82623412936129,0.9999999990978443
562,SlidingWindow(N=32),1.8264427456925825,21.318214914323896,0.9999999994484094
563,SlidingWindow(N=32),0.008771817643626322,23.507172469158213,0.9999999999382034
564,SlidingWindow(N=32),3.1875792238024636,26.37125551500885,0.9999999999964755
565,SlidingWindow(N=32),-0.08975064559081813,27.452389390908262,0.9999999999988045
566,SlidingWindow(N=32),-11.512915464920228,16.326434610408917,0.9999999188068288
567,SlidingWindow(N=32),-0.8588766134433339,15.002473767807562,0.9999996948535687
568,SlidingWindow(N=32),-3.210770280391816,12.446648795218406,0.9999960691415707
569,SlidingWindow(N=32),-0.02181704618788996,12.48631776559796,0.9999962220217412
570,SlidingWindow(N=32),0.42854223424109567,10.696481116203072,0.9999773761011768
571,SlidingWindow(N=32),11.51291546492478,22.50377441958401,0.9999999998314475
572,SlidingWindow(N=32),0.8381631449729576,21.601775625113493,0.9999999995845985
573,SlidingWindow(N=32),0.13729462452281907,22.779391860743452,0.9999999998720512
574,SlidingWindow(N=32),1.7253890177038511,23.35789716979742,0.9999999999282545
575,SlidingWindow(N=32),-11.512915464920228,0.33206623995241635,0.5822620397552958
576,SlidingWindow(N=32),0.7112819746249044,12.556263679497544,0.9999964772449939
577,SlidingWindow(N=32),1.594580403285387,14.722167872796692,0.9999995961281759
578,SlidingWindow(N=32),-1.685078772790814,11.811066728217078,0.9999925780902127
579,SlidingWindow(N=32),2.808365565392932,14.462767109118143,0.9999994765203251
580,SlidingWindow(N=32),0.8546846108238545,14.41553240829032,0.9999994512006566
581,SlidingWindow(N=32),-0.09842487700800846,14.64479072655027,0.9999995636369091
582,SlidingWindow(N=32),1.32392847471359,15.453723137222227,0.9999998056729615
583,SlidingWindow(N=32),11.51291546492478,26.75263830883727,0.999999999997593
584,SlidingWindow(N=32),0.6391437413008315,24.440276038709175,0.9999999999756934
585,SlidingWindow(N=32),0.7284551568860554,24.43179166801029,0.9999999999754863
586,SlidingWindow(N=32),-0.1515223156323381,23.4268649832089,0.999999999933036
587,SlidingWindow(N=32),-0.6408842131583248,22.880302996814418,0.9999999998843327
588,SlidingWindow(N=32),1.7275654134006806,24.79352734076565,0.999999999982927
589,SlidingWindow(N=32),-0.6491777551982132,24.26356038814193,0.9999999999709952
590,SlidingWindow(N=32),0.4957917618381312,23.823131360873766,0.9999999999549447
591,SlidingWindow(N=32),-0.17362378588882654,23.754786082740086,0.9999999999517577
592,SlidingWindow(N=32),1.0652573424930096,24.03422641298227,0.999999999963519
593,SlidingWindow(N=32),0.8477675787382087,13.369078526795699,0.9999984372759748
594,SlidingWindow(N=32),2.3291420372138543,13.87177781831697,0.9999990547144292
595,SlidingWindow(N=32),-0.21281930917710767,13.650186691496234,0.9999988202262454
596,SlidingWindow(N=32),0.07618690816305583,10.53879437585683,0.9999735120557952
597,SlidingWindow(N=32),-0.8171409894749482,9.8114040319727,0.9999451801856312
598,SlidingWindow(N=32),-0.13334916257269305,21.190970334320234,0.9999999993735613
599,SlidingWindow(N=32),0.9109286120736034,22.960775559837174,0.999999999893276
600,SlidingWindow(N=32),1.5651883339650492,27.736734174194044,0.9999999999991003
601,SlidingWindow(N=32),-0.7384169838794803,27.020134236502454,0.9999999999981579
602,SlidingWindow(N=32),1.8226330811528804,28.414225083414234,0.999999999999543
603,SlidingWindow(N=32),11.51291546492478,28.41422508341423,0.999999999999543
604,SlidingWindow(N=32),0.9645430209035842,28.540604959344854,0.9999999999995972
605,SlidingWindow(N=32),11.51291546492478,39.91622579974681,1.0
606,SlidingWindow(N=32),-0.5413945233235345,37.64944225871943,1.0
607,SlidingWindow(N=32),-1.2275895516262993,47.934768172013364,1.0
608,SlidingWindow(N=32),-2.6436103600154865,44.579875837372974,1.0
609,SlidingWindow(N=32),11.51291546492478,54.49821089901237,1.0
610,SlidingWindow(N=32),1.3633874584027708,57.54667713020595,1.0
611,SlidingWindow(N=32),0.3364363000622102,55.07474786487523,1.0
612,SlidingWindow(N=32),0.7721721588590766,54.99223541291045,1.0
613,SlidingWindow(N=32),-1.0337729883389395,54.05688730157952,1.0
614,SlidingWindow(N=32),11.51291546492478,64.24587429179071,1.0
615,SlidingWindow(N=32),0.5700137790756902,53.30297260594162,1.0
616,SlidingWindow(N=32),0.5443271097714736,53.20815597441226,1.0
617,SlidingWindow(N=32),1.501043018447587,53.9807438359738,1.0
618,SlidingWindow(N=32),1.0684538492287428,55.20072000083488,1.0
619,SlidingWindow(N=32),0.6953914534242926,56.53699566741749,1.0
620,SlidingWindow(N=32),-0.5629824335850838,54.24644782043173,1.0
621,SlidingWindow(N=32),1.0534691113120558,55.949094686942,1.0
622,SlidingWindow(N=32),11.51291546492478,66.96621839002864,1.0
623,SlidingWindow(N=32),11.51291546492478,78.65275764084224,1.0
624,SlidingWindow(N=32),11.51291546492478,89.10041576327401,1.0
625,SlidingWindow(N=32),-0.21427491174483135,88.03837327279096,1.0
626,SlidingWindow(N=32),-0.8324913085274098,84.8767399270497,1.0
627,SlidingWindow(N=32),0.2503551926452489,85.33991442887206,1.0
628,SlidingWindow(N=32),0.475638631919523,85.73936615262852,1.0
629,SlidingWindow(N=32),2.560225185591988,89.11673232769546,1.0
630,SlidingWindow(N=32),-2.2863400191667043,86.96374147110146,1.0
631,SlidingWindow(N=32),11.51291546492478,97.56572832395263,1.0
632,SlidingWindow(N=32),0.21117177907277676,96.21171176906034,1.0
633,SlidingWindow(N=32),-0.11237539330484121,96.83775335963497,1.0
634,SlidingWindow(N=32),-0.8646502703875482,94.15047000809456,1.0
635,SlidingWindow(N=32),-2.1584633590292652,80.47909118414051,1.0
636,SlidingWindow(N=32),1.7108860616849213,81.22543422492186,1.0
637,SlidingWindow(N=32),0.4980262904894509,70.21054505048653,1.0
638,SlidingWindow(N=32),-1.3068661085258864,69.44507346528418,1.0
639,SlidingWindow(N=32),-1.3160491174814746,69.35661389942901,1.0
640,SlidingWindow(N=32),-0.002941641269382742,71.9972826181751,1.0
641,SlidingWindow(N=32),11.51291546492478,71.99728261817513,1.0
642,SlidingWindow(N=32),0.08854819028976599,70.72244335006214,1.0
643,SlidingWindow(N=32),-1.7420154638934189,68.6439915861065,1.0
644,SlidingWindow(N=32),0.10520525139738042,67.9770246786448,1.0
645,SlidingWindow(N=32),0.0727638037418933,69.08356147072563,1.0
646,SlidingWindow(N=32),-11.512915464920228,46.057730540880634,1.0
647,SlidingWindow(N=32),0.3380284892053391,45.82574525101028,1.0
648,SlidingWindow(N=32),0.12303352827704434,45.40445166951585,1.0
649,SlidingWindow(N=32),1.4426320555676166,45.346040706635875,1.0
650,SlidingWindow(N=32),11.51291546492478,55.79050232233192,1.0
651,SlidingWindow(N=32),2.7160913852710062,57.81120225417863,1.0
652,SlidingWindow(N=32),0.07737214694304086,58.45155683470676,1.0
653,SlidingWindow(N=32),-1.0045782916829,56.3935094317118,1.0
654,SlidingWindow(N=32),11.51291546492478,56.393509431711784,1.0
655,SlidingWindow(N=32),0.4800747689152146,45.36066873570222,1.0
656,SlidingWindow(N=32),0.42290753451817187,34.270660805295606,0.9999999999999987
657,SlidingWindow(N=32),0.3753971512794333,34.86033286831988,0.9999999999999993
658,SlidingWindow(N=32),0.6607347842961145,36.353558961143406,0.9999999999999998
659,SlidingWindow(N=32),0.2277468358851164,36.33095060438327,0.9999999999999998
660,SlidingWindow(N=32),-0.29041856736856714,35.56489340509518,0.9999999999999996
661,SlidingWindow(N=32),-0.25764658439975924,32.74702163510344,0.999999999999994
662,SlidingWindow(N=32),0.3646848075867448,35.398046461856886,0.9999999999999996
663,SlidingWindow(N=32),-0.25345792928986977,23.631673067642225,0.9999999999454374
664,SlidingWindow(N=32),-0.46354045976481856,22.956960828804633,0.9999999998928681
665,SlidingWindow(N=32),0.540501485398218,23.60983770750769,0.9999999999442328
666,SlidingWindow(N=32),0.0940967068547146,24.568584684749954,0.9999999999786204
667,SlidingWindow(N=32),11.51291546492478,38.239963508703994,1.0
668,SlidingWindow(N=32),-11.512915464920228,25.01616198209885,0.9999999999863347
669,SlidingWindow(N=32),2.548193455358584,27.06632914696798,0.9999999999982412
670,SlidingWindow(N=32),3.6164487407261294,31.989643996219996,0.9999999999999871
671,SlidingWindow(N=32),-11.512915464920228,21.792777648781247,0.9999999996568241
672,SlidingWindow(N=32),-0.011225230765287189,21.78449405928534,0.9999999996539695
673,SlidingWindow(N=32),-0.04573701053321999,10.225841583827338,0.9999637792284966
674,SlidingWindow(N=32),-1.5316904213393692,8.605602972198204,0.9998169563726252
675,SlidingWindow(N=32),-0.5465939729706997,9.801024463120921,0.9999446082480137
676,SlidingWindow(N=32),-1.0107799227740883,8.685039288949454,0.9998309317995424
677,SlidingWindow(N=32),11.51291546492478,20.125190950132342,0.9999999981813856
678,SlidingWindow(N=32),1.9991091998374086,33.637215614889975,0.9999999999999976
679,SlidingWindow(N=32),3.969469543047771,37.26865666873241,1.0
680,SlidingWindow(N=32),1.4928230521162231,38.638446192571585,1.0
681,SlidingWindow(N=32),-1.0393031776469959,36.15651095935698,0.9999999999999998
682,SlidingWindow(N=32),-0.2304386625645414,24.413156831867653,0.9999999999750253
683,SlidingWindow(N=32),1.0816831324914526,22.7787485790881,0.9999999998719691
684,SlidingWindow(N=32),-1.1894257406442448,21.51195069150081,0.999999999545558
685,SlidingWindow(N=32),1.4755502354367238,23.99207921862044,0.9999999999619484
686,SlidingWindow(N=32),0.11172559623145137,12.590889349927114,0.9999965971347232
687,SlidingWindow(N=32),-0.04979525573366193,12.061019325278238,0.9999942195273529
688,SlidingWindow(N=32),1.4715179048238987,13.109629695583964,0.9999979743739025
689,SlidingWindow(N=32),1.0113230552673445,13.745555599571876,0.9999989275412753
690,SlidingWindow(N=32),-0.033162437840443086,13.051658377435318,0.9999978534754753
691,SlidingWindow(N=32),2.8990396103568568,15.722951151907058,0.9999998515401521
692,SlidingWindow(N=32),-0.9659874943004236,15.047382224975204,0.9999997082540703
693,SlidingWindow(N=32),1.2937467013359323,16.598775510710894,0.9999999381637188
694,SlidingWindow(N=32),1.253646082895414,17.487736786019564,0.999999974580184
695,SlidingWindow(N=32),0.028546211157986313,17.76974092646742,0.999999980826581
696,SlidingWindow(N=32),0.837032729115948,19.070314115348186,0.9999999947776279
697,SlidingWindow(N=32),-1.2386794679698372,17.29113316198013,0.999999969057438
698,SlidingWindow(N=32),1.9662532512958948,19.163289706421313,0.9999999952412923
699,SlidingWindow(N=32),0.17859060020483422,7.828964841701363,0.9996021210719366
700,SlidingWindow(N=32),-0.22825348257895742,19.11362682404264,0.9999999949989944
701,SlidingWindow(N=32),2.372457161800694,18.937890530484747,0.999999994038183
702,SlidingWindow(N=32),-0.4527930758026674,14.86864871395595,0.9999996511588105
703,SlidingWindow(N=32),-1.5336408450155332,24.84792333386065,0.9999999999838309
704,SlidingWindow(N=32),-1.8745923076460451,22.98455625697989,0.999999999895784
705,SlidingWindow(N=32),1.276204380634694,24.3064976481478,0.9999999999722142
706,SlidingWindow(N=32),-1.2898913930013933,24.548296676485776,0.9999999999781823
707,SlidingWindow(N=32),11.51291546492478,36.607806114381255,0.9999999999999998
708,SlidingWindow(N=32),-11.512915464920228,26.10567057223512,0.9999999999954032
709,SlidingWindow(N=32),11.51291546492478,26.105670572235116,0.9999999999954032
710,SlidingWindow(N=32),0.6780585138843507,24.784619886282055,0.9999999999827742
711,SlidingWindow(N=32),0.2858754097607697,21.101025752995056,0.9999999993146049
712,SlidingWindow(N=32),-0.2552802712576009,19.352922429621234,0.9999999960632977
713,SlidingWindow(N=32),0.9431764280194278,21.335402035287657,0.9999999994578086
714,SlidingWindow(N=32),0.3586334443775176,21.924474142229716,0.9999999996991695
715,SlidingWindow(N=32),2.602005902432919,23.44479691217118,0.999999999934226
716,SlidingWindow(N=32),0.5505720232823224,25.184794676097745,0.9999999999884552
717,SlidingWindow(N=32),0.5975279138465398,24.306772354507565,0.9999999999722218
718,SlidingWindow(N=32),-0.03633865288760666,24.158708105388506,0.9999999999677889
719,SlidingWindow(N=32),0.3347567402008647,24.543260101323032,0.999999999978072
720,SlidingWindow(N=32),0.81108437864321,23.882826575142342,0.9999999999575557
721,SlidingWindow(N=32),-2.3514639250442495,20.52003959483075,0.9999999987746504
722,SlidingWindow(N=32),-1.414378481034369,19.138823551636822,0.9999999951234291
723,SlidingWindow(N=32),1.5366638807896285,17.776447822069592,0.9999999809547447
724,SlidingWindow(N=32),0.6245806663884453,19.367015982758463,0.9999999961183905
725,SlidingWindow(N=32),0.17970203025150788,18.252971311674038,0.9999999881740708
726,SlidingWindow(N=32),0.42856176906100485,17.42788699783963,0.9999999730123647
727,SlidingWindow(N=32),0.867736591480626,18.26707737816227,0.9999999883397169
728,SlidingWindow(N=32),-0.24899005777338654,17.181054591272932,0.9999999654567829
729,SlidingWindow(N=32),-0.5472245139236543,17.872509545319115,0.9999999826991389
730,SlidingWindow(N=32),0.6577446633350376,16.56400095735826,0.9999999359755646
731,SlidingWindow(N=32),-0.8165891558937073,15.568821201259718,0.9999998268004389
732,SlidingWindow(N=32),0.9567759212601784,16.753850605098854,0.9999999470464466
733,SlidingWindow(N=32),-2.323135616131754,12.058257827166408,0.9999942035426204
734,SlidingWindow(N=32),2.2984271351407806,14.809478038109855,0.9999996298947484
735,SlidingWindow(N=32),1.0552368253773206,17.39835570850271,0.9999999722035003
736,SlidingWindow(N=32),0.7391452619628275,20.01209327811158,0.9999999979636223
737,SlidingWindow(N=32),2.140814430400949,20.87670332787783,0.9999999991422457
738,SlidingWindow(N=32),11.51291546492478,33.679510185804006,0.9999999999999976
739,SlidingWindow(N=32),2.246070203864946,24.412664924744178,0.9999999999750129
740,SlidingWindow(N=32),-2.9931184067823158,32.93246198288208,0.9999999999999951
741,SlidingWindow(N=32),-1.288381350926767,20.131165167030545,0.9999999981922181
742,SlidingWindow(N=32),-0.3534154599851704,19.09969119316102,0.9999999949288143
743,SlidingWindow(N=32),0.43818855476032337,19.252004338160578,0.9999999956452748
744,SlidingWindow(N=32),1.1270696397232294,20.634354249141403,0.9999999989070161
745,SlidingWindow(N=32),-0.4798952697720088,19.211282551349967,0.9999999954642824
746,SlidingWindow(N=32),0.6456522053731685,19.498301312345617,0.9999999965959547
747,SlidingWindow(N=32),-0.5177217438998803,16.37857366601282,0.9999999229316959
748,SlidingWindow(N=32),-0.3369742316094227,15.491027411121076,0.9999998127886414
749,SlidingWindow(N=32),-1.5299454246911786,13.363554072583359,0.9999984286189002
750,SlidingWindow(N=32),-0.7398816409608406,12.660011084510126,0.9999968244009306
751,SlidingWindow(N=32),-1.4210653904231783,10.90418895388608,0.9999816192628326
752,SlidingWindow(N=32),-0.8130637010581145,9.280040874184758,0.9999067413868183
753,SlidingWindow(N=32),2.3904028476372523,14.02190764686626,0.9999991864906855
754,SlidingWindow(N=32),-0.7760105813932738,14.660275546507352,0.9999995703418637
755,SlidingWindow(N=32),11.51291546492478,24.636527130642506,0.9999999999800246
756,SlidingWindow(N=32),1.0879493291591917,25.09989579341325,0.9999999999874323
757,SlidingWindow(N=32),0.6430865115638363,25.56328027472558,0.999999999992093
758,SlidingWindow(N=32),-0.6522056742694171,24.48251283139516,0.9999999999766986
759,SlidingWindow(N=32),1.4506143420873627,25.065390582001896,0.9999999999869911
760,SlidingWindow(N=32),-0.2928403208595816,25.021540318915697,0.999999999986408
761,SlidingWindow(N=32),0.5606500864433153,26.129414919282667,0.9999999999955111
762,SlidingWindow(N=32),11.51291546492478,36.98458572087241,1.0
763,SlidingWindow(N=32),0.2866754342559728,38.08785031102209,1.0
764,SlidingWindow(N=32),2.8396651854378834,39.970739575199794,1.0
765,SlidingWindow(N=32),-0.4513195693328789,41.84255562199866,1.0
766,SlidingWindow(N=32),0.3619130596864885,39.90604154654437,1.0
767,SlidingWindow(N=32),11.51291546492478,50.36372018609183,1.0
768,SlidingWindow(N=32),-0.35607560290600043,49.268499321223004,1.0
769,SlidingWindow(N=32),11.51291546492478,58.640600355746834,1.0
770,SlidingWindow(N=32),1.4651925715602179,48.592877462382276,1.0
771,SlidingWindow(N=32),-0.27671236480871503,46.070094893708614,1.0
772,SlidingWindow(N=32),1.3232524573574256,50.386465757848356,1.0
773,SlidingWindow(N=32),2.1089116860221444,53.78375879479727,1.0
774,SlidingWindow(N=32),1.3042119188600085,55.44138617364245,1.0
775,SlidingWindow(N=32),-1.9104297111483721,53.09276790773375,1.0
776,SlidingWindow(N=32),-0.48166580337089454,51.484032464639625,1.0
777,SlidingWindow(N=32),0.10306878364972809,52.06699651806136,1.0
778,SlidingWindow(N=32),0.3132156546475371,51.73455996733573,1.0
779,SlidingWindow(N=32),1.3021799072636606,53.55446161849927,1.0
780,SlidingWindow(N=32),0.633622065501248,54.52505791560994,1.0
781,SlidingWindow(N=32),-1.390069308406143,54.66493403189498,1.0
782,SlidingWindow(N=32),0.9151818362981639,56.319997509153986,1.0
783,SlidingWindow(N=32),1.2842698549121045,59.02533275448927,1.0
784,SlidingWindow(N=32),1.1966995660574686,61.03509602160485,1.0
785,SlidingWindow(N=32),2.5013187515168096,61.146011925484416,1.0
786,SlidingWindow(N=32),1.7359871894461025,63.65800969632379,1.0
787,SlidingWindow(N=32),1.0343275640126035,53.17942179541161,1.0
788,SlidingWindow(N=32),0.318465702141536,52.40993816839396,1.0
789,SlidingWindow(N=32),-2.1783485045640893,49.58850315226603,1.0
790,SlidingWindow(N=32),0.9889752409562911,51.22968406749174,1.0
791,SlidingWindow(N=32),0.6735888936380143,50.45265861904239,1.0
792,SlidingWindow(N=32),0.7605523878721483,51.50605132777412,1.0
793,SlidingWindow(N=32),-1.2833799696486172,49.662021271682185,1.0
794,SlidingWindow(N=32),-0.965977297271335,37.183128509486075,1.0
795,SlidingWindow(N=32),2.3884960911301873,39.284949166360285,1.0
796,SlidingWindow(N=32),0.35625450468222514,36.80153848560462,1.0
797,SlidingWindow(N=32),1.4143440428275618,38.667202097765056,1.0
798,SlidingWindow(N=32),0.4409925614425469,38.74628159952112,1.0
799,SlidingWindow(N=32),0.4428034844370991,27.67616961903345,0.9999999999990441
800,SlidingWindow(N=32),2.0065698076708043,30.03881502961025,0.9999999999999101
801,SlidingWindow(N=32),-0.22013839563975837,18.305761169045713,0.9999999887821679
802,SlidingWindow(N=32),0.5272274765676986,17.367796074053192,0.9999999713409368
803,SlidingWindow(N=32),-0.15504016596616121,17.48946827289575,0.9999999746241601
804,SlidingWindow(N=32),-0.12154488568869005,16.044670929849634,0.9999998923812596
805,SlidingWindow(N=32),0.02899548313399769,13.964754726961484,0.9999991386419699
806,SlidingWindow(N=32),0.6930277746416584,13.353570582743131,0.999998412852487
807,SlidingWindow(N=32),-0.17494316425050147,15.089057129641002,0.9999997201626819
808,SlidingWindow(N=32),3.736906154697909,19.307629087709806,0.9999999958808916
809,SlidingWindow(N=32),-0.7008770225420637,18.503683281518015,0.9999999907965119
810,SlidingWindow(N=32),0.17620854736958963,18.36667617424007,0.9999999894451058
811,SlidingWindow(N=32),-0.12785113937140766,16.936645127605,0.9999999558929045
812,SlidingWindow(N=32),11.51291546492478,27.81593852702853,0.9999999999991689
813,SlidingWindow(N=32),0.6586916873420372,29.864699522776714,0.999999999999893
814,SlidingWindow(N=32),2.30819362465354,31.257711311132088,0.9999999999999734
815,SlidingWindow(N=32),-1.701021578990261,28.272419877229723,0.9999999999994735
816,SlidingWindow(N=32),0.754300711932822,27.830021023105076,0.9999999999991804
817,SlidingWindow(N=32),1.8737296427701982,27.20243191435846,0.999999999998465
818,SlidingWindow(N=32),0.5094826886421627,25.975927413554523,0.9999999999947664
819,SlidingWindow(N=32),2.437521398550577,27.379121248092495,0.9999999999987135
820,SlidingWindow(N=32),-0.22164914198825802,26.839006403962703,0.9999999999977922
821,SlidingWindow(N=32),11.51291546492478,40.53027037345157,1.0
822,SlidingWindow(N=32),11.51291546492478,51.05421059742006,1.0
823,SlidingWindow(N=32),-0.03540997201073764,50.34521173177131,1.0
824,SlidingWindow(N=32),-0.1348068076348774,49.449852536264274,1.0
825,SlidingWindow(N=32),11.51291546492478,62.246147970837676,1.0
826,SlidingWindow(N=32),11.51291546492478,74.7250407330338,1.0
827,SlidingWindow(N=32),-0.22842004282937828,72.10812459907422,1.0
828,SlidingWindow(N=32),-0.10431868070006994,71.64755141369193,1.0
829,SlidingWindow(N=32),0.06187820566265396,70.29508557652701,1.0
830,SlidingWindow(N=32),-1.407271009276745,68.44682200580772,1.0
831,SlidingWindow(N=32),-0.7336037132781585,67.27041480809247,1.0
832,SlidingWindow(N=32),-0.8532202654081991,64.41062473501347,1.0
833,SlidingWindow(N=32),-0.5336725571912153,64.09709057346201,1.0
834,SlidingWindow(N=32),0.3622894567660382,63.93215255366034,1.0
835,SlidingWindow(N=32),0.7093812296206784,64.79657394924719,1.0
836,SlidingWindow(N=32),11.51291546492478,76.43103429986066,1.0
837,SlidingWindow(N=32),-0.8449475942009385,75.55709122252573,1.0
838,SlidingWindow(N=32),2.146024744193052,77.01008819207712,1.0
839,SlidingWindow(N=32),0.143458919188583,77.3284902755162,1.0
840,SlidingWindow(N=32),0.3439960648175153,73.93558018563583,1.0
841,SlidingWindow(N=32),1.4016516372912051,76.0381088454691,1.0
842,SlidingWindow(N=32),-1.029487920350674,74.83241237774882,1.0
843,SlidingWindow(N=32),0.9184340435150028,75.87869756063525,1.0
844,SlidingWindow(N=32),0.6187564180439961,64.98453851375444,1.0
845,SlidingWindow(N=32),1.0865705251725788,65.41241735158498,1.0
846,SlidingWindow(N=32),0.7849714885458733,63.88919521547731,1.0
847,SlidingWindow(N=32),11.51291546492478,77.10313225939235,1.0
848,SlidingWindow(N=32),-0.3694331288331692,75.97939841862637,1.0
849,SlidingWindow(N=32),-0.2383179238523474,73.86735085200381,1.0
850,SlidingWindow(N=32),-0.35133863991979436,73.00652952344186,1.0
851,SlidingWindow(N=32),-0.2681681599365166,70.30083996495476,1.0
852,SlidingWindow(N=32),-0.3689951054850519,70.15349400145796,1.0
853,SlidingWindow(N=32),3.0954569522446396,61.736035488777816,1.0
854,SlidingWindow(N=32),11.51291546492478,61.73603548877782,1.0
855,SlidingWindow(N=32),-0.28684633213935135,61.48459912864921,1.0
856,SlidingWindow(N=32),-0.6177501033963346,61.00165583288775,1.0
857,SlidingWindow(N=32),1.0533864854730057,50.54212685343599,1.0
858,SlidingWindow(N=32),-0.26419369189366254,38.765017696617555,1.0
859,SlidingWindow(N=32),1.3241994996075295,40.31763723905447,1.0
860,SlidingWindow(N=32),0.6672044491293934,41.08916036888393,1.0
861,SlidingWindow(N=32),-1.7721370634870264,39.25514509973424,1.0
862,SlidingWindow(N=32),11.51291546492478,52.17533157393577,1.0
863,SlidingWindow(N=32),11.51291546492478,64.42185075213871,1.0
864,SlidingWindow(N=32),-0.3385432069643316,64.93652781058258,1.0
865,SlidingWindow(N=32),-0.06526502855564015,65.40493533921814,1.0
866,SlidingWindow(N=32),0.7803689108107986,65.8230147932629,1.0
867,SlidingWindow(N=32),0.8489033141394023,65.96253687778163,1.0
868,SlidingWindow(N=32),1.3711338467504304,55.82075525960728,1.0
869,SlidingWindow(N=32),11.51291546492478,68.17861831873299,1.0
870,SlidingWindow(N=32),0.18821700800292798,66.22081058254287,1.0
871,SlidingWindow(N=32),-0.5731477024682705,65.50420396088602,1.0
872,SlidingWindow(N=32),-1.4748653450937403,63.68534255097476,1.0
873,SlidingWindow(N=32),-0.48648912552768325,61.797201788155874,1.0
874,SlidingWindow(N=32),0.36422130760312516,63.190911016109666,1.0
875,SlidingWindow(N=32),11.51291546492478,73.78539243751945,1.0
876,SlidingWindow(N=32),-0.22204134702759798,72.94459467244786,1.0
877,SlidingWindow(N=32),0.6952616609684451,72.55328580824373,1.0
878,SlidingWindow(N=32),0.38497782754466053,72.15329214724251,1.0
879,SlidingWindow(N=32),3.090952116002686,63.731328798320426,1.0
880,SlidingWindow(N=32),11.51291546492478,75.61367739207837,1.0
881,SlidingWindow(N=32),-0.23816191239394166,75.61383340353677,1.0
882,SlidingWindow(N=32),-0.1878780328918282,75.77729401056473,1.0
883,SlidingWindow(N=32),2.3539573235177254,78.39941949401897,1.0
884,SlidingWindow(N=32),1.4150894769136133,80.18350407641763,1.0
885,SlidingWindow(N=32),11.51291546492478,88.60096258909776,1.0
886,SlidingWindow(N=32),1.2377863166183485,78.32583344079136,1.0
887,SlidingWindow(N=32),-0.031153028230123433,78.58152674470058,1.0
888,SlidingWindow(N=32),1.2494027037395818,80.44867955183649,1.0
889,SlidingWindow(N=32),2.6275075596675572,82.02280062603106,1.0
890,SlidingWindow(N=32),1.704677484269017,83.99167180219374,1.0
891,SlidingWindow(N=32),1.1102848331634347,83.77775713574964,1.0
892,SlidingWindow(N=32),2.442379737948074,85.55293242456833,1.0
893,SlidingWindow(N=32),2.9611680900578174,90.28623757811314,1.0
894,SlidingWindow(N=32),11.51291546492478,90.28623757811316,1.0
895,SlidingWindow(N=32),1.3529589926946946,80.12628110588308,1.0
896,SlidingWindow(N=32),0.2001235423569018,80.66494785520432,1.0
897,SlidingWindow(N=32),0.5928295228143451,81.32304240657429,1.0
898,SlidingWindow(N=32),3.230134884008033,83.77280837977153,1.0
899,SlidingWindow(N=32),-0.5974849912200354,82.3264200744121,1.0
900,SlidingWindow(N=32),0.8983095590992655,81.85359578676093,1.0
901,SlidingWindow(N=32),-0.07203771153448482,70.26864261030167,1.0
902,SlidingWindow(N=32),0.44152961464436613,70.52195521694311,1.0
903,SlidingWindow(N=32),4.0899508148445225,75.1850537342559,1.0
904,SlidingWindow(N=32),0.6514170492858059,77.31133612863546,1.0
905,SlidingWindow(N=32),0.4638662840148105,78.26169153817796,1.0
906,SlidingWindow(N=32),-1.4367885176045834,76.46068171297024,1.0
907,SlidingWindow(N=32),1.5428322218209767,66.49059846986644,1.0
908,SlidingWindow(N=32),1.3470398244328294,68.05967964132687,1.0
909,SlidingWindow(N=32),11.51291546492478,78.87733344528318,1.0
910,SlidingWindow(N=32),0.030668521624501913,78.52302413936303,1.0
911,SlidingWindow(N=32),0.6890029813431803,76.12107500470353,1.0
912,SlidingWindow(N=32),0.7300448070920471,65.33820434687078,1.0
913,SlidingWindow(N=32),11.51291546492478,77.0892817241895,1.0
914,SlidingWindow(N=32),0.2876117122980149,77.56477146937934,1.0
915,SlidingWindow(N=32),0.7708579565171492,75.98167210237878,1.0
916,SlidingWindow(N=32),1.279525251653346,75.8461078771185,1.0
917,SlidingWindow(N=32),0.6454426335599799,64.9786350457537,1.0
918,SlidingWindow(N=32),-0.13592924581032143,63.60491948332504,1.0
919,SlidingWindow(N=32),0.6554030731658976,64.29147558472107,1.0
920,SlidingWindow(N=32),2.4710819058532056,65.51315478683469,1.0
921,SlidingWindow(N=32),-0.8854706484882267,62.0001765786789,1.0
922,SlidingWindow(N=32),0.5748906617171817,60.87038975612706,1.0
923,SlidingWindow(N=32),-0.4474645723490133,59.312640350614615,1.0
924,SlidingWindow(N=32),3.1400278628734277,60.010288475539966,1.0
925,SlidingWindow(N=32),-1.7902348829013985,55.25888550258075,1.0
926,SlidingWindow(N=32),-0.2723777843933686,43.47359225326261,1.0
927,SlidingWindow(N=32),0.9107986455001007,43.031431906068015,1.0
928,SlidingWindow(N=32),11.51291546492478,54.34422382863589,1.0
929,SlidingWindow(N=32),0.32390207260453224,54.07529637842608,1.0
930,SlidingWindow(N=32),-0.2678290318121646,50.57733246260588,1.0
931,SlidingWindow(N=32),11.51291546492478,62.68773291875069,1.0
932,SlidingWindow(N=32),-1.617167841706195,60.17225551794523,1.0
933,SlidingWindow(N=32),-11.512915464920228,48.7313777645595,1.0
934,SlidingWindow(N=32),1.0048156311495826,49.29466378106471,1.0
935,SlidingWindow(N=32),-0.20316097569721983,45.00155199052296,1.0
936,SlidingWindow(N=32),-0.8778179615392346,43.472316979697915,1.0
937,SlidingWindow(N=32),1.4663825861739581,44.47483328185707,1.0
938,SlidingWindow(N=32),0.7224223603448293,46.634044159806486,1.0
939,SlidingWindow(N=32),-0.2786841211179557,44.812527816867544,1.0
940,SlidingWindow(N=32),-1.289669950293071,42.17581804214164,1.0
941,SlidingWindow(N=32),1.8297941170556153,32.49269669427248,0.9999999999999922
942,SlidingWindow(N=32),1.3557024989602022,33.81773067160819,0.999999999999998
943,SlidingWindow(N=32),0.28285995812392317,33.41158764838893,0.9999999999999969
944,SlidingWindow(N=32),11.51291546492478,44.19445830622166,1.0
945,SlidingWindow(N=32),-0.9495537758989776,31.731989065397904,0.9999999999999833
946,SlidingWindow(N=32),-1.7959691303740684,29.64840822272582,0.999999999999867
947,SlidingWindow(N=32),-0.43711937138668533,28.440430894821986,0.9999999999995548
948,SlidingWindow(N=32),0.3487902834247959,27.509695926593437,0.9999999999988709
949,SlidingWindow(N=32),0.7217934960543161,27.58604678908778,0.999999999998954
950,SlidingWindow(N=32),0.11062942424068721,27.832605459138794,0.9999999999991827
951,SlidingWindow(N=32),0.8741891223459618,28.051391508318854,0.9999999999993432
952,SlidingWindow(N=32),-1.239413030792558,24.340896571673092,0.9999999999731537
953,SlidingWindow(N=32),11.51291546492478,36.739282685086096,1.0
954,SlidingWindow(N=32),0.30373226890393107,36.46812429227284,0.9999999999999998
955,SlidingWindow(N=32),2.6692691725343263,39.58485803715619,1.0
956,SlidingWindow(N=32),0.8607513257126749,37.305581499995434,1.0
957,SlidingWindow(N=32),1.0305678250149963,40.12638420791183,1.0
958,SlidingWindow(N=32),1.2135709868762383,41.61233297918143,1.0
959,SlidingWindow(N=32),1.0166142297788408,41.718148563460176,1.0
960,SlidingWindow(N=32),1.3419889177120052,31.547222016247392,0.99999999999998
961,SlidingWindow(N=32),6.67996967372588,37.90328961736874,1.0
962,SlidingWindow(N=32),0.6586468246810986,38.829765473862004,1.0
963,SlidingWindow(N=32),1.4676578339635469,28.784507842900776,0.9999999999996845
964,SlidingWindow(N=32),0.2944257859904214,30.696101470597394,0.9999999999999534
965,SlidingWindow(N=32),11.51291546492478,53.7219324004424,1.0
966,SlidingWindow(N=32),-0.4176370999892521,52.299479669303565,1.0
967,SlidingWindow(N=32),11.51291546492478,64.01555610992557,1.0
968,SlidingWindow(N=32),0.355508002246686,65.24888207371148,1.0
969,SlidingWindow(N=32),-1.5801978083222017,62.20230167921533,1.0
970,SlidingWindow(N=32),0.5685621147384459,62.04844143360895,1.0
971,SlidingWindow(N=32),-0.42347922448333986,61.90364633024357,1.0
972,SlidingWindow(N=32),1.7519061719341638,64.94522245247079,1.0
973,SlidingWindow(N=32),-0.38794205858617664,62.72748627682901,1.0
974,SlidingWindow(N=32),-0.13562764239291178,61.236156135475895,1.0
975,SlidingWindow(N=32),-3.3733819598199726,57.579914217532,1.0
976,SlidingWindow(N=32),-0.14301082489095773,45.92398792771626,1.0
977,SlidingWindow(N=32),-11.512915464920228,35.36062623869501,0.9999999999999996
978,SlidingWindow(N=32),-1.94747309501882,35.20912227405026,0.9999999999999996
979,SlidingWindow(N=32),1.5723924031440561,37.218634048581,1.0
980,SlidingWindow(N=32),1.6268673683213861,38.49671113347759,1.0
981,SlidingWindow(N=32),0.9826679170790692,38.75758555450234,1.0
982,SlidingWindow(N=32),-0.8005533842520604,37.846402746009595,1.0
983,SlidingWindow(N=32),0.3461621137560944,37.31837573741972,1.0
984,SlidingWindow(N=32),0.40096395359008874,38.95875272180237,1.0
985,SlidingWindow(N=32),-1.0853728959417224,26.36046436093586,0.9999999999964371
986,SlidingWindow(N=32),11.51291546492478,37.56964755695671,1.0
987,SlidingWindow(N=32),1.8421999773621178,36.74257836178451,1.0
988,SlidingWindow(N=32),0.1350478671837706,36.016874903255605,0.9999999999999998
989,SlidingWindow(N=32),0.43918892856255365,35.42549600680316,0.9999999999999996
990,SlidingWindow(N=32),0.6745214292976246,34.88644644922455,0.9999999999999993
991,SlidingWindow(N=32),-11.512915464920228,22.35691675452547,0.9999999998047844
992,SlidingWindow(N=32),0.1034793801530076,21.118407216966478,0.9999999993264153
993,SlidingWindow(N=32),-0.4246494041286276,14.013788139111973,0.9999991798585072
994,SlidingWindow(N=32),-0.8496132329642684,12.505528081466606,0.9999962939049676
995,SlidingWindow(N=32),0.06270018163345342,11.100570429136509,0.9999848965223502
996,SlidingWindow(N=32),11.51291546492478,22.319060108070868,0.9999999997972526
997,SlidingWindow(N=32),1.3385589315995285,12.144703574745614,0.999994683571907
998,SlidingWindow(N=32),-0.28737634160999653,12.27496433312487,0.9999953328829001
999,SlidingWindow(N=32),1.2183601321854685,1.980409000385562,0.878724755033235
0,BayesianAccumulator(p_switch=0.01),1.093361822300096,1.093361822300096,0.7490142459033697
1,BayesianAccumulator(p_switch=0.01),0.2351605871885146,1.302202491884863,0.786205425458644
2,BayesianAccumulator(p_switch=0.01),1.3510825861560942,2.619556043244259,0.9321096176609341
3,BayesianAccumulator(p_switch=0.01),11.51291546492478,14.003334527687905,0.9999991712401056
4,BayesianAccumulator(p_switch=0.01),0.11915673597567286,4.714194550549735,0.9911126083096676
5,BayesianAccumulator(p_switch=0.01),0.11917650733055411,4.079005797683087,0.9833573809492225
6,BayesianAccumulator(p_switch=0.01),11.51291546492478,15.124068455875271,0.9999997297906278
7,BayesianAccumulator(p_switch=0.01),1.5872611619387442,6.182354264425449,0.9979386984871806
8,BayesianAccumulator(p_switch=0.01),-0.16373407863388326,4.245350090758537,0.9858717521543647
9,BayesianAccumulator(p_switch=0.01),1.167915429123424,4.879932924837644,0.9924597635091893
10,BayesianAccumulator(p_switch=0.01),-0.15641937935367184,3.8779308440669187,0.9797259439921696
11,BayesianAccumulator(p_switch=0.01),-0.15921116361118412,3.3214134679146765,0.965156157305731
12,BayesianAccumulator(p_switch=0.01),0.7199167358457066,3.794996706319631,0.9780113896162286
13,BayesianAccumulator(p_switch=0.01),-3.6226860396377574,-0.1985247481393908,0.45053117875262055
14,BayesianAccumulator(p_switch=0.01),-2.4085286732413422,-2.6030575787606542,0.0689418988239345
15,BayesianAccumulator(p_switch=0.01),-0.27649312832750483,-2.752420849414731,0.059950075204335464
16,BayesianAccumulator(p_switch=0.01),-0.8656959975445164,-3.471730260388018,0.030127382631501207
17,BayesianAccumulator(p_switch=0.01),0.8201783604936758,-2.370320557098626,0.08546408137133829
18,BayesianAccumulator(p_switch=0.01),-0.7190928385282216,-2.9877198876055626,0.04798374106678299
19,BayesianAccumulator(p_switch=0.01),-1.5415580823392778,-4.347125450148744,0.012778561945428384
20,BayesianAccumulator(p_switch=0.01),11.51291546492478,7.742477289943607,0.9995661931594987
21,BayesianAccumulator(p_switch=0.01),0.1292480641024535,4.682304184917957,0.990827260151172
22,BayesianAccumulator(p_switch=0.01),0.4906454046978576,4.43535391122829,0.988287927254302
23,BayesianAccumulator(p_switch=0.01),-1.5674827334515828,2.2515394085097746,0.904783238624387
24,BayesianAccumulator(p_switch=0.01),-0.25462612048669714,1.9063237189916413,0.8706055731909086
25,BayesianAccumulator(p_switch=0.01),0.5463001698811727,2.388371210898578,0.9159362410906968
26,BayesianAccumulator(p_switch=0.01),-1.073690289822031,1.211195371777032,0.7705103879669186
27,BayesianAccumulator(p_switch=0.01),0.9085795435433601,2.0894271988184627,0.8898713034463037
28,BayesianAccumulator(p_switch=0.01),-0.3235600057407681,1.6886574590303207,0.8440475210743789
29,BayesianAccumulator(p_switch=0.01),0.04997790051089773,1.687273187884891,0.84386522086718
30,BayesianAccumulator(p_switch=0.01),-0.32487548567991636,1.3111098176981029,0.7876988092786483
31,BayesianAccumulator(p_switch=0.01),11.51291546492478,12.789951567083742,0.9999972113539196
32,BayesianAccumulator(p_switch=0.01),0.3886215958947493,4.983465435567889,0.9931963249288759
33,BayesianAccumulator(p_switch=0.01),-0.931173382352523,3.146307018195013,0.9587629611703185
34,BayesianAccumulator(p_switch=0.01),1.7094387520797427,4.64523149021753,0.9904841165930739
35,BayesianAccumulator(p_switch=0.01),-1.1872735989060132,2.739538065269942,0.9393197726077349
36,BayesianAccumulator(p_switch=0.01),0.6751665920419747,3.2700781472381317,0.9633879282056399
37,BayesianAccumulator(p_switch=0.01),-4.4024627950158335,-1.3676987622648982,0.20299190045582804
38,BayesianAccumulator(p_switch=0.01),-1.3766709913219892,-2.708045704527386,0.0625002634716994
39,BayesianAccumulator(p_switch=0.01),0.6591008179508016,-1.9085400570369762,0.12914495799618148
40,BayesianAccumulator(p_switch=0.01),1.526815963889893,-0.3173269073714915,0.4213273387848332
41,BayesianAccumulator(p_switch=0.01),0.625244930800677,0.3143683587611245,0.5779511682605366
42,BayesianAccumulator(p_switch=0.01),0.2627228696655296,0.5707029485877013,0.6389253610400836
43,BayesianAccumulator(p_switch=0.01),0.038680387281930115,0.5973594845271877,0.6450519658160787
44,BayesianAccumulator(p_switch=0.01),-1.6849326959776998,-1.1002206470190408,0.24969855408244723
45,BayesianAccumulator(p_switch=0.01),-0.4724068307469765,-1.546083127868223,0.17565270633563182
46,BayesianAccumulator(p_switch=0.01),-0.15306467002892413,-1.6549825554182225,0.1604366795299017
47,BayesianAccumulator(p_switch=0.01),2.4040638493045856,0.7986617166396979,0.6896881365827415
48,BayesianAccumulator(p_switch=0.01),0.8620342245734769,1.6430285481147104,0.83794661131956
49,BayesianAccumulator(p_switch=0.01),-2.5700961684477854,-0.9760281224601428,0.2736806014933279
50,BayesianAccumulator(p_switch=0.01),0.8341191192271639,-0.1192538865010424,0.47022181086297327
51,BayesianAccumulator(p_switch=0.01),-0.062118703754302215,-0.17898202432784677,0.45537356273617435
52,BayesianAccumulator(p_switch=0.01),-0.4183009055847059,-0.5936847207453926,0.3557898556021145
53,BayesianAccumulator(p_switch=0.01),1.2861975320065213,0.7050737762418895,0.6693117321380022
54,BayesianAccumulator(p_switch=0.01),2.3051159786759357,2.994929747842442,0.9523445434408576
55,BayesianAccumulator(p_switch=0.01),1.9866100537871694,4.7981763201898495,0.9918226511871943
56,BayesianAccumulator(p_switch=0.01),-0.6268076604567732,3.3716313601991246,0.9668060847888874
57,BayesianAccumulator(p_switch=0.01),0.02894717013859273,3.1430309435135664,0.9586332416498912
58,BayesianAccumulator(p_switch=0.01),0.8443426032190158,3.7774829238510215,0.9776315838280922
59,BayesianAccumulator(p_switch=0.01),2.1182413286294848,5.530289375344248,0.9960508162921645
60,BayesianAccumulator(p_switch=0.01),-0.1754578330210907,4.08858749962366,0.9835134675640378
61,BayesianAccumulator(p_switch=0.01),0.17767516819017284,3.7948162081357957,0.9780075076477517
62,BayesianAccumulator(p_switch=0.01),-1.0042863557543196,2.419750429350171,0.9183210268175052
63,BayesianAccumulator(p_switch=0.01),-1.1464504891485003,1.1666303080807097,0.7625353880818079
64,BayesianAccumulator(p_switch=0.01),1.6864577150497344,2.824307729005433,0.9439753208040953
65,BayesianAccumulator(p_switch=0.01),11.51291546492478,14.18065234936314,0.999999305902255
66,BayesianAccumulator(p_switch=0.01),0.31619622158418176,4.911247365366238,0.9926905239714506
67,BayesianAccumulator(p_switch=0.01),2.2090567769715825,6.2567271757704885,0.9980861585969557
68,BayesianAccumulator(p_switch=0.01),0.8880655440652678,5.309391288721897,0.9950793962299777
69,BayesianAccumulator(p_switch=0.01),-0.37860219999547645,3.818094444371664,0.9785026630636078
70,BayesianAccumulator(p_switch=0.01),0.8877163451181581,4.327752686086233,0.9869747244284865
71,BayesianAccumulator(p_switch=0.01),11.51291546492478,15.272428687435912,0.9999997670469535
72,BayesianAccumulator(p_switch=0.01),0.36087482604525073,4.955971616441854,0.9930079967672003
73,BayesianAccumulator(p_switch=0.01),11.51291546492478,15.579195940795689,0.9999998285880499
74,BayesianAccumulator(p_switch=0.01),-11.512915464920228,-6.917812582696184,0.0009890139848194959
75,BayesianAccumulator(p_switch=0.01),1.7079542389081912,-2.7936767825523177,0.05766682863869067
76,BayesianAccumulator(p_switch=0.01),0.5155820396568971,-2.125939654724395,0.10660107069678167
77,BayesianAccumulator(p_switch=0.01),0.04119700505873351,-2.004685929854495,0.11871180668491009
78,BayesianAccumulator(p_switch=0.01),0.5216274209955609,-1.4121091878878227,0.19590159519748723
79,BayesianAccumulator(p_switch=0.01),-5.587791563779945,-6.961734434137623,0.0009465550404529036
80,BayesianAccumulator(p_switch=0.01),0.13660577384122854,-4.368867846470392,0.012507161473747766
81,BayesianAccumulator(p_switch=0.01),0.8815039110743812,-2.901085538997143,0.052099927092226724
82,BayesianAccumulator(p_switch=0.01),11.51291546492478,8.77998474127597,0.999846243213111
83,BayesianAccumulator(p_switch=0.01),-0.22284187157063606,4.357169995304111,0.9873475345407327
84,BayesianAccumulator(p_switch=0.01),-0.5864407868543062,3.1896255049978413,0.9604419946500964
85,BayesianAccumulator(p_switch=0.01),-0.2028006728827269,2.7679078464007505,0.9409167859542767
86,BayesianAccumulator(p_switch=0.01),1.9424461739465209,4.561825757824698,0.9896649534507274
87,BayesianAccumulator(p_switch=0.01),0.840760362190399,4.726052908971298,0.9912164555433243
88,BayesianAccumulator(p_switch=0.01),-0.23681278396640532,3.728574515634123,0.9765366926934104
89,BayesianAccumulator(p_switch=0.01),1.1199542485924217,4.497831931952229,0.988989473649404
90,BayesianAccumulator(p_switch=0.01),0.5284574497298388,4.380715958440921,0.9876383293484693
91,BayesianAccumulator(p_switch=0.01),2.096817762048256,5.885979749798384,0.9972295735594447
92,BayesianAccumulator(p_switch=0.01),-0.4499019783174888,3.9022729475087914,0.9802038473148474
93,BayesianAccumulator(p_switch=0.01),0.0068054503482797585,3.5037171658245994,0.9707933490101104
94,BayesianAccumulator(p_switch=0.01),-0.07055904283643726,3.143972616808279,0.9586705680985824
95,BayesianAccumulator(p_switch=0.01),-1.6512097490546316,1.2826931497666159,0.7829078613633712
96,BayesianAccumulator(p_switch=0.01),0.7946834999678606,2.044393773668896,0.8853799138831513
97,BayesianAccumulator(p_switch=0.01),0.7460462244786675,2.716616149892133,0.9380000340753946
98,BayesianAccumulator(p_switch=0.01),0.4118610388652322,2.98693472519499,0.9519803789601069
99,BayesianAccumulator(p_switch=0.01),0.11863438391882838,2.923548028937908,0.9489982993800389
100,BayesianAccumulator(p_switch=0.01),-1.5479069350400911,1.2039534846531865,0.7692273396852237
101,BayesianAccumulator(p_switch=0.01),-0.10487039369731217,1.0689938907554877,0.7444055345882318
102,BayesianAccumulator(p_switch=0.01),-0.011257538721650206,1.0322043322801226,0.7373430283853097
103,BayesianAccumulator(p_switch=0.01),-0.5783305728218663,0.4295040507368276,0.6057552341108275
104,BayesianAccumulator(p_switch=0.01),0.20719521606443853,0.6278508615807654,0.6520019920145702
105,BayesianAccumulator(p_switch=0.01),0.9504976927728337,1.5649771664940495,0.8270663843071459
106,BayesianAccumulator(p_switch=0.01),11.51291546492478,13.032824306241434,0.9999978126646576
107,BayesianAccumulator(p_switch=0.01),0.6294879345828027,5.224391283582031,0.9946451922657052
108,BayesianAccumulator(p_switch=0.01),0.7412316123399902,4.9091923066078245,0.9926755972591399
109,BayesianAccumulator(p_switch=0.01),0.31320030015450145,4.360003883513002,0.9873828877012502
110,BayesianAccumulator(p_switch=0.01),-3.6897879434353613,0.08786172624681976,0.5219513119475595
111,BayesianAccumulator(p_switch=0.01),0.37242923825902574,0.45853153572682465,0.6126657578363742
112,BayesianAccumulator(p_switch=0.01),0.481360404498292,0.9304066345337679,0.7171577755416528
113,BayesianAccumulator(p_switch=0.01),11.51291546492478,12.422008921097897,0.9999959710829897
114,BayesianAccumulator(p_switch=0.01),0.169572009471269,4.764293115436393,0.9915432121548781
115,BayesianAccumulator(p_switch=0.01),0.8022903817792333,4.785362639665445,0.9917180684347513
116,BayesianAccumulator(p_switch=0.01),0.3622561279340075,4.354917309234223,0.9873193622122032
117,BayesianAccumulator(p_switch=0.01),-1.101833076254119,2.672973161217572,0.9354128894619816
118,BayesianAccumulator(p_switch=0.01),2.803169250634786,5.340306718242509,0.995228476636572
119,BayesianAccumulator(p_switch=0.01),1.5546193594717985,5.761369950013286,0.9968630735841315
120,BayesianAccumulator(p_switch=0.01),1.6383447697612363,5.962299745165516,0.9974326227431446
121,BayesianAccumulator(p_switch=0.01),-0.7209502598743726,3.6471998044470024,0.9745980652895222
122,BayesianAccumulator(p_switch=0.01),11.51291546492478,14.832841597869804,0.9999996384414914
123,BayesianAccumulator(p_switch=0.01),-1.5201143516538718,3.074969708468128,0.9558483810883817
124,BayesianAccumulator(p_switch=0.01),1.2428351532226163,4.120503801309218,0.9840230741842831
125,BayesianAccumulator(p_switch=0.01),11.51291546492478,15.149846931107366,0.9999997366671972
126,BayesianAccumulator(p_switch=0.01),-0.8338145775846707,3.7612792055953155,0.9772744838519651
127,BayesianAccumulator(p_switch=0.01),-0.28139959105368023,3.119383317707263,0.9576852446433151
128,BayesianAccumulator(p_switch=0.01),0.5317681463297265,3.4457139896690867,0.9691030652769881
129,BayesianAccumulator(p_switch=0.01),-0.2048845033967007,2.9659279752364673,0.951010912836386
130,BayesianAccumulator(p_switch=0.01),-1.8591601728204052,0.9282317873822916,0.7167164158336061
131,BayesianAccumulator(p_switch=0.01),0.4919635801898324,1.3989450809003416,0.8020164354642926
132,BayesianAccumulator(p_switch=0.01),-0.9379783569425223,0.4233537010761813,0.6042854819086345
133,BayesianAccumulator(p_switch=0.01),1.0567957304057976,1.4714350293985734,0.8132754054483347
134,BayesianAccumulator(p_switch=0.01),-0.7346610358545583,0.6960359906624224,0.6673083150875855
135,BayesianAccumulator(p_switch=0.01),11.51291546492478,12.193916801894254,0.9999949388754841
136,BayesianAccumulator(p_switch=0.01),-0.5536240449938881,4.040994927886035,0.98272374321971
137,BayesianAccumulator(p_switch=0.01),0.013526386785265073,3.600713582093845,0.973421474533948
138,BayesianAccumulator(p_switch=0.01),1.6887155325209424,4.974935724540117,0.9931384432398344
139,BayesianAccumulator(p_switch=0.01),-1.2041335060522622,2.8698917328416194,0.9463378501789939
140,BayesianAccumulator(p_switch=0.01),0.700226464638256,3.40676032891157,0.9679151455449556
141,BayesianAccumulator(p_switch=0.01),4.838440111462973,7.979546189617571,0.9996577224244869
142,BayesianAccumulator(p_switch=0.01),-2.0138633151468635,2.547924756050715,0.9274339741369666
143,BayesianAccumulator(p_switch=0.01),0.6428178330827777,3.0701148639492257,0.955643041681703
144,BayesianAccumulator(p_switch=0.01),0.7444346881555982,3.618120178367407,0.9738681278688299
145,BayesianAccumulator(p_switch=0.01),1.6182008932834968,4.917092458382565,0.9927328143354153
146,BayesianAccumulator(p_switch=0.01),-1.2144490665121863,2.8356811413278527,0.9445737857076414
147,BayesianAccumulator(p_switch=0.01),-1.362322982932805,1.3151183133833253,0.788368374521915
148,BayesianAccumulator(p_switch=0.01),1.1340333414542063,2.4149219954895558,0.9179581256797518
149,BayesianAccumulator(p_switch=0.01),0.795893619452655,3.1046416852761576,0.9570838044926673
150,BayesianAccumulator(p_switch=0.01),0.7315615714510475,3.6334990107733383,0.9742566646005358
151,BayesianAccumulator(p_switch=0.01),0.8661044201705141,4.176141212987593,0.9848746348493113
152,BayesianAccumulator(p_switch=0.01),-0.4221909941785967,3.2486632284913006,0.962625047935143
153,BayesianAccumulator(p_switch=0.01),0.7067205157725885,3.7245367749191147,0.9764439985969182
154,BayesianAccumulator(p_switch=0.01),0.7904211010414606,4.165455392594827,0.984714625046821
155,BayesianAccumulator(p_switch=0.01),-0.4654464412629664,3.198949691287204,0.9607947330919882
156,BayesianAccumulator(p_switch=0.01),11.51291546492478,14.491101064536641,0.9999994911444097
157,BayesianAccumulator(p_switch=0.01),1.0571727120214405,5.652242191835777,0.9965026358216019
158,BayesianAccumulator(p_switch=0.01),-1.13842880625653,3.158509439284268,0.9592427111441797
159,BayesianAccumulator(p_switch=0.01),1.367439075614003,4.313096763375904,0.9867849625420381
160,BayesianAccumulator(p_switch=0.01),-0.8113847192941882,2.939802317905301,0.9497792984923351
161,BayesianAccumulator(p_switch=0.01),1.629676962869344,4.395193597135067,0.9878138426453293
162,BayesianAccumulator(p_switch=0.01),2.8945964674961537,6.691742599448951,0.9987604203490613
163,BayesianAccumulator(p_switch=0.01),-0.6023978096990971,3.8768460516287595,0.9797043855227476
164,BayesianAccumulator(p_switch=0.01),2.0806971472259814,5.5605929087073065,0.9961682437307784
165,BayesianAccumulator(p_switch=0.01),0.9635613412465699,5.236054819255894,0.9947069567779925
166,BayesianAccumulator(p_switch=0.01),1.7083184172436836,5.880318201352946,0.9972138879954422
167,BayesianAccumulator(p_switch=0.01),11.51291546492478,15.863866598498763,0.999999871053304
168,BayesianAccumulator(p_switch=0.01),0.10563237356983537,4.700739459363852,0.9909933038444576
169,BayesianAccumulator(p_switch=0.01),-0.5156107837719653,3.4378696997182296,0.9688673228113195
170,BayesianAccumulator(p_switch=0.01),-0.6939917794790841,2.470860648281145,0.9220736282336296
171,BayesianAccumulator(p_switch=0.01),-0.5960106898012215,1.7628019106991744,0.8535602325433754
172,BayesianAccumulator(p_switch=0.01),0.30993537644015473,2.017260572195394,0.8825974492048825
173,BayesianAccumulator(p_switch=0.01),0.8584924724830516,2.8039044309224757,0.9428864478782643
174,BayesianAccumulator(p_switch=0.01),0.7676265243793439,3.4179141982790227,0.9682597316151762
175,BayesianAccumulator(p_switch=0.01),1.7202029420263656,4.86984300620508,0.9923838803902787
176,BayesianAccumulator(p_switch=0.01),0.4217442893956279,4.451751472352023,0.9884762155931551
177,BayesianAccumulator(p_switch=0.01),11.51291546492478,15.340754583540587,0.999999782432089
178,BayesianAccumulator(p_switch=0.01),0.08245849074155558,4.677556804077883,0.9907840124101452
179,BayesianAccumulator(p_switch=0.01),11.51291546492478,15.455351322753526,0.9999998059891045
180,BayesianAccumulator(p_switch=0.01),1.3111181598570907,5.906218805053465,0.9972849300658004
181,BayesianAccumulator(p_switch=0.01),-0.6506071386034638,3.705898420657179,0.9760114672303886
182,BayesianAccumulator(p_switch=0.01),-0.9507587810613929,2.4111064914470983,0.9176703176106652
183,BayesianAccumulator(p_switch=0.01),1.0707616024579991,3.376084386071173,0.9669486949684948
184,BayesianAccumulator(p_switch=0.01),0.13203614527698834,3.2495573855084436,0.9626572046703674
185,BayesianAccumulator(p_switch=0.01),1.4775361895230914,4.496061590843044,0.9889701791856605
186,BayesianAccumulator(p_switch=0.01),1.0562396781695995,4.907569800467745,0.9926637909781182
187,BayesianAccumulator(p_switch=0.01),0.3151889876175488,4.361307476948546,0.9873991174511385
188,BayesianAccumulator(p_switch=0.01),-0.6368370214037428,3.1415403402163418,0.9585740905296913
189,BayesianAccumulator(p_switch=0.01),-1.769971826720288,1.1619611078976912,0.7616888757223284
190,BayesianAccumulator(p_switch=0.01),-0.1360273027071861,0.9973145469773701,0.7305302590163881
191,BayesianAccumulator(p_switch=0.01),1.789937700887714,2.763955742362578,0.940696695822335
192,BayesianAccumulator(p_switch=0.01),0.6821936583997019,3.2981703629673884,0.9643659900558359
193,BayesianAccumulator(p_switch=0.01),-1.229446211392774,1.8274347709712793,0.8614558513765151
194,BayesianAccumulator(p_switch=0.01),0.6276405764210091,2.395784792267566,0.916505307569943
195,BayesianAccumulator(p_switch=0.01),0.9227161369204,3.2142710518138626,0.9613678042841074
196,BayesianAccumulator(p_switch=0.01),-0.686362374296845,2.3040794615780507,0.9092143351494347
197,BayesianAccumulator(p_switch=0.01),0.6020165776618156,2.810738900418991,0.9432533828552063
198,BayesianAccumulator(p_switch=0.01),0.47879213936658405,3.134930444154984,0.9583108157953527
199,BayesianAccumulator(p_switch=0.01),-1.0610496796923663,1.8655251558960557,0.865939651123892
200,BayesianAccumulator(p_switch=0.01),0.8824816124974656,2.6863638298899533,0.9362171934658968
201,BayesianAccumulator(p_switch=0.01),1.1983737588248302,3.747173660695406,0.9769590948213249
202,BayesianAccumulator(p_switch=0.01),2.5110864065790217,5.902017774892739,0.9972735311466325
203,BayesianAccumulator(p_switch=0.01),2.3910284625996745,6.746640769404788,0.9988265590920531
204,BayesianAccumulator(p_switch=0.01),-1.4716023316369358,3.0135033536110436,0.9531804486253688
205,BayesianAccumulator(p_switch=0.01),-0.7599713428282344,2.067015497725788,0.8876556818679131
206,BayesianAccumulator(p_switch=0.01),1.1228154509359956,3.114323289602653,0.9574797154205691
207,BayesianAccumulator(p_switch=0.01),1.1207930274819506,4.03062069979929,0.9825467268873261
208,BayesianAccumulator(p_switch=0.01),1.1228355657211027,4.703423563152551,0.9910172294702921
209,BayesianAccumulator(p_switch=0.01),11.51291546492478,15.467666048563885,0.999999808363644
210,BayesianAccumulator(p_switch=0.01),1.215480101117974,5.81058098136536,0.9970132582227802
211,BayesianAccumulator(p_switch=0.01),2.763471789309054,7.0988970961823235,0.9991746663017275
212,BayesianAccumulator(p_switch=0.01),2.0525053829962197,6.569029877832741,0.9985988081068605
213,BayesianAccumulator(p_switch=0.01),1.3578950511845307,5.822955091263755,0.9970498804116619
214,BayesianAccumulator(p_switch=0.01),0.021677755301760023,4.359919620806239,0.987381837920013
215,BayesianAccumulator(p_switch=0.01),1.5693488799817412,5.346951498124058,0.9952599274639639
216,BayesianAccumulator(p_switch=0.01),-0.5401510897439648,3.6687331269313868,0.9751257456759043
217,BayesianAccumulator(p_switch=0.01),0.11594739530196962,3.4513400997733665,0.9692710801608123
218,BayesianAccumulator(p_switch=0.01),-0.18294480067621835,2.9921354586937534,0.952217565850546
219,BayesianAccumulator(p_switch=0.01),0.5089582909392062,3.3182004515734564,0.9650479427321488
220,BayesianAccumulator(p_switch=0.01),11.51291546492478,14.585485151639817,0.9999995369753824
221,BayesianAccumulator(p_switch=0.01),-3.1827399022126013,1.412334114191232,0.8041338337060866
222,BayesianAccumulator(p_switch=0.01),1.423445903974526,2.7976041932320923,0.9425462218303372
223,BayesianAccumulator(p_switch=0.01),-2.029061692407611,0.6158276346603744,0.6492690154594992
224,BayesianAccumulator(p_switch=0.01),-0.16670322551207345,0.4360398828705267,0.6073150106220299
225,BayesianAccumulator(p_switch=0.01),2.5368511115763575,2.963899832213504,0.9509163368860925
226,BayesianAccumulator(p_switch=0.01),0.4865103059380912,3.272207393162771,0.9634629561198974
227,BayesianAccumulator(p_switch=0.01),-0.961007276749074,2.0754377089817746,0.8884928324734243
228,BayesianAccumulator(p_switch=0.01),-0.4666523739695906,1.5326420377174923,0.8223925470475153
229,BayesianAccumulator(p_switch=0.01),1.4107190040556419,2.899829305257035,0.947837998226163
230,BayesianAccumulator(p_switch=0.01),-0.48577229888145174,2.2460978103665963,0.9043134083411268
231,BayesianAccumulator(p_switch=0.01),0.6853763147341951,2.841365729731245,0.944870646464715
232,BayesianAccumulator(p_switch=0.01),0.4627719440946494,3.1450576015765552,0.9587135352295555
233,BayesianAccumulator(p_switch=0.01),-0.3866670568883881,2.5481143068388503,0.927446729908976
234,BayesianAccumulator(p_switch=0.01),11.51291546492478,13.940380222583155,0.9999991173888484
235,BayesianAccumulator(p_switch=0.01),1.325984852329001,5.921017336615016,0.9973247065802611
236,BayesianAccumulator(p_switch=0.01),-11.512915464920228,-7.153286796321033,0.0007816771306203142
237,BayesianAccumulator(p_switch=0.01),0.6452368412444794,-3.8752969521557294,0.020326439210330175
238,BayesianAccumulator(p_switch=0.01),-0.39936855589155135,-3.878223031229052,0.02026825310220962
239,BayesianAccumulator(p_switch=0.01),1.7802683654226275,-1.7005525418248169,0.15439311372292053
240,BayesianAccumulator(p_switch=0.01),-0.565638706043284,-2.2141869769711646,0.09848370836653886
241,BayesianAccumulator(p_switch=0.01),0.26383615015737827,-1.8630177243385682,0.13435169920263937
242,BayesianAccumulator(p_switch=0.01),1.1066079281424028,-0.6949241757810691,0.3329385625279371
243,BayesianAccumulator(p_switch=0.01),1.813020710135784,1.1331035474531983,0.7564111929182903
244,BayesianAccumulator(p_switch=0.01),-1.1531670833543401,-0.047700541184246825,0.4880771253359665
245,BayesianAccumulator(p_switch=0.01),-0.0014014832385321812,-0.04814766256162705,0.48796540914955117
246,BayesianAccumulator(p_switch=0.01),-0.1703450966749611,-0.21752944498303156,0.44583107237860115
247,BayesianAccumulator(p_switch=0.01),-0.388820679847426,-0.6019661779934832,0.3538939921685811
248,BayesianAccumulator(p_switch=0.01),11.51291546492478,10.923705355179044,0.9999819745044145
249,BayesianAccumulator(p_switch=0.01),0.9518870134819686,5.545224079893672,0.9961091301668428
250,BayesianAccumulator(p_switch=0.01),-1.255585187563429,3.012646777177941,0.9531422069344269
251,BayesianAccumulator(p_switch=0.01),1.9491926709844065,4.775469411567726,0.9916364154273812
252,BayesianAccumulator(p_switch=0.01),11.51291546492478,15.501087857398108,0.9999998146626284
253,BayesianAccumulator(p_switch=0.01),2.3104593127756226,6.905560816547444,0.9989988065209433
254,BayesianAccumulator(p_switch=0.01),-1.780924535598948,2.719606883452645,0.9381737354190122
255,BayesianAccumulator(p_switch=0.01),-0.18157814338312864,2.3960873152593924,0.9165284547195321
256,BayesianAccumulator(p_switch=0.01),3.8955691154988847,6.18739607629908,0.997949043765274
257,BayesianAccumulator(p_switch=0.01),-0.4569940509843736,3.952944189298042,0.9811635287186034
258,BayesianAccumulator(p_switch=0.01),1.010642294252935,4.541034479174321,0.9894501159305158
259,BayesianAccumulator(p_switch=0.01),1.6026627772599829,5.477334847410598,0.9958369470430914
260,BayesianAccumulator(p_switch=0.01),-0.7449582746031959,3.5038765812464634,0.9707978686755888
261,BayesianAccumulator(p_switch=0.01),0.33157435868543433,3.5462253131927852,0.9719747874809282
262,BayesianAccumulator(p_switch=0.01),-11.512915464920228,-8.266744109713386,0.0002568544445452494
263,BayesianAccumulator(p_switch=0.01),-0.8823854087211996,-5.452390821121975,0.004267753479278222
264,BayesianAccumulator(p_switch=0.01),0.09699418927237849,-4.144475512854495,0.01560439093946793
265,BayesianAccumulator(p_switch=0.01),-1.2329527379221623,-4.884590240930381,0.007505463833900202
266,BayesianAccumulator(p_switch=0.01),11.51291546492478,7.476568988985036,0.9994341236833556
267,BayesianAccumulator(p_switch=0.01),-1.5788558217074764,2.9617309246645167,0.9508150052414757
268,BayesianAccumulator(p_switch=0.01),-0.12822879711267035,2.6556551628132508,0.9343586890966192
269,BayesianAccumulator(p_switch=0.01),0.5719897521293033,3.0940149365449403,0.956645190853728
270,BayesianAccumulator(p_switch=0.01),11.51291546492478,14.40617626623316,0.9999994460419195
271,BayesianAccumulator(p_switch=0.01),-1.5910134837552854,3.00405153159825,0.9527568262359185
272,BayesianAccumulator(p_switch=0.01),2.9225325169330594,5.741678104413141,0.9968008890740938
273,BayesianAccumulator(p_switch=0.01),0.418272992224082,4.7375158918657,0.9913156968911155
274,BayesianAccumulator(p_switch=0.01),-0.8210189651838155,3.1497077694235114,0.9588972055566141
275,BayesianAccumulator(p_switch=0.01),1.0388654898725007,3.977409844079159,0.9816104116110257
276,BayesianAccumulator(p_switch=0.01),0.6620373785592917,4.208388100164376,0.9853475678387413
277,BayesianAccumulator(p_switch=0.01),-0.3230404880687681,3.3671366743367486,0.9666615379370398
278,BayesianAccumulator(p_switch=0.01),0.4935426124763631,3.604153234978452,0.97351032083756
279,BayesianAccumulator(p_switch=0.01),-0.06239655255178449,3.2263323259555836,0.9618132726893491
280,BayesianAccumulator(p_switch=0.01),0.5496535299475893,3.5497172906653045,0.9720697516394892
281,BayesianAccumulator(p_switch=0.01),1.3778109701742556,4.626566166155432,0.9903065694310791
282,BayesianAccumulator(p_switch=0.01),11.51291546492478,15.430586555713628,0.9999998011244837
283,BayesianAccumulator(p_switch=0.01),-1.2159194405096099,3.3791807231476154,0.9670475076005876
284,BayesianAccumulator(p_switch=0.01),11.51291546492478,14.632824836898918,0.9999995583840741
285,BayesianAccumulator(p_switch=0.01),-4.227879942201274,0.3671961933537906,0.5907813065644346
286,BayesianAccumulator(p_switch=0.01),0.21872573820522975,0.5784169390374785,0.6407030627396223
287,BayesianAccumulator(p_switch=0.01),1.2453573513812197,1.8115708501678056,0.8595516185639842
288,BayesianAccumulator(p_switch=0.01),0.7735927293575486,2.5268294821494264,0.9260013938145573
289,BayesianAccumulator(p_switch=0.01),-0.35079295798323984,2.0578151768837856,0.8867349201533274
290,BayesianAccumulator(p_switch=0.01),0.1505369379253136,2.13353337493779,0.8941199770846058
291,BayesianAccumulator(p_switch=0.01),-0.19219052622337165,1.8606822743657023,0.8653764528605484
292,BayesianAccumulator(p_switch=0.01),-0.309689325022122,1.4896535411425675,0.8160262653079504
293,BayesianAccumulator(p_switch=0.01),1.7734051928284345,3.221504479605816,0.9616355572463678
294,BayesianAccumulator(p_switch=0.01),0.881363276432602,3.877578411984902,0.9797189424434629
295,BayesianAccumulator(p_switch=0.01),-0.4383797022583913,3.0420081592139696,0.9544362391893124
296,BayesianAccumulator(p_switch=0.01),1.8998978393390742,4.750455743698315,0.9914263893228014
297,BayesianAccumulator(p_switch=0.01),0.8103771002771262,4.787091936409881,0.9917322596681881
298,BayesianAccumulator(p_switch=0.01),1.6872232086289953,5.680666522743827,0.9966003133096399
299,BayesianAccumulator(p_switch=0.01),1.3182394789535719,5.622429270527532,0.9963971806802105
300,BayesianAccumulator(p_switch=0.01),-0.6133232331600674,3.675843079029744,0.9752976199661941
301,BayesianAccumulator(p_switch=0.01),-0.27391717599082516,3.0665617171288413,0.9554921817754658
302,BayesianAccumulator(p_switch=0.01),1.5449839796224867,4.415752103847427,0.9880588530833228
303,BayesianAccumulator(p_switch=0.01),1.2838892152945973,5.092283860639589,0.9938935460057152
304,BayesianAccumulator(p_switch=0.01),0.37940472494822425,4.499438002661616,0.9890069488986307
305,BayesianAccumulator(p_switch=0.01),0.5545829484783426,4.407683022455648,0.9879632736843311
306,BayesianAccumulator(p_switch=0.01),4.075473190399025,7.879465346016243,0.9996217078244632
307,BayesianAccumulator(p_switch=0.01),-0.312401848787464,4.245941491717164,0.9858799871991453
308,BayesianAccumulator(p_switch=0.01),1.1754527669513906,4.887817027863071,0.9925185347686014
309,BayesianAccumulator(p_switch=0.01),0.15769479804353045,4.195421249161486,0.9851591728251345
310,BayesianAccumulator(p_switch=0.01),0.13900595481949957,3.821443139551977,0.9785729907852733
311,BayesianAccumulator(p_switch=0.01),2.581066331233826,6.023394705920776,0.9975844136215405
312,BayesianAccumulator(p_switch=0.01),1.7160929953124804,6.096350045591391,0.9977539868880564
313,BayesianAccumulator(p_switch=0.01),1.688698253287052,6.082651869473811,0.997723079452811
314,BayesianAccumulator(p_switch=0.01),4.7763411423034725,9.167784664906788,0.9998956634688833
315,BayesianAccumulator(p_switch=0.01),0.43179054331786537,5.016634046919964,0.9934168306200996
316,BayesianAccumulator(p_switch=0.01),1.4152067836776807,5.505956705169029,0.9959539370250021
317,BayesianAccumulator(p_switch=0.01),0.027681659597723292,4.284809019554181,0.9864109538627504
318,BayesianAccumulator(p_switch=0.01),0.8342361975711479,4.569203980277529,0.9897401476248585
319,BayesianAccumulator(p_switch=0.01),0.2450472353885502,4.13408272203669,0.9842351602122291
320,BayesianAccumulator(p_switch=0.01),0.5283525542142211,4.173631063407761,0.9848371966373136
321,BayesianAccumulator(p_switch=0.01),1.2572196088778018,4.926559247799658,0.9928007936877634
322,BayesianAccumulator(p_switch=0.01),-0.5991691811402978,3.4549273168286985,0.9693777445064953
323,BayesianAccumulator(p_switch=0.01),11.51291546492478,14.69071384655124,0.9999995832228888
324,BayesianAccumulator(p_switch=0.01),-0.8559089774701396,3.7391696167743325,0.9767782341291426
325,BayesianAccumulator(p_switch=0.01),-1.1761595815734964,2.209163062493582,0.9010693444222783
326,BayesianAccumulator(p_switch=0.01),2.8916729372893717,5.013932687830218,0.9933991406193032
327,BayesianAccumulator(p_switch=0.01),1.6397345046749872,5.729413578750123,0.9967615397517551
328,BayesianAccumulator(p_switch=0.01),1.3083441784993013,5.624616485741413,0.9964050239119756
329,BayesianAccumulator(p_switch=0.01),1.3159293114464692,5.605671642868323,0.9963365203146577
330,BayesianAccumulator(p_switch=0.01),0.3901797435402924,4.674901932902954,0.990759739027115
331,BayesianAccumulator(p_switch=0.01),-0.7044619996847195,3.2367004766361793,0.9621922612746348
332,BayesianAccumulator(p_switch=0.01),0.5012003118751608,3.509516555366475,0.9709573345205249
333,BayesianAccumulator(p_switch=0.01),-0.41860133597595833,2.8002670878438156,0.9426902553183487
334,BayesianAccumulator(p_switch=0.01),2.116910107410782,4.764081719595936,0.9915414393593506
335,BayesianAccumulator(p_switch=0.01),0.22446893056647893,4.207444422567324,0.9853339370264088
336,BayesianAccumulator(p_switch=0.01),-0.6087217419985252,3.0808934990093686,0.9560977044088421
337,BayesianAccumulator(p_switch=0.01),0.014337235603814233,2.8968613715884493,0.9476910650508198
338,BayesianAccumulator(p_switch=0.01),0.9637872586479657,3.6931507800352157,0.9757111876243649
339,BayesianAccumulator(p_switch=0.01),-0.2782509372283818,3.074566147817158,0.9558313467860622
340,BayesianAccumulator(p_switch=0.01),-0.6044166666003081,2.2729210117739784,0.9066094002271886
341,BayesianAccumulator(p_switch=0.01),0.7222676044598315,2.9026856649342276,0.9479790393549179
342,BayesianAccumulator(p_switch=0.01),0.7240124414465976,3.45829382272041,0.9694775199059832
343,BayesianAccumulator(p_switch=0.01),-0.20909025826504532,2.9712568623600197,0.9512585853537505
344,BayesianAccumulator(p_switch=0.01),-0.16562353480477168,2.6262189765189614,0.9325300445820319
345,BayesianAccumulator(p_switch=0.01),0.7064441943113665,3.202707434519209,0.9609360357294244
346,BayesianAccumulator(p_switch=0.01),-1.6173207896413844,1.3638742555795227,0.7963886442934609
347,BayesianAccumulator(p_switch=0.01),-1.5315920608640465,-0.2038863972219791,0.44920424244611745
348,BayesianAccumulator(p_switch=0.01),-0.4706317252203015,-0.6704129345396082,0.3384043840126913
349,BayesianAccumulator(p_switch=0.01),0.14411231573771371,-0.5118984938481561,0.3747485798162581
350,BayesianAccumulator(p_switch=0.01),0.8154623254071038,0.31424062742677306,0.5779200112614841
351,BayesianAccumulator(p_switch=0.01),11.51291546492478,11.820770490450952,0.9999926497618267
352,BayesianAccumulator(p_switch=0.01),1.7930261189836796,6.387418629065811,0.9983202323674473
353,BayesianAccumulator(p_switch=0.01),0.2088293847507977,4.649892577250847,0.990527948595302
354,BayesianAccumulator(p_switch=0.01),0.3817501053824967,4.310830766476647,0.9867553804175229
355,BayesianAccumulator(p_switch=0.01),-0.8509138555699464,2.898981145559467,0.9477960483228882
356,BayesianAccumulator(p_switch=0.01),0.3823760913274781,3.1135299989235197,0.9574474070010407
357,BayesianAccumulator(p_switch=0.01),0.05362247830868851,2.962804170702608,0.9508651722069972
358,BayesianAccumulator(p_switch=0.01),0.8321794611007381,3.6169606955314872,0.973838603974806
359,BayesianAccumulator(p_switch=0.01),-0.6110017594143784,2.687047607760914,0.9362580127836846
360,BayesianAccumulator(p_switch=0.01),1.12981065402076,3.679205547545389,0.9753784998013504
361,BayesianAccumulator(p_switch=0.01),11.51291546492478,14.855796157675584,0.9999996466463751
362,BayesianAccumulator(p_switch=0.01),0.27113675546841715,4.866221627762863,0.9923564607357241
363,BayesianAccumulator(p_switch=0.01),0.9470102439414367,4.975452576431127,0.993141964416983
364,BayesianAccumulator(p_switch=0.01),1.4309108528139438,5.505145953842761,0.9959506686325591
365,BayesianAccumulator(p_switch=0.01),-0.08150966429888504,4.17538511501646,0.9848633674387456
366,BayesianAccumulator(p_switch=0.01),0.695673095272585,4.3660712592015,0.9874582514947803
367,BayesianAccumulator(p_switch=0.01),0.4212307510281728,4.202263788574636,0.9852588832996895
368,BayesianAccumulator(p_switch=0.01),0.5292271097948046,4.215753678036496,0.9854535308426501
369,BayesianAccumulator(p_switch=0.01),-0.5403891321879268,3.154166560813162,0.9590725823496038
370,BayesianAccumulator(p_switch=0.01),0.4361994004421399,3.378348754902798,0.9670209852757667
371,BayesianAccumulator(p_switch=0.01),1.0954121142543882,4.214679974435832,0.9854381314165558
372,BayesianAccumulator(p_switch=0.01),11.51291546492478,15.206833699507282,0.9999997512541011
373,BayesianAccumulator(p_switch=0.01),2.0682752593029456,6.663370486403222,0.9987247926772277
374,BayesianAccumulator(p_switch=0.01),11.51291546492478,15.989015540232572,0.9999998862218861
375,BayesianAccumulator(p_switch=0.01),-0.5330932279584953,4.062015359354236,0.9830770258543229
376,BayesianAccumulator(p_switch=0.01),1.829449982172278,5.429932097214395,0.9956357368452822
377,BayesianAccumulator(p_switch=0.01),0.641102331940095,4.8758294341644355,0.992428993386509
378,BayesianAccumulator(p_switch=0.01),11.51291546492478,15.545502418158867,0.9999998227141783
379,BayesianAccumulator(p_switch=0.01),-0.5861856792284024,4.008916621551512,0.9821706066781429
380,BayesianAccumulator(p_switch=0.01),-0.6274743247563931,2.939227091021684,0.9497518538854326
381,BayesianAccumulator(p_switch=0.01),-0.3220254633915609,2.4430084904082037,0.9200486695681487
382,BayesianAccumulator(p_switch=0.01),-11.512915464920228,-9.178994122053213,0.00010317362585473358
383,BayesianAccumulator(p_switch=0.01),-0.23194025622709902,-4.816897728693026,0.008026898886618065
384,BayesianAccumulator(p_switch=0.01),-0.522532670706174,-4.529340392535327,0.010672655077246303
385,BayesianAccumulator(p_switch=0.01),0.5976484997363057,-3.271002633026244,0.03657947764106863
386,BayesianAccumulator(p_switch=0.01),0.8593593782796866,-2.1761345905901583,0.10191417583473492
387,BayesianAccumulator(p_switch=0.01),11.51291546492478,9.420906042269934,0.9999189939772869
388,BayesianAccumulator(p_switch=0.01),2.0419054568174033,6.629037870558342,0.9986803100180113
389,BayesianAccumulator(p_switch=0.01),-0.2943922904677547,4.177796147377127,0.9848992679537685
390,BayesianAccumulator(p_switch=0.01),-0.7060347868908219,2.965817172181737,0.9510057503575469
391,BayesianAccumulator(p_switch=0.01),1.0857244419109864,3.8730238210191863,0.9796282459139998
392,BayesianAccumulator(p_switch=0.01),-1.3619100905533494,2.1154154575187407,0.8923924757240378
393,BayesianAccumulator(p_switch=0.01),11.51291546492478,13.549104349660862,0.9999986947365431
394,BayesianAccumulator(p_switch=0.01),3.028201460320616,7.623192110737142,0.9995112605192654
395,BayesianAccumulator(p_switch=0.01),-0.16337319536751183,4.384477942974855,0.9876841747331564
396,BayesianAccumulator(p_switch=0.01),-2.3627247572287864,1.4285168761069342,0.8066701226957489
397,BayesianAccumulator(p_switch=0.01),11.51291546492478,12.902567709916028,0.9999975083619231
398,BayesianAccumulator(p_switch=0.01),0.2640761987550044,4.858949431692211,0.9923011023205259
399,BayesianAccumulator(p_switch=0.01),3.523349938035629,7.548640127213551,0.9994734513429158
400,BayesianAccumulator(p_switch=0.01),-1.9766939857197703,2.567590003048767,0.9287463753419682
401,BayesianAccumulator(p_switch=0.01),-0.32200376344895154,2.1226750085603685,0.8930876137257996
402,BayesianAccumulator(p_switch=0.01),0.4120240553978474,2.454900693982899,0.9209190912613703
403,BayesianAccumulator(p_switch=0.01),0.46455494605608877,2.809113123487631,0.9431662980693075
404,BayesianAccumulator(p_switch=0.01),-0.14030829416990848,2.514438785826744,0.9251478540038003
405,BayesianAccumulator(p_switch=0.01),1.3060711811869232,3.7036815020939153,0.9759595075212266
406,BayesianAccumulator(p_switch=0.01),-0.9458813421379382,2.414412778569499,0.9179197678787349
407,BayesianAccumulator(p_switch=0.01),0.23015523597187576,2.538446239807484,0.9267934779830304
408,BayesianAccumulator(p_switch=0.01),0.5584278170998935,2.977333051504632,0.9515395408254615
409,BayesianAccumulator(p_switch=0.01),1.121849670985375,3.918762111938652,0.980521286703122
410,BayesianAccumulator(p_switch=0.01),1.472812286408716,4.980682073885548,0.993177490839962
411,BayesianAccumulator(p_switch=0.01),-1.0324604515558302,3.043894408938235,0.9545181975825414
412,BayesianAccumulator(p_switch=0.01),-1.817236939094458,1.0348766406344505,0.7378602414141974
413,BayesianAccumulator(p_switch=0.01),4.075691086626745,5.086114667860958,0.9938559898438278
414,BayesianAccumulator(p_switch=0.01),0.8458421107323283,4.963538060973514,0.9930603359710972
415,BayesianAccumulator(p_switch=0.01),-0.5088888589484636,3.560492098352619,0.9723608060273794
416,BayesianAccumulator(p_switch=0.01),11.51291546492478,14.769628544848729,0.9999996148484447
417,BayesianAccumulator(p_switch=0.01),0.5524438218933246,5.1475255466266026,0.9942198317326274
418,BayesianAccumulator(p_switch=0.01),3.0272281296631065,7.1677937091005575,0.9992295720620855
419,BayesianAccumulator(p_switch=0.01),0.49063302036833073,5.012202462104957,0.9933877853397781
420,BayesianAccumulator(p_switch=0.01),11.51291546492478,15.601907741851154,0.9999998324372467
421,BayesianAccumulator(p_switch=0.01),11.51291546492478,16.10801872817415,0.9999998989872236
422,BayesianAccumulator(p_switch=0.01),0.10132963470894107,4.696439485647993,0.9909548429624699
423,BayesianAccumulator(p_switch=0.01),2.105858437641248,6.057300459832996,0.9976647549241839
424,BayesianAccumulator(p_switch=0.01),1.346841576352688,5.733565051800183,0.9967749129943674
425,BayesianAccumulator(p_switch=0.01),11.51291546492478,15.830196392778682,0.9999998666377232
426,BayesianAccumulator(p_switch=0.01),-0.7976755447685746,3.797431103933104,0.9780636807326746
427,BayesianAccumulator(p_switch=0.01),1.4230456738391812,4.848885515624938,0.992223835615256
428,BayesianAccumulator(p_switch=0.01),2.4092156133876474,6.430122155202431,0.9983903413012197
429,BayesianAccumulator(p_switch=0.01),-2.5507196415879956,1.8963300496166116,0.8694755955497127
430,BayesianAccumulator(p_switch=0.01),-1.125338195248417,0.7073872394062002,0.6698235784070545
431,BayesianAccumulator(p_switch=0.01),-11.512915464920228,-10.820846110036735,1.9978255747252305e-05
432,BayesianAccumulator(p_switch=0.01),0.07674945073494271,-4.51639466781331,0.010810215222519494
433,BayesianAccumulator(p_switch=0.01),1.4845754222215233,-2.377370530687811,0.0849146635629995
434,BayesianAccumulator(p_switch=0.01),11.51291546492478,9.237934952442874,0.9999027311949444
435,BayesianAccumulator(p_switch=0.01),0.4990175928955506,5.084553955315495,0.9938464523759866
436,BayesianAccumulator(p_switch=0.01),11.51291546492478,15.630018686875443,0.9999998370820032
437,BayesianAccumulator(p_switch=0.01),-1.4764147397256908,3.1186889833003066,0.957657098341864
438,BayesianAccumulator(p_switch=0.01),-2.326088238042289,0.5872927406128472,0.6427437338724592
439,BayesianAccumulator(p_switch=0.01),0.33648193399093695,0.9113637294937748,0.713279142907885
440,BayesianAccumulator(p_switch=0.01),0.9208714417360684,1.8114694257076165,0.85953937388952
441,BayesianAccumulator(p_switch=0.01),0.3647573955462219,2.1178987956247,0.8926307138038411
442,BayesianAccumulator(p_switch=0.01),-11.512915464920228,-9.47443842480789,7.678392791249233e-05
443,BayesianAccumulator(p_switch=0.01),0.29518074009461004,-4.292366444148965,0.013488115020809427
444,BayesianAccumulator(p_switch=0.01),-1.3330267266909956,-5.072346829215661,0.00622865436322841
445,BayesianAccumulator(p_switch=0.01),1.3919399507579904,-2.7205074317780333,0.061774049983446586
446,BayesianAccumulator(p_switch=0.01),0.8952843591419798,-1.683161314814447,0.1566773123396651
447,BayesianAccumulator(p_switch=0.01),-0.7628119910556324,-2.3949055525782326,0.08356199942189067
448,BayesianAccumulator(p_switch=0.01),-0.2174936148284095,-2.5082578211154862,0.07528129986408923
449,BayesianAccumulator(p_switch=0.01),-0.9333975030603229,-3.325516057916536,0.03470613660481567
450,BayesianAccumulator(p_switch=0.01),0.3276861319240347,-2.7505965750252073,0.06005296669786986
451,BayesianAccumulator(p_switch=0.01),2.0559026983480275,-0.5485577066609197,0.36619909675927526
452,BayesianAccumulator(p_switch=0.01),-0.8269886237213545,-1.3640342384199449,0.2035854151156668
453,BayesianAccumulator(p_switch=0.01),1.105097232757292,-0.22276192078086576,0.44453867620249343
454,BayesianAccumulator(p_switch=0.01),-0.23741811083274517,-0.45568896607496484,0.3880090178607215
455,BayesianAccumulator(p_switch=0.01),-0.5660959535985057,-1.0123623166656457,0.2665177961471006
456,BayesianAccumulator(p_switch=0.01),0.27325118760566414,-0.7153551485570276,0.3284166297389946
457,BayesianAccumulator(p_switch=0.01),-0.8981671058390928,-1.5980044254992558,0.16826070875128074
458,BayesianAccumulator(p_switch=0.01),-0.26593544410284475,-1.8172568739618304,0.1397633520018197
459,BayesianAccumulator(p_switch=0.01),-1.149192362676354,-2.907773870415144,0.05177060810574049
460,BayesianAccumulator(p_switch=0.01),11.51291546492478,8.774341383376148,0.9998453731900867
461,BayesianAccumulator(p_switch=0.01),0.4497469425612878,5.0296739550151415,0.9935015630403264
462,BayesianAccumulator(p_switch=0.01),-0.4469660874521824,3.648928465253236,0.9746408260933206
463,BayesianAccumulator(p_switch=0.01),0.6820405431491503,4.003211760783634,0.9820704306902384
464,BayesianAccumulator(p_switch=0.01),0.2667773761286556,3.82981076897146,0.9787477415266252
465,BayesianAccumulator(p_switch=0.01),0.1350413266097221,3.5830863883400212,0.9729615960625725
466,BayesianAccumulator(p_switch=0.01),1.2906075762852232,4.56393503034244,0.9896865053147139
467,BayesianAccumulator(p_switch=0.01),1.56627766964074,5.452641629418401,0.995733312208043
468,BayesianAccumulator(p_switch=0.01),-0.23771448862027877,4.003829914329484,0.9820813119567052
469,BayesianAccumulator(p_switch=0.01),-0.293061496424599,3.2703697076651252,0.9633982106272728
470,BayesianAccumulator(p_switch=0.01),0.06996649175798449,3.1049607439565863,0.9570969077241079
471,BayesianAccumulator(p_switch=0.01),-11.512915464920228,-8.61071777790815,0.00018210995509336796
472,BayesianAccumulator(p_switch=0.01),-1.7708015125828205,-6.348051684334885,0.0017470959820499732
473,BayesianAccumulator(p_switch=0.01),11.51291546492478,7.077568578934845,0.9991568890922597
474,BayesianAccumulator(p_switch=0.01),11.51291546492478,16.02781184532685,0.9999998905515259
475,BayesianAccumulator(p_switch=0.01),0.10124314396922501,4.696352159867936,0.9909540601980639
476,BayesianAccumulator(p_switch=0.01),1.225141482176049,5.176542058641675,0.9943842137434317
477,BayesianAccumulator(p_switch=0.01),0.8159456938669732,4.967012162652177,0.9930842367957468
478,BayesianAccumulator(p_switch=0.01),11.51291546492478,15.583715360231647,0.9999998293609842
479,BayesianAccumulator(p_switch=0.01),2.6806055174494583,7.275708476184913,0.9993083291642085
480,BayesianAccumulator(p_switch=0.01),0.24775853203496975,4.776608232220785,0.9916458551040773
481,BayesianAccumulator(p_switch=0.01),-0.7845603112157651,3.204130026102264,0.9609894019284828
482,BayesianAccumulator(p_switch=0.01),-2.0108724350941976,0.9714613285446179,0.7254106757243944
483,BayesianAccumulator(p_switch=0.01),0.6679281881686577,1.6168707164997627,0.8343631111115527
484,BayesianAccumulator(p_switch=0.01),-0.5189628910186814,1.0502813972023723,0.740828931507549
485,BayesianAccumulator(p_switch=0.01),-1.5622509532540187,-0.5369063617144851,0.3689075343830516
486,BayesianAccumulator(p_switch=0.01),-0.3804094988216972,-0.9060708178896337,0.2878045418749638
487,BayesianAccumulator(p_switch=0.01),-0.9667157888038322,-1.8521717297729126,0.1356181126411873
488,BayesianAccumulator(p_switch=0.01),11.51291546492478,9.721552900936867,0.999940026806821
489,BayesianAccumulator(p_switch=0.01),1.8531107495772923,6.44231106199285,0.9984098111822564
490,BayesianAccumulator(p_switch=0.01),0.3955091460583248,4.844227571461075,0.9921878138118204
491,BayesianAccumulator(p_switch=0.01),11.51291546492478,15.531784665754834,0.9999998202654589
492,BayesianAccumulator(p_switch=0.01),0.5031976340509281,5.098299692436548,0.9939299488136915
493,BayesianAccumulator(p_switch=0.01),-0.6561066524112407,3.4661972317291507,0.9697105227983085
494,BayesianAccumulator(p_switch=0.01),11.51291546492478,14.699237974120061,0.9999995867604496
495,BayesianAccumulator(p_switch=0.01),1.1618737216730617,5.756952666086226,0.9968492299957322
496,BayesianAccumulator(p_switch=0.01),-0.9010919466481824,3.4218121483884545,0.9683793082198975
497,BayesianAccumulator(p_switch=0.01),0.17201649430965493,3.3246336702920187,0.9652642898396067
498,BayesianAccumulator(p_switch=0.01),-0.6752846817889976,2.402309421112098,0.9170032389718782
499,BayesianAccumulator(p_switch=0.01),-1.4817709238383419,0.8156495004695747,0.6933120702359422
500,BayesianAccumulator(p_switch=0.01),1.9722563807010636,2.769786158507828,0.9410211193720073
501,BayesianAccumulator(p_switch=0.01),11.51291546492478,14.133911681655068,0.9999992726895407
502,BayesianAccumulator(p_switch=0.01),-1.5134387619313907,3.081609094354076,0.9561277316388401
503,BayesianAccumulator(p_switch=0.01),1.2020584675692427,4.085168798062346,0.9834579425244474
504,BayesianAccumulator(p_switch=0.01),-0.38547436083899084,3.2295326415389627,0.9619306419181742
505,BayesianAccumulator(p_switch=0.01),-0.18507695128215243,2.817535941034721,0.9436161100073659
506,BayesianAccumulator(p_switch=0.01),-0.31341324968067424,2.3485379706304195,0.9128179475019018
507,BayesianAccumulator(p_switch=0.01),-0.6597188576906051,1.589250402951667,0.8305106138758362
508,BayesianAccumulator(p_switch=0.01),0.4665062010527492,2.0095061168232586,0.8817915518799462
509,BayesianAccumulator(p_switch=0.01),-0.6158979829793466,1.3223152841847332,0.7895666515684745
510,BayesianAccumulator(p_switch=0.01),0.75900213698713,2.0468064737488216,0.8856245327227282
511,BayesianAccumulator(p_switch=0.01),0.3430390996352045,2.315843756760157,0.9101807392243477
512,BayesianAccumulator(p_switch=0.01),0.11338365811494065,2.3327719414100883,0.911555072472207
513,BayesianAccumulator(p_switch=0.01),-0.7184658556761984,1.51624992418302,0.8199855989290814
514,BayesianAccumulator(p_switch=0.01),-0.29423003689996885,1.179250848091021,0.7648130775218343
515,BayesianAccumulator(p_switch=0.01),1.5618410136149945,2.711873310027972,0.9377236359604488
516,BayesianAccumulator(p_switch=0.01),1.1000803277175737,3.671041769186079,0.9751816816269367
517,BayesianAccumulator(p_switch=0.01),-0.8154355380943611,2.5216098072946753,0.9256429307527652
518,BayesianAccumulator(p_switch=0.01),0.531357585908668,2.935334649035317,0.9495657682932152
519,BayesianAccumulator(p_switch=0.01),1.5534824512745398,4.315249040709684,0.9868129997146408
520,BayesianAccumulator(p_switch=0.01),-2.2063868118158614,1.5460262556385826,0.824339058479974
521,BayesianAccumulator(p_switch=0.01),1.169242450033484,2.671106159256542,0.935300001653415
522,BayesianAccumulator(p_switch=0.01),-0.4004140153502081,2.1350958299990275,0.8942678027756429
523,BayesianAccumulator(p_switch=0.01),1.2149838775693018,3.269294377819261,0.9633602733397296
524,BayesianAccumulator(p_switch=0.01),-0.5278338355959186,2.5063112541199586,0.9245830796904654
525,BayesianAccumulator(p_switch=0.01),-2.7778055963817194,-0.38741733080060703,0.4043391800293106
526,BayesianAccumulator(p_switch=0.01),-2.0731172680855336,-2.452596954807732,0.07924884619742169
527,BayesianAccumulator(p_switch=0.01),0.46595318749038656,-1.876545465501418,0.1327861726349617
528,BayesianAccumulator(p_switch=0.01),0.7442144426547455,-1.0699924813465918,0.25540451401513176
529,BayesianAccumulator(p_switch=0.01),-0.7140479341819228,-1.7584763946220587,0.14698126332109993
530,BayesianAccumulator(p_switch=0.01),1.3344619607299728,-0.3687852372595164,0.40883458365103154
531,BayesianAccumulator(p_switch=0.01),-2.1801857371906883,-2.5414320925264904,0.07300419787128433
532,BayesianAccumulator(p_switch=0.01),0.3234961779518242,-2.0980535485097223,0.10928614996919928
533,BayesianAccumulator(p_switch=0.01),-1.1708845214902295,-3.191064065003081,0.039503386083469205
534,BayesianAccumulator(p_switch=0.01),-0.3869606844208848,-3.3588236840098364,0.03360740665931311
535,BayesianAccumulator(p_switch=0.01),0.4650842291580231,-2.6390934450058117,0.06666441952197809
536,BayesianAccumulator(p_switch=0.01),-0.6549453078026597,-3.1624875242137254,0.040602044942119116
537,BayesianAccumulator(p_switch=0.01),-0.06148601656744394,-3.010354783249246,0.04696026480217428
538,BayesianAccumulator(p_switch=0.01),2.2183788836359826,-0.6059972908109983,0.3529728097865712
539,BayesianAccumulator(p_switch=0.01),-0.2943778384561596,-0.8875237871854725,0.29162109502859773
540,BayesianAccumulator(p_switch=0.01),1.7401619394434715,0.8727287053255826,0.7053131674249732
541,BayesianAccumulator(p_switch=0.01),-1.0403216111071365,-0.1872699590005643,0.4533188563637527
542,BayesianAccumulator(p_switch=0.01),1.1468837086498818,0.9633804211655873,0.7237981110150034
543,BayesianAccumulator(p_switch=0.01),11.51291546492478,12.454017198795363,0.9999960979991612
544,BayesianAccumulator(p_switch=0.01),-11.512915464920228,-6.9181818003672495,0.0009886492517330481
545,BayesianAccumulator(p_switch=0.01),-0.5713237900137613,-5.07298775894978,0.0062246883543095365
546,BayesianAccumulator(p_switch=0.01),1.2260223717888028,-2.8866703382312346,0.05281644317390349
547,BayesianAccumulator(p_switch=0.01),0.15666518449186426,-2.564082716895305,0.07148607404448966
548,BayesianAccumulator(p_switch=0.01),0.9019193116516826,-1.539662309988171,0.17658437033141916
549,BayesianAccumulator(p_switch=0.01),-0.327683195267959,-1.823483808419287,0.13901636845255436
550,BayesianAccumulator(p_switch=0.01),0.5149960640416325,-1.2494366608576546,0.2227976707608105
551,BayesianAccumulator(p_switch=0.01),0.21400029330973463,-1.003698252450874,0.268214922436795
552,BayesianAccumulator(p_switch=0.01),2.9515060114289264,1.9712985664906917,0.877750523625361
553,BayesianAccumulator(p_switch=0.01),0.7369395275849417,2.639628070686003,0.9333688373292164
554,BayesianAccumulator(p_switch=0.01),0.8534043691690533,3.361414571501903,0.9664766384475384
555,BayesianAccumulator(p_switch=0.01),-0.09432222676384677,3.0118616801321583,0.9531071303429554
556,BayesianAccumulator(p_switch=0.01),-0.185658930550547,2.639966875515151,0.9333899049995759
557,BayesianAccumulator(p_switch=0.01),-0.11921080257449468,2.3890959574501798,0.9159920276131488
558,BayesianAccumulator(p_switch=0.01),0.9362207891062896,3.2217586469866393,0.961644933044866
559,BayesianAccumulator(p_switch=0.01),-0.10527850775514554,2.8911393365485947,0.9474066805326019
560,BayesianAccumulator(p_switch=0.01),0.7858170122508301,3.510344716256286,0.9709806788797315
561,BayesianAccumulator(p_switch=0.01),11.51291546492478,14.732402668048532,0.9999996002406387
562,BayesianAccumulator(p_switch=0.01),1.8264427456925825,6.421523024455671,0.9983764625208729
563,BayesianAccumulator(p_switch=0.01),0.008771817643626322,4.454633637926158,0.9885090001241345
564,BayesianAccumulator(p_switch=0.01),3.1875792238024636,7.016961179489109,0.9991042572751194
565,BayesianAccumulator(p_switch=0.01),-0.08975064559081813,4.420340632142908,0.9881128700268395
566,BayesianAccumulator(p_switch=0.01),-11.512915464920228,-7.702024516734368,0.00045170722242296284
567,BayesianAccumulator(p_switch=0.01),-0.8588766134433339,-5.410233720416913,0.004450697950872338
568,BayesianAccumulator(p_switch=0.01),-3.210770280391816,-7.4394959218630685,0.0005872362607485514
569,BayesianAccumulator(p_switch=0.01),-0.02181704618788996,-4.560401310958507,0.010349626291161472
570,BayesianAccumulator(p_switch=0.01),0.42854223424109567,-3.4560261305750566,0.030589654538139076
571,BayesianAccumulator(p_switch=0.01),11.51291546492478,8.334284956817191,0.9997599168097957
572,BayesianAccumulator(p_switch=0.01),0.8381631449729576,5.409789676770691,0.9955473341079097
573,BayesianAccumulator(p_switch=0.01),0.13729462452281907,4.365884031676778,0.9874559325726598
574,BayesianAccumulator(p_switch=0.01),1.7253890177038511,5.506317786759388,0.9959553918121854
575,BayesianAccumulator(p_switch=0.01),-11.512915464920228,-7.25568456457728,0.0007056505150706328
576,BayesianAccumulator(p_switch=0.01),0.7112819746249044,-3.816271660544294,0.02153571302264664
577,BayesianAccumulator(p_switch=0.01),1.594580403285387,-1.8442073067059868,0.13655446124643625
578,BayesianAccumulator(p_switch=0.01),-1.685078772790814,-3.468969505220359,0.03020815586200058
579,BayesianAccumulator(p_switch=0.01),2.808365565392932,-0.3800502015030003,0.40611478913081855
580,BayesianAccumulator(p_switch=0.01),0.8546846108238545,0.48241407144371456,0.6183177603191979
581,BayesianAccumulator(p_switch=0.01),-0.09842487700800846,0.3739741018433971,0.5924189113785333
582,BayesianAccumulator(p_switch=0.01),1.32392847471359,1.6902529033746498,0.8442574162348772
583,BayesianAccumulator(p_switch=0.01),11.51291546492478,13.151720464435165,0.9999980578644796
584,BayesianAccumulator(p_switch=0.01),0.6391437413008315,5.2340713577449,0.9946965035461307
585,BayesianAccumulator(p_switch=0.01),0.7284551568860554,4.899770239010062,0.9926067727300172
586,BayesianAccumulator(p_switch=0.01),-0.1515223156323381,3.891293887554647,0.9799896797456495
587,BayesianAccumulator(p_switch=0.01),-0.6408842131583248,2.848697735000317,0.94525132800029
588,BayesianAccumulator(p_switch=0.01),1.7275654134006806,4.416093370536064,0.9880628788668682
589,BayesianAccumulator(p_switch=0.01),-0.6491777551982132,3.1594027295637575,0.95927762101545
590,BayesianAccumulator(p_switch=0.01),0.4957917618381312,3.4421707199314473,0.9689967950546025
591,BayesianAccumulator(p_switch=0.01),-0.17362378588882654,2.9944979217701584,0.9523249414389727
592,BayesianAccumulator(p_switch=0.01),1.0652573424930096,3.876464515369369,0.9796967977806176
593,BayesianAccumulator(p_switch=0.01),0.8477675787382087,4.327406925127065,0.9869702787092446
594,BayesianAccumulator(p_switch=0.01),2.3291420372138543,6.088459436076462,0.997736234649122
595,BayesianAccumulator(p_switch=0.01),-0.21281930917710767,4.179691838569231,0.9849274360989062
596,BayesianAccumulator(p_switch=0.01),0.07618690816305583,3.749180947231471,0.9770042356524474
597,BayesianAccumulator(p_switch=0.01),-0.8171409894749482,2.5751948520061587,0.9292479999855022
598,BayesianAccumulator(p_switch=0.01),-0.13334916257269305,2.318040845107437,0.9103601932694125
599,BayesianAccumulator(p_switch=0.01),0.9109286120736034,3.1323075865753776,0.9582059034444681
600,BayesianAccumulator(p_switch=0.01),1.5651883339650492,4.489635186752314,0.9888998581877003
601,BayesianAccumulator(p_switch=0.01),-0.7384169838794803,3.1095364963607635,0.9572844066842857
602,BayesianAccumulator(p_switch=0.01),1.8226330811528804,4.7285614106988145,0.9912382686572851
603,BayesianAccumulator(p_switch=0.01),11.51291546492478,15.479474013643657,0.9999998106131717
604,BayesianAccumulator(p_switch=0.01),0.9645430209035842,5.559644123827383,0.9961646204433483
605,BayesianAccumulator(p_switch=0.01),11.51291546492478,15.785147230465164,0.9999998604924855
606,BayesianAccumulator(p_switch=0.01),-0.5413945233235345,4.053711517069734,0.9829383226626192
607,BayesianAccumulator(p_switch=0.01),-1.2275895516262993,2.3676528455103245,0.9143271796524065
608,BayesianAccumulator(p_switch=0.01),-2.6436103600154865,-0.3773885931139431,0.40675689073266774
609,BayesianAccumulator(p_switch=0.01),11.51291546492478,11.14324955890721,0.9999855275545679
610,BayesianAccumulator(p_switch=0.01),1.3633874584027708,5.957075687360236,0.9974192102264494
611,BayesianAccumulator(p_switch=0.01),0.3364363000622102,4.70352340993436,0.9910181182707923
612,BayesianAccumulator(p_switch=0.01),0.7721721588590766,4.726969954701289,0.9912244361090369
613,BayesianAccumulator(p_switch=0.01),-1.0337729883389395,2.932042672327761,0.9494078799619012
614,BayesianAccumulator(p_switch=0.01),11.51291546492478,14.27191714650068,0.9999993664442134
615,BayesianAccumulator(p_switch=0.01),0.5700137790756902,5.1650709155141685,0.9943197913789861
616,BayesianAccumulator(p_switch=0.01),0.5443271097714736,4.691265473370486,0.9909083485182649
617,BayesianAccumulator(p_switch=0.01),1.501043018447587,5.450026119976188,0.995722185840152
618,BayesianAccumulator(p_switch=0.01),1.0684538492287428,5.309218601147675,0.9950785506117262
619,BayesianAccumulator(p_switch=0.01),0.6953914534242926,4.892031348372413,0.9925497633105134
620,BayesianAccumulator(p_switch=0.01),-0.5629824335850838,3.476542487858491,0.9700129118290489
621,BayesianAccumulator(p_switch=0.01),1.0534691113120558,4.247595765495992,0.9859029972454098
622,BayesianAccumulator(p_switch=0.01),11.51291546492478,15.226249251304148,0.9999997560370568
623,BayesianAccumulator(p_switch=0.01),11.51291546492478,16.10801116547803,0.9999998989864596
624,BayesianAccumulator(p_switch=0.01),11.51291546492478,16.1080253157882,0.9999998989878891
625,BayesianAccumulator(p_switch=0.01),-0.21427491174483135,4.380834939260093,0.9876397818843262
626,BayesianAccumulator(p_switch=0.01),-0.8324913085274098,2.956736506012059,0.9505809105111284
627,BayesianAccumulator(p_switch=0.01),0.2503551926452489,3.0300615673984517,0.9539138796760206
628,BayesianAccumulator(p_switch=0.01),0.475638631919523,3.316331798288359,0.9649848574853339
629,BayesianAccumulator(p_switch=0.01),2.560225185591988,5.631334112114917,0.9964290067357057
630,BayesianAccumulator(p_switch=0.01),-2.2863400191667043,2.00516565386314,0.8813383725322118
631,BayesianAccumulator(p_switch=0.01),11.51291546492478,13.447097674738536,0.9999985545633762
632,BayesianAccumulator(p_switch=0.01),0.21117177907277676,4.806148555612766,0.9918870569699643
633,BayesianAccumulator(p_switch=0.01),-0.11237539330484121,3.8896379040786018,0.9799571802381631
634,BayesianAccumulator(p_switch=0.01),-0.8646502703875482,2.62382380426422,0.9323791894963408
635,BayesianAccumulator(p_switch=0.01),-2.1584633590292652,0.3356995773712925,0.5831455221265935
636,BayesianAccumulator(p_switch=0.01),1.7108860616849213,2.0397486924671755,0.8849076757427419
637,BayesianAccumulator(p_switch=0.01),0.4980262904894509,2.464292692093124,0.9216003850744111
638,BayesianAccumulator(p_switch=0.01),-1.3068661085258864,1.0460833058611199,0.7400220774224903
639,BayesianAccumulator(p_switch=0.01),-1.3160491174814746,-0.2947702325691932,0.4268364383090455
640,BayesianAccumulator(p_switch=0.01),-0.002941641269382742,-0.29173332113956224,0.4275795744099268
641,BayesianAccumulator(p_switch=0.01),11.51291546492478,11.227097408394345,0.9999866915410942
642,BayesianAccumulator(p_switch=0.01),0.08854819028976599,4.682351487102598,0.990827690051859
643,BayesianAccumulator(p_switch=0.01),-1.7420154638934189,2.2027156586775822,0.9004931129922754
644,BayesianAccumulator(p_switch=0.01),0.10520525139738042,2.221566355617493,0.9021695288458217
645,BayesianAccumulator(p_switch=0.01),0.0727638037418933,2.206362261372684,0.900819390927721
646,BayesianAccumulator(p_switch=0.01),-11.512915464920228,-9.393217743767549,8.328009213520481e-05
647,BayesianAccumulator(p_switch=0.01),0.3380284892053391,-4.248880594140446,0.014079156993448807
648,BayesianAccumulator(p_switch=0.01),0.12303352827704434,-3.5910528039133043,0.02682961659971237
649,BayesianAccumulator(p_switch=0.01),1.4426320555676166,-1.8365296718822715,0.13746223935556268
650,BayesianAccumulator(p_switch=0.01),11.51291546492478,9.736230806567432,0.9999409006071994
651,BayesianAccumulator(p_switch=0.01),2.7160913852710062,7.305377698419676,0.9993285354854645
652,BayesianAccumulator(p_switch=0.01),0.07737214694304086,4.608098098200583,0.990127670960593
653,BayesianAccumulator(p_switch=0.01),-1.0045782916829,2.9039631574205926,0.9480420025744415
654,BayesianAccumulator(p_switch=0.01),11.51291546492478,14.2482749303945,0.9999993512870922
655,BayesianAccumulator(p_switch=0.01),0.4800747689152146,5.075130405045105,0.9937885519162425
656,BayesianAccumulator(p_switch=0.01),0.42290753451817187,4.53641967694171,0.9894018349624092
657,BayesianAccumulator(p_switch=0.01),0.3753971512794333,4.247697275318576,0.9859044079874848
658,BayesianAccumulator(p_switch=0.01),0.6607347842961145,4.374128041253881,0.9875576394653807
659,BayesianAccumulator(p_switch=0.01),0.2277468358851164,4.013258566391659,0.9822464817035219
660,BayesianAccumulator(p_switch=0.01),-0.29041856736856714,3.279069559474909,0.9637037519420961
661,BayesianAccumulator(p_switch=0.01),-0.25764658439975924,2.784210685357733,0.941816611648237
662,BayesianAccumulator(p_switch=0.01),0.3646848075867448,2.9980819582961518,0.9524874008486105
663,BayesianAccumulator(p_switch=0.01),-0.25345792928986977,2.5607288331450446,0.9282909889944129
664,BayesianAccumulator(p_switch=0.01),-0.46354045976481856,1.975078304497362,0.8781555279341534
665,BayesianAccumulator(p_switch=0.01),0.540501485398218,2.4467084261399292,0.9203204109291749
666,BayesianAccumulator(p_switch=0.01),0.0940967068547146,2.4313288179962176,0.9191852972834
667,BayesianAccumulator(p_switch=0.01),11.51291546492478,13.836377346981909,0.9999990206515431
668,BayesianAccumulator(p_switch=0.01),-11.512915464920228,-6.917892555785515,0.0009889349716945635
669,BayesianAccumulator(p_switch=0.01),2.548193455358584,-1.9534447035134654,0.12417823385939294
670,BayesianAccumulator(p_switch=0.01),3.6164487407261294,1.7303914552587212,0.8494624848238824
671,BayesianAccumulator(p_switch=0.01),-11.512915464920228,-9.83616895112038,5.347895042410258e-05
672,BayesianAccumulator(p_switch=0.01),-0.011225230765287189,-4.601064889511881,0.009941315235793119
673,BayesianAccumulator(p_switch=0.01),-0.04573701053321999,-3.9507792023529076,0.018876525540444885
674,BayesianAccumulator(p_switch=0.01),-1.5316904213393692,-5.060663900073736,0.006301388793801365
675,BayesianAccumulator(p_switch=0.01),-0.5465939729706997,-4.654552482085961,0.009428430420464052
676,BayesianAccumulator(p_switch=0.01),-1.0107799227740883,-4.942123582102824,0.007088811108322401
677,BayesianAccumulator(p_switch=0.01),11.51291546492478,7.452345350690484,0.9994202567715601
678,BayesianAccumulator(p_switch=0.01),1.9991091998374086,6.538395484898592,0.9985552821663892
679,BayesianAccumulator(p_switch=0.01),3.969469543047771,8.430742920569768,0.9997819881101853
680,BayesianAccumulator(p_switch=0.01),1.4928230521162231,6.066586939513391,0.9976862908035337
681,BayesianAccumulator(p_switch=0.01),-1.0393031776469959,3.349160608811717,0.9660773381435547
682,BayesianAccumulator(p_switch=0.01),-0.2304386625645414,2.866246195247544,0.9461524190631777
683,BayesianAccumulator(p_switch=0.01),1.0816831324914526,3.7851238993326284,0.9777980688069856
684,BayesianAccumulator(p_switch=0.01),-1.1894257406442448,2.2279151470402185,0.9027284421368014
685,BayesianAccumulator(p_switch=0.01),1.4755502354367238,3.6149479946959255,0.9737872775086538
686,BayesianAccumulator(p_switch=0.01),0.11172559623145137,3.40831239201216,0.967963310522382
687,BayesianAccumulator(p_switch=0.01),-0.04979525573366193,3.0924996625952286,0.9565823011055068
688,BayesianAccumulator(p_switch=0.01),1.4715179048238987,4.363540130018093,0.9874268661371259
689,BayesianAccumulator(p_switch=0.01),1.0113230552673445,4.7909457554398305,0.9917637988061825
690,BayesianAccumulator(p_switch=0.01),-0.033162437840443086,3.962021232168401,0.9813305568769959
691,BayesianAccumulator(p_switch=0.01),2.8990396103568568,6.435368416343939,0.9983987503916166
692,BayesianAccumulator(p_switch=0.01),-0.9659874943004236,3.48178259368627,0.9701649604767928
693,BayesianAccumulator(p_switch=0.01),1.2937467013359323,4.491818770643786,0.9889238016618472
694,BayesianAccumulator(p_switch=0.01),1.253646082895414,5.102748043747301,0.9939567277498804
695,BayesianAccumulator(p_switch=0.01),0.028546211157986313,4.152523609758749,0.9845187542816011
696,BayesianAccumulator(p_switch=0.01),0.837032729115948,4.493576961928616,0.9889430434928633
697,BayesianAccumulator(p_switch=0.01),-1.2386794679698372,2.611346369853462,0.9315882524302925
698,BayesianAccumulator(p_switch=0.01),1.9662532512958948,4.449464980904571,0.9884501410880909
699,BayesianAccumulator(p_switch=0.01),0.17859060020483422,4.0052042799489875,0.9821054814875642
700,BayesianAccumulator(p_switch=0.01),-0.22825348257895742,3.3360618774243966,0.9656454370433113
701,BayesianAccumulator(p_switch=0.01),2.372457161800694,5.458959377139611,0.9957600691633036
702,BayesianAccumulator(p_switch=0.01),-0.4527930758026674,3.790628672126305,0.9779172581603163
703,BayesianAccumulator(p_switch=0.01),-1.5336408450155332,1.8875054537822948,0.8684708422707504
704,BayesianAccumulator(p_switch=0.01),-1.8745923076460451,-0.050123998057494124,0.4874716234160908
705,BayesianAccumulator(p_switch=0.01),1.276204380634694,1.227083269848472,0.7733076706018166
706,BayesianAccumulator(p_switch=0.01),-1.2898913930013933,-0.09372829298460461,0.47658506591370287
707,BayesianAccumulator(p_switch=0.01),11.51291546492478,11.421064401714014,0.9999890379950939
708,BayesianAccumulator(p_switch=0.01),-11.512915464920228,-6.918880165980856,0.000987959736012356
709,BayesianAccumulator(p_switch=0.01),11.51291546492478,7.011189206985548,0.9990990767942824
710,BayesianAccumulator(p_switch=0.01),0.6780585138843507,5.187678050409202,0.9944460587722065
711,BayesianAccumulator(p_switch=0.01),0.2858754097607697,4.440920427103831,0.9883521842988677
712,BayesianAccumulator(p_switch=0.01),-0.2552802712576009,3.5667424781979613,0.9725282916310977
713,BayesianAccumulator(p_switch=0.01),0.9431764280194278,4.2044955428797595,0.9852912618103001
714,BayesianAccumulator(p_switch=0.01),0.3586334443775176,4.04649136698153,0.9828168134220452
715,BayesianAccumulator(p_switch=0.01),2.602005902432919,6.19267936704996,0.9979598289408014
716,BayesianAccumulator(p_switch=0.01),0.5505720232823224,4.961401409505127,0.9930455957033866
717,BayesianAccumulator(p_switch=0.01),0.5975279138465398,4.666034743767944,0.9906782067208945
718,BayesianAccumulator(p_switch=0.01),-0.03633865288760666,3.9005580209174866,0.9801705430063594
719,BayesianAccumulator(p_switch=0.01),0.3347567402008647,3.8305253090507536,0.9787625993057394
720,BayesianAccumulator(p_switch=0.01),0.81108437864321,4.259616905798501,0.9860690981727028
721,BayesianAccumulator(p_switch=0.01),-2.3514639250442495,1.3688951880479485,0.7972015959301361
722,BayesianAccumulator(p_switch=0.01),-1.414378481034369,-0.08185607633811864,0.4795473997199676
723,BayesianAccumulator(p_switch=0.01),1.5366638807896285,1.4564467002535035,0.8109886051592909
724,BayesianAccumulator(p_switch=0.01),0.6245806663884453,2.040951410707709,0.8850301111878023
725,BayesianAccumulator(p_switch=0.01),0.17970203025150788,2.1470828489972043,0.8953958653415887
726,BayesianAccumulator(p_switch=0.01),0.42856176906100485,2.493896366152667,0.9237128233041364
727,BayesianAccumulator(p_switch=0.01),0.867736591480626,3.247080709829568,0.9625680702736487
728,BayesianAccumulator(p_switch=0.01),-0.24899005777338654,2.7675708099277836,0.9408980465073484
729,BayesianAccumulator(p_switch=0.01),-0.5472245139236543,2.071864943769453,0.8881383751579455
730,BayesianAccumulator(p_switch=0.01),0.6577446633350376,2.6537365365266687,0.93424091678184
731,BayesianAccumulator(p_switch=0.01),-0.8165891558937073,1.7037597460260492,0.8460251416782859
732,BayesianAccumulator(p_switch=0.01),0.9567759212601784,2.608357115502959,0.9313974965691698
733,BayesianAccumulator(p_switch=0.01),-2.323135616131754,0.15745005573030957,0.5392813969206982
734,BayesianAccumulator(p_switch=0.01),2.2984271351407806,2.4527155527933155,0.9207598072839043
735,BayesianAccumulator(p_switch=0.01),1.0552368253773206,3.3978415160975257,0.9676370092096149
736,BayesianAccumulator(p_switch=0.01),0.7391452619628275,3.8734114284132235,0.9796359798583076
737,BayesianAccumulator(p_switch=0.01),2.140814430400949,5.618400766848964,0.9963826900426629
738,BayesianAccumulator(p_switch=0.01),11.51291546492478,15.801018410399127,0.9999998626891562
739,BayesianAccumulator(p_switch=0.01),2.246070203864946,6.841176461703498,0.9989322960060679
740,BayesianAccumulator(p_switch=0.01),-2.9931184067823158,1.5014290094337963,0.8177875111655415
741,BayesianAccumulator(p_switch=0.01),-1.288381350926767,0.17095899016958382,0.5426359547543357
742,BayesianAccumulator(p_switch=0.01),-0.3534154599851704,-0.18589182948571967,0.4536604075390753
743,BayesianAccumulator(p_switch=0.01),0.43818855476032337,0.25603536754431533,0.5636614487941528
744,BayesianAccumulator(p_switch=0.01),1.1270696397232294,1.3779298630092622,0.7986583213843429
745,BayesianAccumulator(p_switch=0.01),-0.4798952697720088,0.8612922144276,0.7029305642506235
746,BayesianAccumulator(p_switch=0.01),0.6456522053731685,1.4875841650776969,0.8157153920673935
747,BayesianAccumulator(p_switch=0.01),-0.5177217438998803,0.9284015253692147,0.7167508771474704
748,BayesianAccumulator(p_switch=0.01),-0.3369742316094227,0.570172102111562,0.6388028858644753
749,BayesianAccumulator(p_switch=0.01),-1.5299454246911786,-0.9717848408387862,0.2745248885523244
750,BayesianAccumulator(p_switch=0.01),-0.7398816409608406,-1.6891380397084501,0.15588922992361695
751,BayesianAccumulator(p_switch=0.01),-1.4210653904231783,-3.0588154468462507,0.0448384076592623
752,BayesianAccumulator(p_switch=0.01),-0.8130637010581145,-3.677465247815638,0.02466332858140542
753,BayesianAccumulator(p_switch=0.01),2.3904028476372523,-0.9512350425790768,0.2786365127792437
754,BayesianAccumulator(p_switch=0.01),-0.7760105813932738,-1.7053252083500476,0.15377104131238378
755,BayesianAccumulator(p_switch=0.01),11.51291546492478,9.859854055435404,0.9999477727560275
756,BayesianAccumulator(p_switch=0.01),1.0879493291591917,5.677912262172347,0.9965909687447407
757,BayesianAccumulator(p_switch=0.01),0.6430865115638363,4.9465803474694825,0.992942489289322
758,BayesianAccumulator(p_switch=0.01),-0.6522056742694171,3.410207297864243,0.9680220201190409
759,BayesianAccumulator(p_switch=0.01),1.4506143420873627,4.594360125234633,0.9899924759229002
760,BayesianAccumulator(p_switch=0.01),-0.2928403208595816,3.6088545168542376,0.9736312878738405
761,BayesianAccumulator(p_switch=0.01),0.5606500864433153,3.852804038015962,0.9792207872020179
762,BayesianAccumulator(p_switch=0.01),11.51291546492478,14.976591128773265,0.9999996868524782
763,BayesianAccumulator(p_switch=0.01),0.2866754342559728,4.881764286419838,0.9924734559336121
764,BayesianAccumulator(p_switch=0.01),2.8396651854378834,6.874801013890892,0.9989675637552535
765,BayesianAccumulator(p_switch=0.01),-0.4513195693328789,4.046396551827552,0.9828152121175626
766,BayesianAccumulator(p_switch=0.01),0.3619130596864885,3.952526444514939,0.9811558065500561
767,BayesianAccumulator(p_switch=0.01),11.51291546492478,15.04303398592179,0.9999997069827274
768,BayesianAccumulator(p_switch=0.01),-0.35607560290600043,4.23901524189063,0.985783244197337
769,BayesianAccumulator(p_switch=0.01),11.51291546492478,15.221213236253071,0.9999997548053572
770,BayesianAccumulator(p_switch=0.01),1.4651925715602179,6.060288150190545,0.9976717052809655
771,BayesianAccumulator(p_switch=0.01),-0.27671236480871503,4.110572445067249,0.983866183858646
772,BayesianAccumulator(p_switch=0.01),1.3232524573574256,4.9540514691760835,0.9929946523353006
773,BayesianAccumulator(p_switch=0.01),2.1089116860221444,6.174403145339504,0.9979222776911879
774,BayesianAccumulator(p_switch=0.01),1.3042119188600085,5.711941903406009,0.9967046493428023
775,BayesianAccumulator(p_switch=0.01),-1.9104297111483721,2.4015629109236585,0.9169464056620747
776,BayesianAccumulator(p_switch=0.01),-0.48166580337089454,1.8150837158113242,0.8599751655565614
777,BayesianAccumulator(p_switch=0.01),0.10306878364972809,1.859607767376743,0.8652512235921801
778,BayesianAccumulator(p_switch=0.01),0.3132156546475371,2.111551181902685,0.8920208334414401
779,BayesianAccumulator(p_switch=0.01),1.3021799072636606,3.3348073771091986,0.9656037955201503
780,BayesianAccumulator(p_switch=0.01),0.633622065501248,3.7191475112739063,0.9763197207122449
781,BayesianAccumulator(p_switch=0.01),-1.390069308406143,1.981164566679732,0.8788052508517247
782,BayesianAccumulator(p_switch=0.01),0.9151818362981639,2.827052361645206,0.9441202964602904
783,BayesianAccumulator(p_switch=0.01),1.2842698549121045,3.954350078296117,0.9811894943101128
784,BayesianAccumulator(p_switch=0.01),1.1966995660574686,4.728012457198716,0.9912334997303226
785,BayesianAccumulator(p_switch=0.01),2.5013187515168096,6.467621121182173,0.9984494922672841
786,BayesianAccumulator(p_switch=0.01),1.7359871894461025,6.1881150661522994,0.997950514830887
787,BayesianAccumulator(p_switch=0.01),1.0343275640126035,5.444387308290677,0.9956980999771986
788,BayesianAccumulator(p_switch=0.01),0.318465702141536,4.557544720770679,0.9896210740885654
789,BayesianAccumulator(p_switch=0.01),-2.1783485045640893,1.7047660559551105,0.8461561846112996
790,BayesianAccumulator(p_switch=0.01),0.9889752409562911,2.6415079601439766,0.9334856551778002
791,BayesianAccumulator(p_switch=0.01),0.6735888936380143,3.1832444169962337,0.9601988433086802
792,BayesianAccumulator(p_switch=0.01),0.7605523878721483,3.7261359932379516,0.9764807543898326
793,BayesianAccumulator(p_switch=0.01),-1.2833799696486172,2.09278090277215,0.8901995381849204
794,BayesianAccumulator(p_switch=0.01),-0.965977297271335,1.0493362278561815,0.7406474163417887
795,BayesianAccumulator(p_switch=0.01),2.3884960911301873,3.4129253552258216,0.9681060516919361
796,BayesianAccumulator(p_switch=0.01),0.35625450468222514,3.502080289351107,0.9707469018492257
797,BayesianAccumulator(p_switch=0.01),1.4143440428275618,4.62765050749746,0.9903169729988865
798,BayesianAccumulator(p_switch=0.01),0.4409925614425469,4.3591970448902115,0.9873728322159416
799,BayesianAccumulator(p_switch=0.01),0.4428034844370991,4.220002550830052,0.9855143124178517
800,BayesianAccumulator(p_switch=0.01),2.0065698076708043,5.7036453323819485,0.9966772867243754
801,BayesianAccumulator(p_switch=0.01),-0.22013839563975837,4.089802156808998,0.9835331513355527
802,BayesianAccumulator(p_switch=0.01),0.5272274765676986,4.14512607575951,0.984405599139782
803,BayesianAccumulator(p_switch=0.01),-0.15504016596616121,3.496994541507592,0.97060213378814
804,BayesianAccumulator(p_switch=0.01),-0.12154488568869005,3.087951711522653,0.9563930201439461
805,BayesianAccumulator(p_switch=0.01),0.02899548313399769,2.917298194258096,0.9486949538366216
806,BayesianAccumulator(p_switch=0.01),0.6930277746416584,3.4396279796816582,0.9689203148719381
807,BayesianAccumulator(p_switch=0.01),-0.17494316425050147,2.991246169016054,0.9521770875408209
808,BayesianAccumulator(p_switch=0.01),3.736906154697909,6.545408434988281,0.9985653639721792
809,BayesianAccumulator(p_switch=0.01),-0.7008770225420637,3.761272204179429,0.9772743283565305
810,BayesianAccumulator(p_switch=0.01),0.17620854736958963,3.576986576617609,0.9728006625203676
811,BayesianAccumulator(p_switch=0.01),-0.12785113937140766,3.1410006866059987,0.958552655686884
812,BayesianAccumulator(p_switch=0.01),11.51291546492478,14.44441119717989,0.9999994668226507
813,BayesianAccumulator(p_switch=0.01),0.6586916873420372,5.253758759669589,0.994799356823532
814,BayesianAccumulator(p_switch=0.01),2.30819362465354,6.486265598338916,0.9984780892608833
815,BayesianAccumulator(p_switch=0.01),-1.701021578990261,2.7535704495812805,0.940114678970797
816,BayesianAccumulator(p_switch=0.01),0.754300711932822,3.3613265696933263,0.9664737871118647
817,BayesianAccumulator(p_switch=0.01),1.8737296427701982,4.979845425366977,0.9931718194011535
818,BayesianAccumulator(p_switch=0.01),0.5094826886421627,4.58549885922303,0.9899043017794161
819,BayesianAccumulator(p_switch=0.01),2.437521398550577,6.334775013750915,0.9982295950755669
820,BayesianAccumulator(p_switch=0.01),-0.22164914198825802,4.211726182805369,0.9853956842031877
821,BayesianAccumulator(p_switch=0.01),11.51291546492478,15.205078598335474,0.9999997508171438
822,BayesianAccumulator(p_switch=0.01),11.51291546492478,16.10801064877172,0.9999998989864074
823,BayesianAccumulator(p_switch=0.01),-0.03540997201073764,4.5596998788475265,0.9896431868142656
824,BayesianAccumulator(p_switch=0.01),-0.1348068076348774,3.749404766194513,0.9770092636471287
825,BayesianAccumulator(p_switch=0.01),11.51291546492478,14.905407857332147,0.999999663749088
826,BayesianAccumulator(p_switch=0.01),11.51291546492478,16.10800203015843,0.999999898985537
827,BayesianAccumulator(p_switch=0.01),-0.22842004282937828,4.366689807942715,0.9874659095733422
828,BayesianAccumulator(p_switch=0.01),-0.10431868070006994,3.6770587700773723,0.9753268916873185
829,BayesianAccumulator(p_switch=0.01),0.06187820566265396,3.4032257285010927,0.9678051953253665
830,BayesianAccumulator(p_switch=0.01),-1.407271009276745,1.7311260507998651,0.849556397829546
831,BayesianAccumulator(p_switch=0.01),-0.7336037132781585,0.9438364571253075,0.7198739520824556
832,BayesianAccumulator(p_switch=0.01),-0.8532202654081991,0.0689125052422862,0.5172213116114677
833,BayesianAccumulator(p_switch=0.01),-0.5336725571912153,-0.4661393606369758,0.3855304112552665
834,BayesianAccumulator(p_switch=0.01),0.3622894567660382,-0.09419641533618789,0.4764682932602479
835,BayesianAccumulator(p_switch=0.01),0.7093812296206784,0.6170714466299738,0.6495522021664768
836,BayesianAccumulator(p_switch=0.01),11.51291546492478,12.116872794512263,0.9999945335342252
837,BayesianAccumulator(p_switch=0.01),-0.8449475942009385,3.7496312744674674,0.9770143509630508
838,BayesianAccumulator(p_switch=0.01),2.146024744193052,5.538675557868579,0.9960836672247118
839,BayesianAccumulator(p_switch=0.01),0.143458919188583,4.409860680971357,0.9879891425597336
840,BayesianAccumulator(p_switch=0.01),0.3439960648175153,4.149177940029789,0.9844676782510176
841,BayesianAccumulator(p_switch=0.01),1.4016516372912051,5.056157966818294,0.9936703336305385
842,BayesianAccumulator(p_switch=0.01),-1.029487920350674,3.076730662156772,0.9559226376752575
843,BayesianAccumulator(p_switch=0.01),0.9184340435150028,3.7975466119037966,0.9780661588328754
844,BayesianAccumulator(p_switch=0.01),0.6187564180439961,4.0446758726607355,0.9827861266005632
845,BayesianAccumulator(p_switch=0.01),1.0865705251725788,4.676093236451612,0.990770638892591
846,BayesianAccumulator(p_switch=0.01),0.7849714885458733,4.726705578800356,0.9912221361224721
847,BayesianAccumulator(p_switch=0.01),11.51291546492478,15.478607654480042,0.9999998104490238
848,BayesianAccumulator(p_switch=0.01),-0.3694331288331692,4.22566795784194,0.9855949688600876
849,BayesianAccumulator(p_switch=0.01),-0.2383179238523474,3.462110744590966,0.9695902637310152
850,BayesianAccumulator(p_switch=0.01),-0.35133863991979436,2.8318957069439343,0.9443752686633917
851,BayesianAccumulator(p_switch=0.01),-0.2681681599365166,2.4060449830566735,0.9172871037181465
852,BayesianAccumulator(p_switch=0.01),-0.3689951054850519,1.9317818014333268,0.8734465072125455
853,BayesianAccumulator(p_switch=0.01),3.0954569522446396,4.9613088466778645,0.9930449564315731
854,BayesianAccumulator(p_switch=0.01),11.51291546492478,15.58138440144943,0.9999998289627677
855,BayesianAccumulator(p_switch=0.01),-0.28684633213935135,4.308256587177346,0.986721695766245
856,BayesianAccumulator(p_switch=0.01),-0.6177501033963346,3.1306756153486432,0.9581404984275096
857,BayesianAccumulator(p_switch=0.01),1.0533864854730057,3.976508754971701,0.9815941386198617
858,BayesianAccumulator(p_switch=0.01),-0.26419369189366254,3.281571672500933,0.9637911714562074
859,BayesianAccumulator(p_switch=0.01),1.3241994996075295,4.368028272519864,0.987482464927909
860,BayesianAccumulator(p_switch=0.01),0.6672044491293934,4.449326845403671,0.9884485639633059
861,BayesianAccumulator(p_switch=0.01),-1.7721370634870264,2.054402541284138,0.8863917157146325
862,BayesianAccumulator(p_switch=0.01),11.51291546492478,13.492753367798965,0.9999986190719001
863,BayesianAccumulator(p_switch=0.01),11.51291546492478,16.107898626281735,0.9999998989750911
864,BayesianAccumulator(p_switch=0.01),-0.3385432069643316,4.256566642773739,0.9860271350389552
865,BayesianAccumulator(p_switch=0.01),-0.06526502855564015,3.6533147883034167,0.9747490134202701
866,BayesianAccumulator(p_switch=0.01),0.7803689108107986,4.104696720944993,0.9837726498028581
867,BayesianAccumulator(p_switch=0.01),0.8489033141394023,4.476063209939313,0.9887498867573686
868,BayesianAccumulator(p_switch=0.01),1.3711338467504304,5.211922355114756,0.9945783698099403
869,BayesianAccumulator(p_switch=0.01),11.51291546492478,15.676524044521077,0.9999998444850859
870,BayesianAccumulator(p_switch=0.01),0.18821700800292798,4.783321463848002,0.9917012867236729
871,BayesianAccumulator(p_switch=0.01),-0.5731477024682705,3.418589335123861,0.968280473918587
872,BayesianAccumulator(p_switch=0.01),-1.4748653450937403,1.675290559626329,0.8422799160563251
873,BayesianAccumulator(p_switch=0.01),-0.48648912552768325,1.1381528302997936,0.7573403350186512
874,BayesianAccumulator(p_switch=0.01),0.36422130760312516,1.4745668645242624,0.813750534745976
875,BayesianAccumulator(p_switch=0.01),11.51291546492478,12.946604915357561,0.999997615705536
876,BayesianAccumulator(p_switch=0.01),-0.22204134702759798,4.372842509330497,0.9875418335253843
877,BayesianAccumulator(p_switch=0.01),0.6952616609684451,4.480059849773929,0.9887942568434949
878,BayesianAccumulator(p_switch=0.01),0.38497782754466053,4.2278810240350895,0.9856263551831449
879,BayesianAccumulator(p_switch=0.01),3.090952116002686,6.792688511025045,0.9988793090121292
880,BayesianAccumulator(p_switch=0.01),11.51291546492478,16.002720535177087,0.9999998877705777
881,BayesianAccumulator(p_switch=0.01),-0.23816191239394166,4.356946828221953,0.9873447463493782
882,BayesianAccumulator(p_switch=0.01),-0.1878780328918282,3.588063484810192,0.973092222414255
883,BayesianAccumulator(p_switch=0.01),2.3539573235177254,5.630931252556106,0.9964275729774774
884,BayesianAccumulator(p_switch=0.01),1.4150894769136133,5.70648964753213,0.996686692871173
885,BayesianAccumulator(p_switch=0.01),11.51291546492478,15.823560972510595,0.9999998657498661
886,BayesianAccumulator(p_switch=0.01),1.2377863166183485,5.832892877432279,0.9970789676606592
887,BayesianAccumulator(p_switch=0.01),-0.031153028230123433,4.309331414693166,0.9867357707819596
888,BayesianAccumulator(p_switch=0.01),1.2494027037395818,4.998442106608768,0.9932967841486063
889,BayesianAccumulator(p_switch=0.01),2.6275075596675572,6.711012258146819,0.9987840491903229
890,BayesianAccumulator(p_switch=0.01),1.704677484269017,6.186011696187832,0.9979462083313843
891,BayesianAccumulator(p_switch=0.01),1.1102848331634347,5.519988918860804,0.9960100908149137
892,BayesianAccumulator(p_switch=0.01),2.442379737948074,6.703511267834752,0.9987749052776397
893,BayesianAccumulator(p_switch=0.01),2.9611680900578174,7.441692869254345,0.9994140516951711
894,BayesianAccumulator(p_switch=0.01),11.51291546492478,16.05162036362929,0.9999998931265562
895,BayesianAccumulator(p_switch=0.01),1.3529589926946946,5.948068263492722,0.9973959197581014
896,BayesianAccumulator(p_switch=0.01),0.2001235423569018,4.565367474050814,0.9897011161975895
897,BayesianAccumulator(p_switch=0.01),0.5928295228143451,4.479920464080973,0.9887927123204701
898,BayesianAccumulator(p_switch=0.01),3.230134884008033,7.072964396174533,0.99915300160097
899,BayesianAccumulator(p_switch=0.01),-0.5974849912200354,3.917055701065375,0.9804886687240884
900,BayesianAccumulator(p_switch=0.01),0.8983095590992655,4.405048141004263,0.987931899766286
901,BayesianAccumulator(p_switch=0.01),-0.07203771153448482,3.7305133595879774,0.9765810759784167
902,BayesianAccumulator(p_switch=0.01),0.44152961464436613,3.8207714334924154,0.9785589019963733
903,BayesianAccumulator(p_switch=0.01),4.0899508148445225,7.531819630377185,0.9994645244082357
904,BayesianAccumulator(p_switch=0.01),0.6514170492858059,5.194860630995435,0.99448558829185
905,BayesianAccumulator(p_switch=0.01),0.4638662840148105,4.6214623317315375,0.9902574525303386
906,BayesianAccumulator(p_switch=0.01),-1.4367885176045834,2.4783680273096547,0.9226113559324631
907,BayesianAccumulator(p_switch=0.01),1.5428322218209767,3.9083416324434035,0.9803212631513896
908,BayesianAccumulator(p_switch=0.01),1.3470398244328294,4.84799159561455,0.9922169353648074
909,BayesianAccumulator(p_switch=0.01),11.51291546492478,15.533431428387061,0.9999998205611953
910,BayesianAccumulator(p_switch=0.01),0.030668521624501913,4.625770609284545,0.9902989295287075
911,BayesianAccumulator(p_switch=0.01),0.6890029813431803,4.6062825471015065,0.9901099083904186
912,BayesianAccumulator(p_switch=0.01),0.7300448070920471,4.637684142219492,0.9904127163629057
913,BayesianAccumulator(p_switch=0.01),11.51291546492478,15.436041606665952,0.999999802206406
914,BayesianAccumulator(p_switch=0.01),0.2876117122980149,4.88271198305256,0.9924805318251835
915,BayesianAccumulator(p_switch=0.01),0.7708579565171492,4.806399998969614,0.991889080115394
916,BayesianAccumulator(p_switch=0.01),1.279525251653346,5.2816510256994285,0.9949416866214806
917,BayesianAccumulator(p_switch=0.01),0.6454426335599799,4.8329385260360604,0.9920998226870766
918,BayesianAccumulator(p_switch=0.01),-0.13592924581032143,3.877980076119864,0.9797269218662605
919,BayesianAccumulator(p_switch=0.01),0.6554030731658976,4.136060777471104,0.984265822952664
920,BayesianAccumulator(p_switch=0.01),2.4710819058532056,6.117572693958477,0.9978010472791276
921,BayesianAccumulator(p_switch=0.01),-0.8854706484882267,3.5123167397314266,0.9710361934007932
922,BayesianAccumulator(p_switch=0.01),0.5748906617171817,3.7958507866424545,0.9780297492121062
923,BayesianAccumulator(p_switch=0.01),-0.4474645723490133,2.9772857634154337,0.9515373602284951
924,BayesianAccumulator(p_switch=0.01),3.1400278628734277,5.93690086656448,0.9973667529819648
925,BayesianAccumulator(p_switch=0.01),-1.7902348829013985,2.572705488152988,0.9290841588964677
926,BayesianAccumulator(p_switch=0.01),-0.2723777843933686,2.1768160257511524,0.8981481774253418
927,BayesianAccumulator(p_switch=0.01),0.9107986455001007,3.003433007900506,0.9527289779094531
928,BayesianAccumulator(p_switch=0.01),11.51291546492478,14.331547486575476,0.9999994031190059
929,BayesianAccumulator(p_switch=0.01),0.32390207260453224,4.9189628392603515,0.9927462955338099
930,BayesianAccumulator(p_switch=0.01),-0.2678290318121646,3.7830865366063064,0.9777537966070984
931,BayesianAccumulator(p_switch=0.01),11.51291546492478,14.928846301761531,0.9999996715386397
932,BayesianAccumulator(p_switch=0.01),-1.617167841706195,2.977919494589517,0.951566575754566
933,BayesianAccumulator(p_switch=0.01),-11.512915464920228,-8.71551396846023,0.0001639944493141786
934,BayesianAccumulator(p_switch=0.01),1.0048156311495826,-3.5741981904429188,0.027273214224690742
935,BayesianAccumulator(p_switch=0.01),-0.20316097569721983,-3.4699644593832124,0.030179021680104907
936,BayesianAccumulator(p_switch=0.01),-0.8778179615392346,-4.066984641607261,0.016840500400433618
937,BayesianAccumulator(p_switch=0.01),1.4663825861739581,-2.137227464393265,0.10553081433673686
938,BayesianAccumulator(p_switch=0.01),0.7224223603448293,-1.3338492914890145,0.20852336007961264
939,BayesianAccumulator(p_switch=0.01),-0.2786841211179557,-1.5775681505997685,0.1711401669754956
940,BayesianAccumulator(p_switch=0.01),-1.289669950293071,-2.821559682519845,0.05617018958796869
941,BayesianAccumulator(p_switch=0.01),1.8297941170556153,-0.8355955802390722,0.30246321576928414
942,BayesianAccumulator(p_switch=0.01),1.3557024989602022,0.5387641585446262,0.6315248827136273
943,BayesianAccumulator(p_switch=0.01),0.28285995812392317,0.8103365929557371,0.6921812255819801
944,BayesianAccumulator(p_switch=0.01),11.51291546492478,12.305274334481767,0.9999954722202602
945,BayesianAccumulator(p_switch=0.01),-0.9495537758989776,3.645117968182154,0.9745464749883324
946,BayesianAccumulator(p_switch=0.01),-1.7959691303740684,1.5224567425103808,0.8208999635710067
947,BayesianAccumulator(p_switch=0.01),-0.43711937138668533,1.0422808083149624,0.7392898497824377
948,BayesianAccumulator(p_switch=0.01),0.3487902834247959,1.366386220940889,0.7967956657019764
949,BayesianAccumulator(p_switch=0.01),0.7217934960543161,2.051909075791163,0.8861403781217545
950,BayesianAccumulator(p_switch=0.01),0.11062942424068721,2.08815903334906,0.8897469613044616
951,BayesianAccumulator(p_switch=0.01),0.8741891223459618,2.8852356457511816,0.9471117375921115
952,BayesianAccumulator(p_switch=0.01),-1.239413030792558,1.4801208842502167,0.8145908388644416
953,BayesianAccumulator(p_switch=0.01),11.51291546492478,12.951910780519471,0.9999976283227487
954,BayesianAccumulator(p_switch=0.01),0.30373226890393107,4.898617373950592,0.9925983075454873
955,BayesianAccumulator(p_switch=0.01),2.6692691725343263,6.711595999948443,0.9987847579221805
956,BayesianAccumulator(p_switch=0.01),0.8607513257126749,5.342148302382179,0.9952372138992767
957,BayesianAccumulator(p_switch=0.01),1.0305678250149963,5.237910708872553,0.9947167191209573
958,BayesianAccumulator(p_switch=0.01),1.2135709868762383,5.3862106295003205,0.995441581198176
959,BayesianAccumulator(p_switch=0.01),1.0166142297788408,5.237909083612324,0.9947167105796101
960,BayesianAccumulator(p_switch=0.01),1.3419889177120052,5.514628000332403,0.9959887298301223
961,BayesianAccumulator(p_switch=0.01),6.67996967372588,10.939576174034809,0.9999822583205596
962,BayesianAccumulator(p_switch=0.01),0.6586468246810986,5.252011937368043,0.9947903116541293
963,BayesianAccumulator(p_switch=0.01),1.4676578339635469,5.645133811270823,0.996477774533607
964,BayesianAccumulator(p_switch=0.01),0.2944257859904214,4.589526478720052,0.9899444735836255
965,BayesianAccumulator(p_switch=0.01),11.51291546492478,15.412190135506531,0.9999997974320272
966,BayesianAccumulator(p_switch=0.01),-0.4176370999892521,4.177462698159189,0.9848943078616579
967,BayesianAccumulator(p_switch=0.01),11.51291546492478,15.184566444916435,0.9999997456530861
968,BayesianAccumulator(p_switch=0.01),0.355508002246686,4.9506026749165715,0.9929706207461275
969,BayesianAccumulator(p_switch=0.01),-1.5801978083222017,2.4838742499533706,0.9230035845531698
970,BayesianAccumulator(p_switch=0.01),0.5685621147384459,2.938979838444589,0.949740052871716
971,BayesianAccumulator(p_switch=0.01),-0.42347922448333986,2.3413472427831827,0.9122439984557007
972,BayesianAccumulator(p_switch=0.01),1.7519061719341638,3.994377183343342,0.9819142062420922
973,BayesianAccumulator(p_switch=0.01),-0.38794205858617664,3.1693963028122307,0.9596662237760633
974,BayesianAccumulator(p_switch=0.01),-0.13562764239291178,2.818811998448145,0.9436839638992174
975,BayesianAccumulator(p_switch=0.01),-3.3733819598199726,-0.7103400721684787,0.3295237010282659
976,BayesianAccumulator(p_switch=0.01),-0.14301082489095773,-0.8379590248523717,0.3019648109917832
977,BayesianAccumulator(p_switch=0.01),-11.512915464920228,-12.332153090541798,4.407700212690118e-06
978,BayesianAccumulator(p_switch=0.01),-1.94747309501882,-6.5421567206106,0.0014393019220037555
979,BayesianAccumulator(p_switch=0.01),1.5723924031440561,-2.889351384389886,0.052682479527539294
980,BayesianAccumulator(p_switch=0.01),1.6268673683213861,-1.0961484265960886,0.25046225864003707
981,BayesianAccumulator(p_switch=0.01),0.9826679170790692,-0.08706955217367807,0.478246353280566
982,BayesianAccumulator(p_switch=0.01),-0.8005533842520604,-0.8858794099588456,0.2919609039289026
983,BayesianAccumulator(p_switch=0.01),0.3461621137560944,-0.5196729075516382,0.37292872202140603
984,BayesianAccumulator(p_switch=0.01),0.40096395359008874,-0.10785620935144846,0.4730620566062399
985,BayesianAccumulator(p_switch=0.01),-1.0853728959417224,-1.191067921367788,0.23306799329392622
986,BayesianAccumulator(p_switch=0.01),11.51291546492478,10.351480450929982,0.999968055559415
987,BayesianAccumulator(p_switch=0.01),1.8421999773621178,6.434162540034865,0.9983968214154212
988,BayesianAccumulator(p_switch=0.01),0.1350478671837706,4.582652657258291,0.9898758177791877
989,BayesianAccumulator(p_switch=0.01),0.43918892856255365,4.335011878026644,0.9870677166853907
990,BayesianAccumulator(p_switch=0.01),0.6745214292976246,4.438139158421093,0.9883201224060038
991,BayesianAccumulator(p_switch=0.01),-11.512915464920228,-7.692390985000695,0.0004560777918544783
992,BayesianAccumulator(p_switch=0.01),0.1034793801530076,-4.447463323383412,0.011572733110968039
993,BayesianAccumulator(p_switch=0.01),-0.4246494041286276,-4.2501892342132,0.014061003392918332
994,BayesianAccumulator(p_switch=0.01),-0.8496132329642684,-4.564465646190202,0.01030808002924482
995,BayesianAccumulator(p_switch=0.01),0.06270018163345342,-3.8239331315039067,0.021374861499573117
996,BayesianAccumulator(p_switch=0.01),11.51291546492478,8.068884369456043,0.9996869655948527
997,BayesianAccumulator(p_switch=0.01),1.3385589315995285,5.9031526327512704,0.9972766151243936
998,BayesianAccumulator(p_switch=0.01),-0.28737634160999653,4.068477557932117,0.9831841998415151
999,BayesianAccumulator(p_switch=0.01),1.2183601321854685,4.8229087807500655,0.992020822652265
0,"CUSUMHybrid(d=0.5, h=3.0)",1.093361822300096,1.093361822300096,0.7490142459033697
1,"CUSUMHybrid(d=0.5, h=3.0)",0.2351605871885146,1.3285224094886106,0.7905961189568046
2,"CUSUMHybrid(d=0.5, h=3.0)",1.3510825861560942,2.679604995644705,0.9358124007345711
3,"CUSUMHybrid(d=0.5, h=3.0)",11.51291546492478,14.192520460569483,0.9999993140911889
4,"CUSUMHybrid(d=0.5, h=3.0)",0.11915673597567286,14.311677196545157,0.9999993911401978
5,"CUSUMHybrid(d=0.5, h=3.0)",0.11917650733055411,14.43085370387571,0.9999994595448837
6,"CUSUMHybrid(d=0.5, h=3.0)",11.51291546492478,25.94376916880049,0.9999999999945954
7,"CUSUMHybrid(d=0.5, h=3.0)",1.5872611619387442,27.531030330739235,0.9999999999988949
8,"CUSUMHybrid(d=0.5, h=3.0)",-0.16373407863388326,27.36729625210535,0.9999999999986982
9,"CUSUMHybrid(d=0.5, h=3.0)",1.167915429123424,28.535211681228777,0.9999999999995952
10,"CUSUMHybrid(d=0.5, h=3.0)",-0.15641937935367184,28.378792301875105,0.9999999999995266
11,"CUSUMHybrid(d=0.5, h=3.0)",-0.15921116361118412,28.219581138263923,0.9999999999994449
12,"CUSUMHybrid(d=0.5, h=3.0)",0.7199167358457066,28.93949787410963,0.9999999999997298
13,"CUSUMHybrid(d=0.5, h=3.0)",-3.6226860396377574,25.316811834471874,0.999999999989883
14,"CUSUMHybrid(d=0.5, h=3.0)",-2.4085286732413422,22.908283161230532,0.9999999998875242
15,"CUSUMHybrid(d=0.5, h=3.0)",-0.27649312832750483,22.631790032903027,0.9999999998517008
16,"CUSUMHybrid(d=0.5, h=3.0)",-0.8656959975445164,21.76609403535851,0.9999999996475435
17,"CUSUMHybrid(d=0.5, h=3.0)",0.8201783604936758,22.586272395852184,0.9999999998447946
18,"CUSUMHybrid(d=0.5, h=3.0)",-0.7190928385282216,21.86717955732396,0.9999999996814302
19,"CUSUMHybrid(d=0.5, h=3.0)",-1.5415580823392778,20.325621474984683,0.9999999985116854
20,"CUSUMHybrid(d=0.5, h=3.0)",11.51291546492478,31.83853693990946,0.9999999999999851
21,"CUSUMHybrid(d=0.5, h=3.0)",0.1292480641024535,31.967785004011912,0.9999999999999869
22,"CUSUMHybrid(d=0.5, h=3.0)",0.4906454046978576,32.458430408709766,0.999999999999992
23,"CUSUMHybrid(d=0.5, h=3.0)",-1.5674827334515828,30.890947675258182,0.9999999999999616
24,"CUSUMHybrid(d=0.5, h=3.0)",-0.25462612048669714,30.636321554771484,0.9999999999999505
25,"CUSUMHybrid(d=0.5, h=3.0)",0.5463001698811727,31.182621724652655,0.9999999999999714
26,"CUSUMHybrid(d=0.5, h=3.0)",-1.073690289822031,30.108931434830623,0.9999999999999161
27,"CUSUMHybrid(d=0.5, h=3.0)",0.9085795435433601,31.017510978373984,0.9999999999999662
28,"CUSUMHybrid(d=0.5, h=3.0)",-0.3235600057407681,30.693950972633218,0.9999999999999531
29,"CUSUMHybrid(d=0.5, h=3.0)",0.04997790051089773,30.743928873144114,0.9999999999999556
30,"CUSUMHybrid(d=0.5, h=3.0)",-0.32487548567991636,30.419053387464196,0.9999999999999385
31,"CUSUMHybrid(d=0.5, h=3.0)",11.51291546492478,41.93196885238898,1.0
32,"CUSUMHybrid(d=0.5, h=3.0)",0.3886215958947493,42.320590448283724,1.0
33,"CUSUMHybrid(d=0.5, h=3.0)",-0.931173382352523,41.3894170659312,1.0
34,"CUSUMHybrid(d=0.5, h=3.0)",1.7094387520797427,43.09885581801094,1.0
35,"CUSUMHybrid(d=0.5, h=3.0)",-1.1872735989060132,41.91158221910493,1.0
36,"CUSUMHybrid(d=0.5, h=3.0)",0.6751665920419747,42.586748811146904,1.0
37,"CUSUMHybrid(d=0.5, h=3.0)",-4.4024627950158335,38.18428601613107,1.0
38,"CUSUMHybrid(d=0.5, h=3.0)",-1.3766709913219892,36.80761502480908,1.0
39,"CUSUMHybrid(d=0.5, h=3.0)",0.6591008179508016,37.46671584275988,1.0
40,"CUSUMHybrid(d=0.5, h=3.0)",1.526815963889893,38.99353180664978,1.0
41,"CUSUMHybrid(d=0.5, h=3.0)",0.625244930800677,39.61877673745045,1.0
42,"CUSUMHybrid(d=0.5, h=3.0)",0.2627228696655296,39.881499607115984,1.0
43,"CUSUMHybrid(d=0.5, h=3.0)",0.038680387281930115,39.92017999439791,1.0
44,"CUSUMHybrid(d=0.5, h=3.0)",-1.6849326959776998,38.23524729842021,1.0
45,"CUSUMHybrid(d=0.5, h=3.0)",-0.4724068307469765,37.762840467673236,1.0
46,"CUSUMHybrid(d=0.5, h=3.0)",-0.15306467002892413,37.60977579764431,1.0
47,"CUSUMHybrid(d=0.5, h=3.0)",2.4040638493045856,40.013839646948895,1.0
48,"CUSUMHybrid(d=0.5, h=3.0)",0.8620342245734769,40.87587387152237,1.0
49,"CUSUMHybrid(d=0.5, h=3.0)",-2.5700961684477854,38.30577770307459,1.0
50,"CUSUMHybrid(d=0.5, h=3.0)",0.8341191192271639,39.13989682230175,1.0
51,"CUSUMHybrid(d=0.5, h=3.0)",-0.062118703754302215,39.07777811854745,1.0
52,"CUSUMHybrid(d=0.5, h=3.0)",-0.4183009055847059,38.65947721296274,1.0
53,"CUSUMHybrid(d=0.5, h=3.0)",1.2861975320065213,39.94567474496926,1.0
54,"CUSUMHybrid(d=0.5, h=3.0)",2.3051159786759357,42.250790723645196,1.0
55,"CUSUMHybrid(d=0.5, h=3.0)",1.9866100537871694,44.23740077743236,1.0
56,"CUSUMHybrid(d=0.5, h=3.0)",-0.6268076604567732,43.61059311697559,1.0
57,"CUSUMHybrid(d=0.5, h=3.0)",0.02894717013859273,43.63954028711419,1.0
58,"CUSUMHybrid(d=0.5, h=3.0)",0.8443426032190158,44.483882890333206,1.0
59,"CUSUMHybrid(d=0.5, h=3.0)",2.1182413286294848,46.60212421896269,1.0
60,"CUSUMHybrid(d=0.5, h=3.0)",-0.1754578330210907,46.4266663859416,1.0
61,"CUSUMHybrid(d=0.5, h=3.0)",0.17767516819017284,46.60434155413177,1.0
62,"CUSUMHybrid(d=0.5, h=3.0)",-1.0042863557543196,45.600055198377454,1.0
63,"CUSUMHybrid(d=0.5, h=3.0)",-1.1464504891485003,44.453604709228955,1.0
64,"CUSUMHybrid(d=0.5, h=3.0)",1.6864577150497344,46.14006242427869,1.0
65,"CUSUMHybrid(d=0.5, h=3.0)",11.51291546492478,57.65297788920347,1.0
66,"CUSUMHybrid(d=0.5, h=3.0)",0.31619622158418176,57.96917411078765,1.0
67,"CUSUMHybrid(d=0.5, h=3.0)",2.2090567769715825,60.17823088775923,1.0
68,"CUSUMHybrid(d=0.5, h=3.0)",0.8880655440652678,61.0662964318245,1.0
69,"CUSUMHybrid(d=0.5, h=3.0)",-0.37860219999547645,60.68769423182902,1.0
70,"CUSUMHybrid(d=0.5, h=3.0)",0.8877163451181581,61.57541057694718,1.0
71,"CUSUMHybrid(d=0.5, h=3.0)",11.51291546492478,73.08832604187195,1.0
72,"CUSUMHybrid(d=0.5, h=3.0)",0.36087482604525073,73.4492008679172,1.0
73,"CUSUMHybrid(d=0.5, h=3.0)",11.51291546492478,84.96211633284197,1.0
74,"CUSUMHybrid(d=0.5, h=3.0)",-11.512915464920228,73.44920086792175,1.0
75,"CUSUMHybrid(d=0.5, h=3.0)",1.7079542389081912,75.15715510682993,1.0
76,"CUSUMHybrid(d=0.5, h=3.0)",0.5155820396568971,75.67273714648682,1.0
77,"CUSUMHybrid(d=0.5, h=3.0)",0.04119700505873351,75.71393415154556,1.0
78,"CUSUMHybrid(d=0.5, h=3.0)",0.5216274209955609,76.23556157254112,1.0
79,"CUSUMHybrid(d=0.5, h=3.0)",-5.587791563779945,70.64777000876117,1.0
80,"CUSUMHybrid(d=0.5, h=3.0)",0.13660577384122854,70.7843757826024,1.0
81,"CUSUMHybrid(d=0.5, h=3.0)",0.8815039110743812,71.66587969367677,1.0
82,"CUSUMHybrid(d=0.5, h=3.0)",11.51291546492478,83.17879515860155,1.0
83,"CUSUMHybrid(d=0.5, h=3.0)",-0.22284187157063606,82.95595328703091,1.0
84,"CUSUMHybrid(d=0.5, h=3.0)",-0.5864407868543062,82.3695125001766,1.0
85,"CUSUMHybrid(d=0.5, h=3.0)",-0.2028006728827269,82.16671182729387,1.0
86,"CUSUMHybrid(d=0.5, h=3.0)",1.9424461739465209,84.10915800124039,1.0
87,"CUSUMHybrid(d=0.5, h=3.0)",0.840760362190399,84.94991836343078,1.0
88,"CUSUMHybrid(d=0.5, h=3.0)",-0.23681278396640532,84.71310557946438,1.0
89,"CUSUMHybrid(d=0.5, h=3.0)",1.1199542485924217,85.8330598280568,1.0
90,"CUSUMHybrid(d=0.5, h=3.0)",0.5284574497298388,86.36151727778665,1.0
91,"CUSUMHybrid(d=0.5, h=3.0)",2.096817762048256,88.4583350398349,1.0
92,"CUSUMHybrid(d=0.5, h=3.0)",-0.4499019783174888,88.00843306151742,1.0
93,"CUSUMHybrid(d=0.5, h=3.0)",0.0068054503482797585,88.0152385118657,1.0
94,"CUSUMHybrid(d=0.5, h=3.0)",-0.07055904283643726,87.94467946902927,1.0
95,"CUSUMHybrid(d=0.5, h=3.0)",-1.6512097490546316,86.29346971997464,1.0
96,"CUSUMHybrid(d=0.5, h=3.0)",0.7946834999678606,87.0881532199425,1.0
97,"CUSUMHybrid(d=0.5, h=3.0)",0.7460462244786675,87.83419944442116,1.0
98,"CUSUMHybrid(d=0.5, h=3.0)",0.4118610388652322,88.24606048328639,1.0
99,"CUSUMHybrid(d=0.5, h=3.0)",0.11863438391882838,88.36469486720522,1.0
100,"CUSUMHybrid(d=0.5, h=3.0)",-1.5479069350400911,86.81678793216513,1.0
101,"CUSUMHybrid(d=0.5, h=3.0)",-0.10487039369731217,86.71191753846782,1.0
102,"CUSUMHybrid(d=0.5, h=3.0)",-0.011257538721650206,86.70065999974616,1.0
103,"CUSUMHybrid(d=0.5, h=3.0)",-0.5783305728218663,86.1223294269243,1.0
104,"CUSUMHybrid(d=0.5, h=3.0)",0.20719521606443853,86.32952464298873,1.0
105,"CUSUMHybrid(d=0.5, h=3.0)",0.9504976927728337,87.28002233576156,1.0
106,"CUSUMHybrid(d=0.5, h=3.0)",11.51291546492478,98.79293780068633,1.0
107,"CUSUMHybrid(d=0.5, h=3.0)",0.6294879345828027,99.42242573526913,1.0
108,"CUSUMHybrid(d=0.5, h=3.0)",0.7412316123399902,100.16365734760912,1.0
109,"CUSUMHybrid(d=0.5, h=3.0)",0.31320030015450145,100.47685764776362,1.0
110,"CUSUMHybrid(d=0.5, h=3.0)",-3.6897879434353613,96.78706970432826,1.0
111,"CUSUMHybrid(d=0.5, h=3.0)",0.37242923825902574,97.15949894258729,1.0
112,"CUSUMHybrid(d=0.5, h=3.0)",0.481360404498292,97.64085934708558,1.0
113,"CUSUMHybrid(d=0.5, h=3.0)",11.51291546492478,109.15377481201035,1.0
114,"CUSUMHybrid(d=0.5, h=3.0)",0.169572009471269,109.32334682148162,1.0
115,"CUSUMHybrid(d=0.5, h=3.0)",0.8022903817792333,110.12563720326085,1.0
116,"CUSUMHybrid(d=0.5, h=3.0)",0.3622561279340075,110.48789333119485,1.0
117,"CUSUMHybrid(d=0.5, h=3.0)",-1.101833076254119,109.38606025494073,1.0
118,"CUSUMHybrid(d=0.5, h=3.0)",2.803169250634786,112.18922950557551,1.0
119,"CUSUMHybrid(d=0.5, h=3.0)",1.5546193594717985,113.74384886504731,1.0
120,"CUSUMHybrid(d=0.5, h=3.0)",1.6383447697612363,115.38219363480854,1.0
121,"CUSUMHybrid(d=0.5, h=3.0)",-0.7209502598743726,114.66124337493417,1.0
122,"CUSUMHybrid(d=0.5, h=3.0)",11.51291546492478,126.17415883985895,1.0
123,"CUSUMHybrid(d=0.5, h=3.0)",-1.5201143516538718,124.65404448820507,1.0
124,"CUSUMHybrid(d=0.5, h=3.0)",1.2428351532226163,125.89687964142769,1.0
125,"CUSUMHybrid(d=0.5, h=3.0)",11.51291546492478,137.40979510635248,1.0
126,"CUSUMHybrid(d=0.5, h=3.0)",-0.8338145775846707,136.57598052876781,1.0
127,"CUSUMHybrid(d=0.5, h=3.0)",-0.28139959105368023,136.29458093771413,1.0
128,"CUSUMHybrid(d=0.5, h=3.0)",0.5317681463297265,136.82634908404387,1.0
129,"CUSUMHybrid(d=0.5, h=3.0)",-0.2048845033967007,136.62146458064717,1.0
130,"CUSUMHybrid(d=0.5, h=3.0)",-1.8591601728204052,134.76230440782678,1.0
131,"CUSUMHybrid(d=0.5, h=3.0)",0.4919635801898324,135.2542679880166,1.0
132,"CUSUMHybrid(d=0.5, h=3.0)",-0.9379783569425223,134.31628963107408,1.0
133,"CUSUMHybrid(d=0.5, h=3.0)",1.0567957304057976,135.3730853614799,1.0
134,"CUSUMHybrid(d=0.5, h=3.0)",-0.7346610358545583,134.63842432562532,1.0
135,"CUSUMHybrid(d=0.5, h=3.0)",11.51291546492478,146.1513397905501,1.0
136,"CUSUMHybrid(d=0.5, h=3.0)",-0.5536240449938881,145.59771574555623,1.0
137,"CUSUMHybrid(d=0.5, h=3.0)",0.013526386785265073,145.6112421323415,1.0
138,"CUSUMHybrid(d=0.5, h=3.0)",1.6887155325209424,147.29995766486243,1.0
139,"CUSUMHybrid(d=0.5, h=3.0)",-1.2041335060522622,146.09582415881016,1.0
140,"CUSUMHybrid(d=0.5, h=3.0)",0.700226464638256,146.79605062344842,1.0
141,"CUSUMHybrid(d=0.5, h=3.0)",4.838440111462973,151.6344907349114,1.0
142,"CUSUMHybrid(d=0.5, h=3.0)",-2.0138633151468635,149.62062741976453,1.0
143,"CUSUMHybrid(d=0.5, h=3.0)",0.6428178330827777,150.2634452528473,1.0
144,"CUSUMHybrid(d=0.5, h=3.0)",0.7444346881555982,151.0078799410029,1.0
145,"CUSUMHybrid(d=0.5, h=3.0)",1.6182008932834968,152.6260808342864,1.0
146,"CUSUMHybrid(d=0.5, h=3.0)",-1.2144490665121863,151.41163176777422,1.0
147,"CUSUMHybrid(d=0.5, h=3.0)",-1.362322982932805,150.04930878484143,1.0
148,"CUSUMHybrid(d=0.5, h=3.0)",1.1340333414542063,151.18334212629563,1.0
149,"CUSUMHybrid(d=0.5, h=3.0)",0.795893619452655,151.97923574574827,1.0
150,"CUSUMHybrid(d=0.5, h=3.0)",0.7315615714510475,152.7107973171993,1.0
151,"CUSUMHybrid(d=0.5, h=3.0)",0.8661044201705141,153.5769017373698,1.0
152,"CUSUMHybrid(d=0.5, h=3.0)",-0.4221909941785967,153.1547107431912,1.0
153,"CUSUMHybrid(d=0.5, h=3.0)",0.7067205157725885,153.8614312589638,1.0
154,"CUSUMHybrid(d=0.5, h=3.0)",0.7904211010414606,154.65185236000525,1.0
155,"CUSUMHybrid(d=0.5, h=3.0)",-0.4654464412629664,154.18640591874228,1.0
156,"CUSUMHybrid(d=0.5, h=3.0)",11.51291546492478,165.69932138366707,1.0
157,"CUSUMHybrid(d=0.5, h=3.0)",1.0571727120214405,166.7564940956885,1.0
158,"CUSUMHybrid(d=0.5, h=3.0)",-1.13842880625653,165.61806528943197,1.0
159,"CUSUMHybrid(d=0.5, h=3.0)",1.367439075614003,166.98550436504598,1.0
160,"CUSUMHybrid(d=0.5, h=3.0)",-0.8113847192941882,166.1741196457518,1.0
161,"CUSUMHybrid(d=0.5, h=3.0)",1.629676962869344,167.80379660862116,1.0
162,"CUSUMHybrid(d=0.5, h=3.0)",2.8945964674961537,170.6983930761173,1.0
163,"CUSUMHybrid(d=0.5, h=3.0)",-0.6023978096990971,170.0959952664182,1.0
164,"CUSUMHybrid(d=0.5, h=3.0)",2.0806971472259814,172.1766924136442,1.0
165,"CUSUMHybrid(d=0.5, h=3.0)",0.9635613412465699,173.14025375489075,1.0
166,"CUSUMHybrid(d=0.5, h=3.0)",1.7083184172436836,174.84857217213442,1.0
167,"CUSUMHybrid(d=0.5, h=3.0)",11.51291546492478,186.3614876370592,1.0
168,"CUSUMHybrid(d=0.5, h=3.0)",0.10563237356983537,186.46712001062906,1.0
169,"CUSUMHybrid(d=0.5, h=3.0)",-0.5156107837719653,185.9515092268571,1.0
170,"CUSUMHybrid(d=0.5, h=3.0)",-0.6939917794790841,185.257517447378,1.0
171,"CUSUMHybrid(d=0.5, h=3.0)",-0.5960106898012215,184.66150675757677,1.0
172,"CUSUMHybrid(d=0.5, h=3.0)",0.30993537644015473,184.97144213401694,1.0
173,"CUSUMHybrid(d=0.5, h=3.0)",0.8584924724830516,185.8299346065,1.0
174,"CUSUMHybrid(d=0.5, h=3.0)",0.7676265243793439,186.59756113087934,1.0
175,"CUSUMHybrid(d=0.5, h=3.0)",1.7202029420263656,188.3177640729057,1.0
176,"CUSUMHybrid(d=0.5, h=3.0)",0.4217442893956279,188.73950836230134,1.0
177,"CUSUMHybrid(d=0.5, h=3.0)",11.51291546492478,200.25242382722612,1.0
178,"CUSUMHybrid(d=0.5, h=3.0)",0.08245849074155558,200.33488231796767,1.0
179,"CUSUMHybrid(d=0.5, h=3.0)",11.51291546492478,211.84779778289246,1.0
180,"CUSUMHybrid(d=0.5, h=3.0)",1.3111181598570907,213.15891594274956,1.0
181,"CUSUMHybrid(d=0.5, h=3.0)",-0.6506071386034638,212.50830880414608,1.0
182,"CUSUMHybrid(d=0.5, h=3.0)",-0.9507587810613929,211.5575500230847,1.0
183,"CUSUMHybrid(d=0.5, h=3.0)",1.0707616024579991,212.6283116255427,1.0
184,"CUSUMHybrid(d=0.5, h=3.0)",0.13203614527698834,212.7603477708197,1.0
185,"CUSUMHybrid(d=0.5, h=3.0)",1.4775361895230914,214.23788396034277,1.0
186,"CUSUMHybrid(d=0.5, h=3.0)",1.0562396781695995,215.29412363851236,1.0
187,"CUSUMHybrid(d=0.5, h=3.0)",0.3151889876175488,215.6093126261299,1.0
188,"CUSUMHybrid(d=0.5, h=3.0)",-0.6368370214037428,214.97247560472616,1.0
189,"CUSUMHybrid(d=0.5, h=3.0)",-1.769971826720288,213.20250377800588,1.0
190,"CUSUMHybrid(d=0.5, h=3.0)",-0.1360273027071861,213.06647647529869,1.0
191,"CUSUMHybrid(d=0.5, h=3.0)",1.789937700887714,214.8564141761864,1.0
192,"CUSUMHybrid(d=0.5, h=3.0)",0.6821936583997019,215.53860783458612,1.0
193,"CUSUMHybrid(d=0.5, h=3.0)",-1.229446211392774,214.30916162319335,1.0
194,"CUSUMHybrid(d=0.5, h=3.0)",0.6276405764210091,214.93680219961436,1.0
195,"CUSUMHybrid(d=0.5, h=3.0)",0.9227161369204,215.85951833653476,1.0
196,"CUSUMHybrid(d=0.5, h=3.0)",-0.686362374296845,215.17315596223793,1.0
197,"CUSUMHybrid(d=0.5, h=3.0)",0.6020165776618156,215.77517253989976,1.0
198,"CUSUMHybrid(d=0.5, h=3.0)",0.47879213936658405,216.25396467926635,1.0
199,"CUSUMHybrid(d=0.5, h=3.0)",-1.0610496796923663,215.192914999574,1.0
200,"CUSUMHybrid(d=0.5, h=3.0)",0.8824816124974656,216.07539661207144,1.0
201,"CUSUMHybrid(d=0.5, h=3.0)",1.1983737588248302,217.27377037089627,1.0
202,"CUSUMHybrid(d=0.5, h=3.0)",2.5110864065790217,219.78485677747528,1.0
203,"CUSUMHybrid(d=0.5, h=3.0)",2.3910284625996745,222.17588524007496,1.0
204,"CUSUMHybrid(d=0.5, h=3.0)",-1.4716023316369358,220.70428290843802,1.0
205,"CUSUMHybrid(d=0.5, h=3.0)",-0.7599713428282344,219.94431156560978,1.0
206,"CUSUMHybrid(d=0.5, h=3.0)",1.1228154509359956,221.06712701654578,1.0
207,"CUSUMHybrid(d=0.5, h=3.0)",1.1207930274819506,222.18792004402772,1.0
208,"CUSUMHybrid(d=0.5, h=3.0)",1.1228355657211027,223.3107556097488,1.0
209,"CUSUMHybrid(d=0.5, h=3.0)",11.51291546492478,234.8236710746736,1.0
210,"CUSUMHybrid(d=0.5, h=3.0)",1.215480101117974,236.03915117579157,1.0
211,"CUSUMHybrid(d=0.5, h=3.0)",2.763471789309054,238.80262296510062,1.0
212,"CUSUMHybrid(d=0.5, h=3.0)",2.0525053829962197,240.85512834809686,1.0
213,"CUSUMHybrid(d=0.5, h=3.0)",1.3578950511845307,242.21302339928138,1.0
214,"CUSUMHybrid(d=0.5, h=3.0)",0.021677755301760023,242.23470115458315,1.0
215,"CUSUMHybrid(d=0.5, h=3.0)",1.5693488799817412,243.80405003456488,1.0
216,"CUSUMHybrid(d=0.5, h=3.0)",-0.5401510897439648,243.2638989448209,1.0
217,"CUSUMHybrid(d=0.5, h=3.0)",0.11594739530196962,243.37984634012287,1.0
218,"CUSUMHybrid(d=0.5, h=3.0)",-0.18294480067621835,243.19690153944666,1.0
219,"CUSUMHybrid(d=0.5, h=3.0)",0.5089582909392062,243.70585983038586,1.0
220,"CUSUMHybrid(d=0.5, h=3.0)",11.51291546492478,255.21877529531065,1.0
221,"CUSUMHybrid(d=0.5, h=3.0)",-3.1827399022126013,252.03603539309805,1.0
222,"CUSUMHybrid(d=0.5, h=3.0)",1.423445903974526,253.45948129707259,1.0
223,"CUSUMHybrid(d=0.5, h=3.0)",-2.029061692407611,251.43041960466496,1.0
224,"CUSUMHybrid(d=0.5, h=3.0)",-0.16670322551207345,251.2637163791529,1.0
225,"CUSUMHybrid(d=0.5, h=3.0)",2.5368511115763575,253.80056749072926,1.0
226,"CUSUMHybrid(d=0.5, h=3.0)",0.4865103059380912,254.28707779666735,1.0
227,"CUSUMHybrid(d=0.5, h=3.0)",-0.961007276749074,253.32607051991826,1.0
228,"CUSUMHybrid(d=0.5, h=3.0)",-0.4666523739695906,252.85941814594867,1.0
229,"CUSUMHybrid(d=0.5, h=3.0)",1.4107190040556419,254.2701371500043,1.0
230,"CUSUMHybrid(d=0.5, h=3.0)",-0.48577229888145174,253.78436485112286,1.0
231,"CUSUMHybrid(d=0.5, h=3.0)",0.6853763147341951,254.46974116585704,1.0
232,"CUSUMHybrid(d=0.5, h=3.0)",0.4627719440946494,254.93251310995169,1.0
233,"CUSUMHybrid(d=0.5, h=3.0)",-0.3866670568883881,254.5458460530633,1.0
234,"CUSUMHybrid(d=0.5, h=3.0)",11.51291546492478,266.05876151798805,1.0
235,"CUSUMHybrid(d=0.5, h=3.0)",1.325984852329001,267.38474637031703,1.0
236,"CUSUMHybrid(d=0.5, h=3.0)",-11.512915464920228,255.8718309053968,1.0
237,"CUSUMHybrid(d=0.5, h=3.0)",0.6452368412444794,256.51706774664126,1.0
238,"CUSUMHybrid(d=0.5, h=3.0)",-0.39936855589155135,256.1176991907497,1.0
239,"CUSUMHybrid(d=0.5, h=3.0)",1.7802683654226275,257.8979675561723,1.0
240,"CUSUMHybrid(d=0.5, h=3.0)",-0.565638706043284,257.33232885012904,1.0
241,"CUSUMHybrid(d=0.5, h=3.0)",0.26383615015737827,257.5961650002864,1.0
242,"CUSUMHybrid(d=0.5, h=3.0)",1.1066079281424028,258.70277292842883,1.0
243,"CUSUMHybrid(d=0.5, h=3.0)",1.813020710135784,260.5157936385646,1.0
244,"CUSUMHybrid(d=0.5, h=3.0)",-1.1531670833543401,259.3626265552103,1.0
245,"CUSUMHybrid(d=0.5, h=3.0)",-0.0014014832385321812,259.3612250719718,1.0
246,"CUSUMHybrid(d=0.5, h=3.0)",-0.1703450966749611,259.1908799752968,1.0
247,"CUSUMHybrid(d=0.5, h=3.0)",-0.388820679847426,258.8020592954494,1.0
248,"CUSUMHybrid(d=0.5, h=3.0)",11.51291546492478,270.3149747603742,1.0
249,"CUSUMHybrid(d=0.5, h=3.0)",0.9518870134819686,271.26686177385614,1.0
250,"CUSUMHybrid(d=0.5, h=3.0)",-1.255585187563429,270.0112765862927,1.0
251,"CUSUMHybrid(d=0.5, h=3.0)",1.9491926709844065,271.9604692572771,1.0
252,"CUSUMHybrid(d=0.5, h=3.0)",11.51291546492478,283.4733847222019,1.0
253,"CUSUMHybrid(d=0.5, h=3.0)",2.3104593127756226,285.7838440349775,1.0
254,"CUSUMHybrid(d=0.5, h=3.0)",-1.780924535598948,284.00291949937855,1.0
255,"CUSUMHybrid(d=0.5, h=3.0)",-0.18157814338312864,283.8213413559954,1.0
256,"CUSUMHybrid(d=0.5, h=3.0)",3.8955691154988847,287.71691047149426,1.0
257,"CUSUMHybrid(d=0.5, h=3.0)",-0.4569940509843736,287.2599164205099,1.0
258,"CUSUMHybrid(d=0.5, h=3.0)",1.010642294252935,288.27055871476284,1.0
259,"CUSUMHybrid(d=0.5, h=3.0)",1.6026627772599829,289.8732214920228,1.0
260,"CUSUMHybrid(d=0.5, h=3.0)",-0.7449582746031959,289.1282632174196,1.0
261,"CUSUMHybrid(d=0.5, h=3.0)",0.33157435868543433,289.45983757610503,1.0
262,"CUSUMHybrid(d=0.5, h=3.0)",-11.512915464920228,277.9469221111848,1.0
263,"CUSUMHybrid(d=0.5, h=3.0)",-0.8823854087211996,277.0645367024636,1.0
264,"CUSUMHybrid(d=0.5, h=3.0)",0.09699418927237849,277.161530891736,1.0
265,"CUSUMHybrid(d=0.5, h=3.0)",-1.2329527379221623,275.9285781538138,1.0
266,"CUSUMHybrid(d=0.5, h=3.0)",11.51291546492478,287.4414936187386,1.0
267,"CUSUMHybrid(d=0.5, h=3.0)",-1.5788558217074764,285.86263779703114,1.0
268,"CUSUMHybrid(d=0.5, h=3.0)",-0.12822879711267035,285.73440899991846,1.0
269,"CUSUMHybrid(d=0.5, h=3.0)",0.5719897521293033,286.30639875204776,1.0
270,"CUSUMHybrid(d=0.5, h=3.0)",11.51291546492478,297.81931421697254,1.0
271,"CUSUMHybrid(d=0.5, h=3.0)",-1.5910134837552854,296.2283007332173,1.0
272,"CUSUMHybrid(d=0.5, h=3.0)",2.9225325169330594,299.15083325015036,1.0
273,"CUSUMHybrid(d=0.5, h=3.0)",0.418272992224082,299.56910624237446,1.0
274,"CUSUMHybrid(d=0.5, h=3.0)",-0.8210189651838155,298.7480872771906,1.0
275,"CUSUMHybrid(d=0.5, h=3.0)",1.0388654898725007,299.7869527670631,1.0
276,"CUSUMHybrid(d=0.5, h=3.0)",0.6620373785592917,300.4489901456224,1.0
277,"CUSUMHybrid(d=0.5, h=3.0)",-0.3230404880687681,300.12594965755363,1.0
278,"CUSUMHybrid(d=0.5, h=3.0)",0.4935426124763631,300.61949227003,1.0
279,"CUSUMHybrid(d=0.5, h=3.0)",-0.06239655255178449,300.5570957174782,1.0
280,"CUSUMHybrid(d=0.5, h=3.0)",0.5496535299475893,301.1067492474258,1.0
281,"CUSUMHybrid(d=0.5, h=3.0)",1.3778109701742556,302.48456021760006,1.0
282,"CUSUMHybrid(d=0.5, h=3.0)",11.51291546492478,313.99747568252485,1.0
283,"CUSUMHybrid(d=0.5, h=3.0)",-1.2159194405096099,312.78155624201526,1.0
284,"CUSUMHybrid(d=0.5, h=3.0)",11.51291546492478,324.29447170694004,1.0
285,"CUSUMHybrid(d=0.5, h=3.0)",-4.227879942201274,320.06659176473875,1.0
286,"CUSUMHybrid(d=0.5, h=3.0)",0.21872573820522975,320.285317502944,1.0
287,"CUSUMHybrid(d=0.5, h=3.0)",1.2453573513812197,321.53067485432524,1.0
288,"CUSUMHybrid(d=0.5, h=3.0)",0.7735927293575486,322.3042675836828,1.0
289,"CUSUMHybrid(d=0.5, h=3.0)",-0.35079295798323984,321.9534746256996,1.0
290,"CUSUMHybrid(d=0.5, h=3.0)",0.1505369379253136,322.1040115636249,1.0
291,"CUSUMHybrid(d=0.5, h=3.0)",-0.19219052622337165,321.9118210374015,1.0
292,"CUSUMHybrid(d=0.5, h=3.0)",-0.309689325022122,321.6021317123794,1.0
293,"CUSUMHybrid(d=0.5, h=3.0)",1.7734051928284345,323.3755369052078,1.0
294,"CUSUMHybrid(d=0.5, h=3.0)",0.881363276432602,324.2569001816404,1.0
295,"CUSUMHybrid(d=0.5, h=3.0)",-0.4383797022583913,323.818520479382,1.0
296,"CUSUMHybrid(d=0.5, h=3.0)",1.8998978393390742,325.7184183187211,1.0
297,"CUSUMHybrid(d=0.5, h=3.0)",0.8103771002771262,326.52879541899824,1.0
298,"CUSUMHybrid(d=0.5, h=3.0)",1.6872232086289953,328.21601862762725,1.0
299,"CUSUMHybrid(d=0.5, h=3.0)",1.3182394789535719,329.5342581065808,1.0
300,"CUSUMHybrid(d=0.5, h=3.0)",-0.6133232331600674,328.9209348734207,1.0
301,"CUSUMHybrid(d=0.5, h=3.0)",-0.27391717599082516,328.6470176974299,1.0
302,"CUSUMHybrid(d=0.5, h=3.0)",1.5449839796224867,330.19200167705236,1.0
303,"CUSUMHybrid(d=0.5, h=3.0)",1.2838892152945973,331.47589089234697,1.0
304,"CUSUMHybrid(d=0.5, h=3.0)",0.37940472494822425,331.8552956172952,1.0
305,"CUSUMHybrid(d=0.5, h=3.0)",0.5545829484783426,332.40987856577357,1.0
306,"CUSUMHybrid(d=0.5, h=3.0)",4.075473190399025,336.4853517561726,1.0
307,"CUSUMHybrid(d=0.5, h=3.0)",-0.312401848787464,336.1729499073851,1.0
308,"CUSUMHybrid(d=0.5, h=3.0)",1.1754527669513906,337.34840267433646,1.0
309,"CUSUMHybrid(d=0.5, h=3.0)",0.15769479804353045,337.50609747237996,1.0
310,"CUSUMHybrid(d=0.5, h=3.0)",0.13900595481949957,337.64510342719944,1.0
311,"CUSUMHybrid(d=0.5, h=3.0)",2.581066331233826,340.2261697584333,1.0
312,"CUSUMHybrid(d=0.5, h=3.0)",1.7160929953124804,341.94226275374575,1.0
313,"CUSUMHybrid(d=0.5, h=3.0)",1.688698253287052,343.6309610070328,1.0
314,"CUSUMHybrid(d=0.5, h=3.0)",4.7763411423034725,348.40730214933626,1.0
315,"CUSUMHybrid(d=0.5, h=3.0)",0.43179054331786537,348.8390926926541,1.0
316,"CUSUMHybrid(d=0.5, h=3.0)",1.4152067836776807,350.25429947633177,1.0
317,"CUSUMHybrid(d=0.5, h=3.0)",0.027681659597723292,350.28198113592947,1.0
318,"CUSUMHybrid(d=0.5, h=3.0)",0.8342361975711479,351.11621733350063,1.0
319,"CUSUMHybrid(d=0.5, h=3.0)",0.2450472353885502,351.36126456888917,1.0
320,"CUSUMHybrid(d=0.5, h=3.0)",0.5283525542142211,351.8896171231034,1.0
321,"CUSUMHybrid(d=0.5, h=3.0)",1.2572196088778018,353.1468367319812,1.0
322,"CUSUMHybrid(d=0.5, h=3.0)",-0.5991691811402978,352.54766755084086,1.0
323,"CUSUMHybrid(d=0.5, h=3.0)",11.51291546492478,364.06058301576564,1.0
324,"CUSUMHybrid(d=0.5, h=3.0)",-0.8559089774701396,363.2046740382955,1.0
325,"CUSUMHybrid(d=0.5, h=3.0)",-1.1761595815734964,362.028514456722,1.0
326,"CUSUMHybrid(d=0.5, h=3.0)",2.8916729372893717,364.9201873940114,1.0
327,"CUSUMHybrid(d=0.5, h=3.0)",1.6397345046749872,366.5599218986864,1.0
328,"CUSUMHybrid(d=0.5, h=3.0)",1.3083441784993013,367.8682660771857,1.0
329,"CUSUMHybrid(d=0.5, h=3.0)",1.3159293114464692,369.1841953886322,1.0
330,"CUSUMHybrid(d=0.5, h=3.0)",0.3901797435402924,369.57437513217246,1.0
331,"CUSUMHybrid(d=0.5, h=3.0)",-0.7044619996847195,368.86991313248774,1.0
332,"CUSUMHybrid(d=0.5, h=3.0)",0.5012003118751608,369.3711134443629,1.0
333,"CUSUMHybrid(d=0.5, h=3.0)",-0.41860133597595833,368.95251210838694,1.0
334,"CUSUMHybrid(d=0.5, h=3.0)",2.116910107410782,371.0694222157977,1.0
335,"CUSUMHybrid(d=0.5, h=3.0)",0.22446893056647893,371.2938911463642,1.0
336,"CUSUMHybrid(d=0.5, h=3.0)",-0.6087217419985252,370.6851694043657,1.0
337,"CUSUMHybrid(d=0.5, h=3.0)",0.014337235603814233,370.6995066399695,1.0
338,"CUSUMHybrid(d=0.5, h=3.0)",0.9637872586479657,371.6632938986175,1.0
339,"CUSUMHybrid(d=0.5, h=3.0)",-0.2782509372283818,371.3850429613891,1.0
340,"CUSUMHybrid(d=0.5, h=3.0)",-0.6044166666003081,370.7806262947888,1.0
341,"CUSUMHybrid(d=0.5, h=3.0)",0.7222676044598315,371.50289389924865,1.0
342,"CUSUMHybrid(d=0.5, h=3.0)",0.7240124414465976,372.2269063406952,1.0
343,"CUSUMHybrid(d=0.5, h=3.0)",-0.20909025826504532,372.01781608243016,1.0
344,"CUSUMHybrid(d=0.5, h=3.0)",-0.16562353480477168,371.8521925476254,1.0
345,"CUSUMHybrid(d=0.5, h=3.0)",0.7064441943113665,372.55863674193677,1.0
346,"CUSUMHybrid(d=0.5, h=3.0)",-1.6173207896413844,370.9413159522954,1.0
347,"CUSUMHybrid(d=0.5, h=3.0)",-1.5315920608640465,369.4097238914313,1.0
348,"CUSUMHybrid(d=0.5, h=3.0)",-0.4706317252203015,368.939092166211,1.0
349,"CUSUMHybrid(d=0.5, h=3.0)",0.14411231573771371,369.0832044819487,1.0
350,"CUSUMHybrid(d=0.5, h=3.0)",0.8154623254071038,369.8986668073558,1.0
351,"CUSUMHybrid(d=0.5, h=3.0)",11.51291546492478,381.4115822722806,1.0
352,"CUSUMHybrid(d=0.5, h=3.0)",1.7930261189836796,383.2046083912643,1.0
353,"CUSUMHybrid(d=0.5, h=3.0)",0.2088293847507977,383.4134377760151,1.0
354,"CUSUMHybrid(d=0.5, h=3.0)",0.3817501053824967,383.79518788139757,1.0
355,"CUSUMHybrid(d=0.5, h=3.0)",-0.8509138555699464,382.9442740258276,1.0
356,"CUSUMHybrid(d=0.5, h=3.0)",0.3823760913274781,383.3266501171551,1.0
357,"CUSUMHybrid(d=0.5, h=3.0)",0.05362247830868851,383.3802725954638,1.0
358,"CUSUMHybrid(d=0.5, h=3.0)",0.8321794611007381,384.21245205656453,1.0
359,"CUSUMHybrid(d=0.5, h=3.0)",-0.6110017594143784,383.60145029715017,1.0
360,"CUSUMHybrid(d=0.5, h=3.0)",1.12981065402076,384.73126095117095,1.0
361,"CUSUMHybrid(d=0.5, h=3.0)",11.51291546492478,396.24417641609574,1.0
362,"CUSUMHybrid(d=0.5, h=3.0)",0.27113675546841715,396.5153131715642,1.0
363,"CUSUMHybrid(d=0.5, h=3.0)",0.9470102439414367,397.46232341550564,1.0
364,"CUSUMHybrid(d=0.5, h=3.0)",1.4309108528139438,398.8932342683196,1.0
365,"CUSUMHybrid(d=0.5, h=3.0)",-0.08150966429888504,398.8117246040207,1.0
366,"CUSUMHybrid(d=0.5, h=3.0)",0.695673095272585,399.5073976992933,1.0
367,"CUSUMHybrid(d=0.5, h=3.0)",0.4212307510281728,399.92862845032147,1.0
368,"CUSUMHybrid(d=0.5, h=3.0)",0.5292271097948046,400.4578555601163,1.0
369,"CUSUMHybrid(d=0.5, h=3.0)",-0.5403891321879268,399.91746642792833,1.0
370,"CUSUMHybrid(d=0.5, h=3.0)",0.4361994004421399,400.3536658283705,1.0
371,"CUSUMHybrid(d=0.5, h=3.0)",1.0954121142543882,401.44907794262485,1.0
372,"CUSUMHybrid(d=0.5, h=3.0)",11.51291546492478,412.96199340754964,1.0
373,"CUSUMHybrid(d=0.5, h=3.0)",2.0682752593029456,415.0302686668526,1.0
374,"CUSUMHybrid(d=0.5, h=3.0)",11.51291546492478,426.54318413177737,1.0
375,"CUSUMHybrid(d=0.5, h=3.0)",-0.5330932279584953,426.0100909038189,1.0
376,"CUSUMHybrid(d=0.5, h=3.0)",1.829449982172278,427.83954088599114,1.0
377,"CUSUMHybrid(d=0.5, h=3.0)",0.641102331940095,428.48064321793123,1.0
378,"CUSUMHybrid(d=0.5, h=3.0)",11.51291546492478,439.993558682856,1.0
379,"CUSUMHybrid(d=0.5, h=3.0)",-0.5861856792284024,439.40737300362764,1.0
380,"CUSUMHybrid(d=0.5, h=3.0)",-0.6274743247563931,438.77989867887123,1.0
381,"CUSUMHybrid(d=0.5, h=3.0)",-0.3220254633915609,438.45787321547965,1.0
382,"CUSUMHybrid(d=0.5, h=3.0)",-11.512915464920228,426.9449577505594,1.0
383,"CUSUMHybrid(d=0.5, h=3.0)",-0.23194025622709902,426.7130174943323,1.0
384,"CUSUMHybrid(d=0.5, h=3.0)",-0.522532670706174,426.1904848236261,1.0
385,"CUSUMHybrid(d=0.5, h=3.0)",0.5976484997363057,426.7881333233624,1.0
386,"CUSUMHybrid(d=0.5, h=3.0)",0.8593593782796866,427.6474927016421,1.0
387,"CUSUMHybrid(d=0.5, h=3.0)",11.51291546492478,439.16040816656687,1.0
388,"CUSUMHybrid(d=0.5, h=3.0)",2.0419054568174033,441.20231362338427,1.0
389,"CUSUMHybrid(d=0.5, h=3.0)",-0.2943922904677547,440.90792133291654,1.0
390,"CUSUMHybrid(d=0.5, h=3.0)",-0.7060347868908219,440.2018865460257,1.0
391,"CUSUMHybrid(d=0.5, h=3.0)",1.0857244419109864,441.2876109879367,1.0
392,"CUSUMHybrid(d=0.5, h=3.0)",-1.3619100905533494,439.92570089738336,1.0
393,"CUSUMHybrid(d=0.5, h=3.0)",11.51291546492478,451.43861636230815,1.0
394,"CUSUMHybrid(d=0.5, h=3.0)",3.028201460320616,454.46681782262874,1.0
395,"CUSUMHybrid(d=0.5, h=3.0)",-0.16337319536751183,454.30344462726123,1.0
396,"CUSUMHybrid(d=0.5, h=3.0)",-2.3627247572287864,451.94071987003247,1.0
397,"CUSUMHybrid(d=0.5, h=3.0)",11.51291546492478,463.45363533495726,1.0
398,"CUSUMHybrid(d=0.5, h=3.0)",0.2640761987550044,463.71771153371225,1.0
399,"CUSUMHybrid(d=0.5, h=3.0)",3.523349938035629,467.24106147174786,1.0
400,"CUSUMHybrid(d=0.5, h=3.0)",-1.9766939857197703,465.2643674860281,1.0
401,"CUSUMHybrid(d=0.5, h=3.0)",-0.32200376344895154,464.94236372257916,1.0
402,"CUSUMHybrid(d=0.5, h=3.0)",0.4120240553978474,465.354387777977,1.0
403,"CUSUMHybrid(d=0.5, h=3.0)",0.46455494605608877,465.8189427240331,1.0
404,"CUSUMHybrid(d=0.5, h=3.0)",-0.14030829416990848,465.67863442986317,1.0
405,"CUSUMHybrid(d=0.5, h=3.0)",1.3060711811869232,466.9847056110501,1.0
406,"CUSUMHybrid(d=0.5, h=3.0)",-0.9458813421379382,466.03882426891215,1.0
407,"CUSUMHybrid(d=0.5, h=3.0)",0.23015523597187576,466.26897950488404,1.0
408,"CUSUMHybrid(d=0.5, h=3.0)",0.5584278170998935,466.8274073219839,1.0
409,"CUSUMHybrid(d=0.5, h=3.0)",1.121849670985375,467.9492569929693,1.0
410,"CUSUMHybrid(d=0.5, h=3.0)",1.472812286408716,469.42206927937804,1.0
411,"CUSUMHybrid(d=0.5, h=3.0)",-1.0324604515558302,468.3896088278222,1.0
412,"CUSUMHybrid(d=0.5, h=3.0)",-1.817236939094458,466.57237188872773,1.0
413,"CUSUMHybrid(d=0.5, h=3.0)",4.075691086626745,470.6480629753545,1.0
414,"CUSUMHybrid(d=0.5, h=3.0)",0.8458421107323283,471.49390508608684,1.0
415,"CUSUMHybrid(d=0.5, h=3.0)",-0.5088888589484636,470.9850162271384,1.0
416,"CUSUMHybrid(d=0.5, h=3.0)",11.51291546492478,482.49793169206316,1.0
417,"CUSUMHybrid(d=0.5, h=3.0)",0.5524438218933246,483.0503755139565,1.0
418,"CUSUMHybrid(d=0.5, h=3.0)",3.0272281296631065,486.0776036436196,1.0
419,"CUSUMHybrid(d=0.5, h=3.0)",0.49063302036833073,486.56823666398793,1.0
420,"CUSUMHybrid(d=0.5, h=3.0)",11.51291546492478,498.0811521289127,1.0
421,"CUSUMHybrid(d=0.5, h=3.0)",11.51291546492478,509.5940675938375,1.0
422,"CUSUMHybrid(d=0.5, h=3.0)",0.10132963470894107,509.6953972285464,1.0
423,"CUSUMHybrid(d=0.5, h=3.0)",2.105858437641248,511.80125566618767,1.0
424,"CUSUMHybrid(d=0.5, h=3.0)",1.346841576352688,513.1480972425404,1.0
425,"CUSUMHybrid(d=0.5, h=3.0)",11.51291546492478,524.6610127074651,1.0
426,"CUSUMHybrid(d=0.5, h=3.0)",-0.7976755447685746,523.8633371626966,1.0
427,"CUSUMHybrid(d=0.5, h=3.0)",1.4230456738391812,525.2863828365357,1.0
428,"CUSUMHybrid(d=0.5, h=3.0)",2.4092156133876474,527.6955984499234,1.0
429,"CUSUMHybrid(d=0.5, h=3.0)",-2.5507196415879956,525.1448788083354,1.0
430,"CUSUMHybrid(d=0.5, h=3.0)",-1.125338195248417,524.019540613087,1.0
431,"CUSUMHybrid(d=0.5, h=3.0)",-11.512915464920228,512.5066251481668,1.0
432,"CUSUMHybrid(d=0.5, h=3.0)",0.07674945073494271,512.5833745989017,1.0
433,"CUSUMHybrid(d=0.5, h=3.0)",1.4845754222215233,514.0679500211232,1.0
434,"CUSUMHybrid(d=0.5, h=3.0)",11.51291546492478,525.580865486048,1.0
435,"CUSUMHybrid(d=0.5, h=3.0)",0.4990175928955506,526.0798830789436,1.0
436,"CUSUMHybrid(d=0.5, h=3.0)",11.51291546492478,537.5927985438683,1.0
437,"CUSUMHybrid(d=0.5, h=3.0)",-1.4764147397256908,536.1163838041426,1.0
438,"CUSUMHybrid(d=0.5, h=3.0)",-2.326088238042289,533.7902955661003,1.0
439,"CUSUMHybrid(d=0.5, h=3.0)",0.33648193399093695,534.1267775000913,1.0
440,"CUSUMHybrid(d=0.5, h=3.0)",0.9208714417360684,535.0476489418273,1.0
441,"CUSUMHybrid(d=0.5, h=3.0)",0.3647573955462219,535.4124063373736,1.0
442,"CUSUMHybrid(d=0.5, h=3.0)",-11.512915464920228,523.8994908724534,1.0
443,"CUSUMHybrid(d=0.5, h=3.0)",0.29518074009461004,524.194671612548,1.0
444,"CUSUMHybrid(d=0.5, h=3.0)",-1.3330267266909956,522.861644885857,1.0
445,"CUSUMHybrid(d=0.5, h=3.0)",1.3919399507579904,524.253584836615,1.0
446,"CUSUMHybrid(d=0.5, h=3.0)",0.8952843591419798,525.148869195757,1.0
447,"CUSUMHybrid(d=0.5, h=3.0)",-0.7628119910556324,524.3860572047014,1.0
448,"CUSUMHybrid(d=0.5, h=3.0)",-0.2174936148284095,524.168563589873,1.0
449,"CUSUMHybrid(d=0.5, h=3.0)",-0.9333975030603229,523.2351660868127,1.0
450,"CUSUMHybrid(d=0.5, h=3.0)",0.3276861319240347,523.5628522187367,1.0
451,"CUSUMHybrid(d=0.5, h=3.0)",2.0559026983480275,525.6187549170847,1.0
452,"CUSUMHybrid(d=0.5, h=3.0)",-0.8269886237213545,524.7917662933634,1.0
453,"CUSUMHybrid(d=0.5, h=3.0)",1.105097232757292,525.8968635261207,1.0
454,"CUSUMHybrid(d=0.5, h=3.0)",-0.23741811083274517,525.6594454152879,1.0
455,"CUSUMHybrid(d=0.5, h=3.0)",-0.5660959535985057,525.0933494616894,1.0
456,"CUSUMHybrid(d=0.5, h=3.0)",0.27325118760566414,525.366600649295,1.0
457,"CUSUMHybrid(d=0.5, h=3.0)",-0.8981671058390928,524.468433543456,1.0
458,"CUSUMHybrid(d=0.5, h=3.0)",-0.26593544410284475,524.2024980993531,1.0
459,"CUSUMHybrid(d=0.5, h=3.0)",-1.149192362676354,523.0533057366767,1.0
460,"CUSUMHybrid(d=0.5, h=3.0)",11.51291546492478,534.5662212016015,1.0
461,"CUSUMHybrid(d=0.5, h=3.0)",0.4497469425612878,535.0159681441628,1.0
462,"CUSUMHybrid(d=0.5, h=3.0)",-0.4469660874521824,534.5690020567106,1.0
463,"CUSUMHybrid(d=0.5, h=3.0)",0.6820405431491503,535.2510425998597,1.0
464,"CUSUMHybrid(d=0.5, h=3.0)",0.2667773761286556,535.5178199759883,1.0
465,"CUSUMHybrid(d=0.5, h=3.0)",0.1350413266097221,535.652861302598,1.0
466,"CUSUMHybrid(d=0.5, h=3.0)",1.2906075762852232,536.9434688788832,1.0
467,"CUSUMHybrid(d=0.5, h=3.0)",1.56627766964074,538.5097465485239,1.0
468,"CUSUMHybrid(d=0.5, h=3.0)",-0.23771448862027877,538.2720320599036,1.0
469,"CUSUMHybrid(d=0.5, h=3.0)",-0.293061496424599,537.978970563479,1.0
470,"CUSUMHybrid(d=0.5, h=3.0)",0.06996649175798449,538.048937055237,1.0
471,"CUSUMHybrid(d=0.5, h=3.0)",-11.512915464920228,526.5360215903169,1.0
472,"CUSUMHybrid(d=0.5, h=3.0)",-1.7708015125828205,524.765220077734,1.0
473,"CUSUMHybrid(d=0.5, h=3.0)",11.51291546492478,536.2781355426588,1.0
474,"CUSUMHybrid(d=0.5, h=3.0)",11.51291546492478,547.7910510075835,1.0
475,"CUSUMHybrid(d=0.5, h=3.0)",0.10124314396922501,547.8922941515527,1.0
476,"CUSUMHybrid(d=0.5, h=3.0)",1.225141482176049,549.1174356337287,1.0
477,"CUSUMHybrid(d=0.5, h=3.0)",0.8159456938669732,549.9333813275957,1.0
478,"CUSUMHybrid(d=0.5, h=3.0)",11.51291546492478,561.4462967925205,1.0
479,"CUSUMHybrid(d=0.5, h=3.0)",2.6806055174494583,564.1269023099699,1.0
480,"CUSUMHybrid(d=0.5, h=3.0)",0.24775853203496975,564.3746608420048,1.0
481,"CUSUMHybrid(d=0.5, h=3.0)",-0.7845603112157651,563.5901005307891,1.0
482,"CUSUMHybrid(d=0.5, h=3.0)",-2.0108724350941976,561.5792280956949,1.0
483,"CUSUMHybrid(d=0.5, h=3.0)",0.6679281881686577,562.2471562838635,1.0
484,"CUSUMHybrid(d=0.5, h=3.0)",-0.5189628910186814,561.7281933928449,1.0
485,"CUSUMHybrid(d=0.5, h=3.0)",-1.5622509532540187,560.1659424395909,1.0
486,"CUSUMHybrid(d=0.5, h=3.0)",-0.3804094988216972,559.7855329407693,1.0
487,"CUSUMHybrid(d=0.5, h=3.0)",-0.9667157888038322,558.8188171519654,1.0
488,"CUSUMHybrid(d=0.5, h=3.0)",11.51291546492478,570.3317326168901,1.0
489,"CUSUMHybrid(d=0.5, h=3.0)",1.8531107495772923,572.1848433664674,1.0
490,"CUSUMHybrid(d=0.5, h=3.0)",0.3955091460583248,572.5803525125257,1.0
491,"CUSUMHybrid(d=0.5, h=3.0)",11.51291546492478,584.0932679774504,1.0
492,"CUSUMHybrid(d=0.5, h=3.0)",0.5031976340509281,584.5964656115013,1.0
493,"CUSUMHybrid(d=0.5, h=3.0)",-0.6561066524112407,583.9403589590901,1.0
494,"CUSUMHybrid(d=0.5, h=3.0)",11.51291546492478,595.4532744240148,1.0
495,"CUSUMHybrid(d=0.5, h=3.0)",1.1618737216730617,596.6151481456878,1.0
496,"CUSUMHybrid(d=0.5, h=3.0)",-0.9010919466481824,595.7140561990396,1.0
497,"CUSUMHybrid(d=0.5, h=3.0)",0.17201649430965493,595.8860726933493,1.0
498,"CUSUMHybrid(d=0.5, h=3.0)",-0.6752846817889976,595.2107880115603,1.0
499,"CUSUMHybrid(d=0.5, h=3.0)",-1.4817709238383419,593.729017087722,1.0
500,"CUSUMHybrid(d=0.5, h=3.0)",1.9722563807010636,595.7012734684231,1.0
501,"CUSUMHybrid(d=0.5, h=3.0)",11.51291546492478,607.2141889333478,1.0
502,"CUSUMHybrid(d=0.5, h=3.0)",-1.5134387619313907,605.7007501714164,1.0
503,"CUSUMHybrid(d=0.5, h=3.0)",1.2020584675692427,606.9028086389857,1.0
504,"CUSUMHybrid(d=0.5, h=3.0)",-0.38547436083899084,606.5173342781467,1.0
505,"CUSUMHybrid(d=0.5, h=3.0)",-0.18507695128215243,606.3322573268646,1.0
506,"CUSUMHybrid(d=0.5, h=3.0)",-0.31341324968067424,606.0188440771839,1.0
507,"CUSUMHybrid(d=0.5, h=3.0)",-0.6597188576906051,605.3591252194933,1.0
508,"CUSUMHybrid(d=0.5, h=3.0)",0.4665062010527492,605.8256314205461,1.0
509,"CUSUMHybrid(d=0.5, h=3.0)",-0.6158979829793466,605.2097334375667,1.0
510,"CUSUMHybrid(d=0.5, h=3.0)",0.75900213698713,605.9687355745538,1.0
511,"CUSUMHybrid(d=0.5, h=3.0)",0.3430390996352045,606.311774674189,1.0
512,"CUSUMHybrid(d=0.5, h=3.0)",0.11338365811494065,606.4251583323039,1.0
513,"CUSUMHybrid(d=0.5, h=3.0)",-0.7184658556761984,605.7066924766277,1.0
514,"CUSUMHybrid(d=0.5, h=3.0)",-0.29423003689996885,605.4124624397277,1.0
515,"CUSUMHybrid(d=0.5, h=3.0)",1.5618410136149945,606.9743034533427,1.0
516,"CUSUMHybrid(d=0.5, h=3.0)",1.1000803277175737,608.0743837810603,1.0
517,"CUSUMHybrid(d=0.5, h=3.0)",-0.8154355380943611,607.258948242966,1.0
518,"CUSUMHybrid(d=0.5, h=3.0)",0.531357585908668,607.7903058288747,1.0
519,"CUSUMHybrid(d=0.5, h=3.0)",1.5534824512745398,609.3437882801493,1.0
520,"CUSUMHybrid(d=0.5, h=3.0)",-2.2063868118158614,607.1374014683335,1.0
521,"CUSUMHybrid(d=0.5, h=3.0)",1.169242450033484,608.306643918367,1.0
522,"CUSUMHybrid(d=0.5, h=3.0)",-0.4004140153502081,607.9062299030168,1.0
523,"CUSUMHybrid(d=0.5, h=3.0)",1.2149838775693018,609.1212137805861,1.0
524,"CUSUMHybrid(d=0.5, h=3.0)",-0.5278338355959186,608.5933799449901,1.0
525,"CUSUMHybrid(d=0.5, h=3.0)",-2.7778055963817194,605.8155743486084,1.0
526,"CUSUMHybrid(d=0.5, h=3.0)",-2.0731172680855336,603.7424570805229,1.0
527,"CUSUMHybrid(d=0.5, h=3.0)",0.46595318749038656,604.2084102680133,1.0
528,"CUSUMHybrid(d=0.5, h=3.0)",0.7442144426547455,604.952624710668,1.0
529,"CUSUMHybrid(d=0.5, h=3.0)",-0.7140479341819228,604.2385767764861,1.0
530,"CUSUMHybrid(d=0.5, h=3.0)",1.3344619607299728,605.573038737216,1.0
531,"CUSUMHybrid(d=0.5, h=3.0)",-2.1801857371906883,603.3928530000254,1.0
532,"CUSUMHybrid(d=0.5, h=3.0)",0.3234961779518242,603.7163491779772,1.0
533,"CUSUMHybrid(d=0.5, h=3.0)",-1.1708845214902295,602.545464656487,1.0
534,"CUSUMHybrid(d=0.5, h=3.0)",-0.3869606844208848,602.1585039720661,1.0
535,"CUSUMHybrid(d=0.5, h=3.0)",0.4650842291580231,602.6235882012242,1.0
536,"CUSUMHybrid(d=0.5, h=3.0)",-0.6549453078026597,601.9686428934215,1.0
537,"CUSUMHybrid(d=0.5, h=3.0)",-0.06148601656744394,601.9071568768541,1.0
538,"CUSUMHybrid(d=0.5, h=3.0)",2.2183788836359826,604.12553576049,1.0
539,"CUSUMHybrid(d=0.5, h=3.0)",-0.2943778384561596,603.8311579220339,1.0
540,"CUSUMHybrid(d=0.5, h=3.0)",1.7401619394434715,605.5713198614774,1.0
541,"CUSUMHybrid(d=0.5, h=3.0)",-1.0403216111071365,604.5309982503702,1.0
542,"CUSUMHybrid(d=0.5, h=3.0)",1.1468837086498818,605.67788195902,1.0
543,"CUSUMHybrid(d=0.5, h=3.0)",11.51291546492478,617.1907974239448,1.0
544,"CUSUMHybrid(d=0.5, h=3.0)",-11.512915464920228,605.6778819590246,1.0
545,"CUSUMHybrid(d=0.5, h=3.0)",-0.5713237900137613,605.1065581690109,1.0
546,"CUSUMHybrid(d=0.5, h=3.0)",1.2260223717888028,606.3325805407997,1.0
547,"CUSUMHybrid(d=0.5, h=3.0)",0.15666518449186426,606.4892457252915,1.0
548,"CUSUMHybrid(d=0.5, h=3.0)",0.9019193116516826,607.3911650369432,1.0
549,"CUSUMHybrid(d=0.5, h=3.0)",-0.327683195267959,607.0634818416753,1.0
550,"CUSUMHybrid(d=0.5, h=3.0)",0.5149960640416325,607.5784779057169,1.0
551,"CUSUMHybrid(d=0.5, h=3.0)",0.21400029330973463,607.7924781990266,1.0
552,"CUSUMHybrid(d=0.5, h=3.0)",2.9515060114289264,610.7439842104556,1.0
553,"CUSUMHybrid(d=0.5, h=3.0)",0.7369395275849417,611.4809237380405,1.0
554,"CUSUMHybrid(d=0.5, h=3.0)",0.8534043691690533,612.3343281072096,1.0
555,"CUSUMHybrid(d=0.5, h=3.0)",-0.09432222676384677,612.2400058804457,1.0
556,"CUSUMHybrid(d=0.5, h=3.0)",-0.185658930550547,612.0543469498951,1.0
557,"CUSUMHybrid(d=0.5, h=3.0)",-0.11921080257449468,611.9351361473207,1.0
558,"CUSUMHybrid(d=0.5, h=3.0)",0.9362207891062896,612.871356936427,1.0
559,"CUSUMHybrid(d=0.5, h=3.0)",-0.10527850775514554,612.7660784286718,1.0
560,"CUSUMHybrid(d=0.5, h=3.0)",0.7858170122508301,613.5518954409226,1.0
561,"CUSUMHybrid(d=0.5, h=3.0)",11.51291546492478,625.0648109058474,1.0
562,"CUSUMHybrid(d=0.5, h=3.0)",1.8264427456925825,626.89125365154,1.0
563,"CUSUMHybrid(d=0.5, h=3.0)",0.008771817643626322,626.9000254691836,1.0
564,"CUSUMHybrid(d=0.5, h=3.0)",3.1875792238024636,630.087604692986,1.0
565,"CUSUMHybrid(d=0.5, h=3.0)",-0.08975064559081813,629.9978540473952,1.0
566,"CUSUMHybrid(d=0.5, h=3.0)",-11.512915464920228,618.484938582475,1.0
567,"CUSUMHybrid(d=0.5, h=3.0)",-0.8588766134433339,617.6260619690316,1.0
568,"CUSUMHybrid(d=0.5, h=3.0)",-3.210770280391816,614.4152916886399,1.0
569,"CUSUMHybrid(d=0.5, h=3.0)",-0.02181704618788996,614.393474642452,1.0
570,"CUSUMHybrid(d=0.5, h=3.0)",0.42854223424109567,614.8220168766932,1.0
571,"CUSUMHybrid(d=0.5, h=3.0)",11.51291546492478,626.3349323416179,1.0
572,"CUSUMHybrid(d=0.5, h=3.0)",0.8381631449729576,627.1730954865909,1.0
573,"CUSUMHybrid(d=0.5, h=3.0)",0.13729462452281907,627.3103901111137,1.0
574,"CUSUMHybrid(d=0.5, h=3.0)",1.7253890177038511,629.0357791288176,1.0
575,"CUSUMHybrid(d=0.5, h=3.0)",-11.512915464920228,617.5228636638974,1.0
576,"CUSUMHybrid(d=0.5, h=3.0)",0.7112819746249044,618.2341456385223,1.0
577,"CUSUMHybrid(d=0.5, h=3.0)",1.594580403285387,619.8287260418076,1.0
578,"CUSUMHybrid(d=0.5, h=3.0)",-1.685078772790814,618.1436472690168,1.0
579,"CUSUMHybrid(d=0.5, h=3.0)",2.808365565392932,620.9520128344097,1.0
580,"CUSUMHybrid(d=0.5, h=3.0)",0.8546846108238545,621.8066974452336,1.0
581,"CUSUMHybrid(d=0.5, h=3.0)",-0.09842487700800846,621.7082725682255,1.0
582,"CUSUMHybrid(d=0.5, h=3.0)",1.32392847471359,623.0322010429392,1.0
583,"CUSUMHybrid(d=0.5, h=3.0)",11.51291546492478,634.5451165078639,1.0
584,"CUSUMHybrid(d=0.5, h=3.0)",0.6391437413008315,635.1842602491647,1.0
585,"CUSUMHybrid(d=0.5, h=3.0)",0.7284551568860554,635.9127154060508,1.0
586,"CUSUMHybrid(d=0.5, h=3.0)",-0.1515223156323381,635.7611930904185,1.0
587,"CUSUMHybrid(d=0.5, h=3.0)",-0.6408842131583248,635.1203088772602,1.0
588,"CUSUMHybrid(d=0.5, h=3.0)",1.7275654134006806,636.8478742906609,1.0
589,"CUSUMHybrid(d=0.5, h=3.0)",-0.6491777551982132,636.1986965354627,1.0
590,"CUSUMHybrid(d=0.5, h=3.0)",0.4957917618381312,636.6944882973008,1.0
591,"CUSUMHybrid(d=0.5, h=3.0)",-0.17362378588882654,636.520864511412,1.0
592,"CUSUMHybrid(d=0.5, h=3.0)",1.0652573424930096,637.5861218539051,1.0
593,"CUSUMHybrid(d=0.5, h=3.0)",0.8477675787382087,638.4338894326432,1.0
594,"CUSUMHybrid(d=0.5, h=3.0)",2.3291420372138543,640.7630314698571,1.0
595,"CUSUMHybrid(d=0.5, h=3.0)",-0.21281930917710767,640.55021216068,1.0
596,"CUSUMHybrid(d=0.5, h=3.0)",0.07618690816305583,640.626399068843,1.0
597,"CUSUMHybrid(d=0.5, h=3.0)",-0.8171409894749482,639.8092580793681,1.0
598,"CUSUMHybrid(d=0.5, h=3.0)",-0.13334916257269305,639.6759089167954,1.0
599,"CUSUMHybrid(d=0.5, h=3.0)",0.9109286120736034,640.586837528869,1.0
600,"CUSUMHybrid(d=0.5, h=3.0)",1.5651883339650492,642.152025862834,1.0
601,"CUSUMHybrid(d=0.5, h=3.0)",-0.7384169838794803,641.4136088789545,1.0
602,"CUSUMHybrid(d=0.5, h=3.0)",1.8226330811528804,643.2362419601073,1.0
603,"CUSUMHybrid(d=0.5, h=3.0)",11.51291546492478,654.7491574250321,1.0
604,"CUSUMHybrid(d=0.5, h=3.0)",0.9645430209035842,655.7137004459356,1.0
605,"CUSUMHybrid(d=0.5, h=3.0)",11.51291546492478,667.2266159108603,1.0
606,"CUSUMHybrid(d=0.5, h=3.0)",-0.5413945233235345,666.6852213875368,1.0
607,"CUSUMHybrid(d=0.5, h=3.0)",-1.2275895516262993,665.4576318359104,1.0
608,"CUSUMHybrid(d=0.5, h=3.0)",-2.6436103600154865,662.814021475895,1.0
609,"CUSUMHybrid(d=0.5, h=3.0)",11.51291546492478,674.3269369408197,1.0
610,"CUSUMHybrid(d=0.5, h=3.0)",1.3633874584027708,675.6903243992225,1.0
611,"CUSUMHybrid(d=0.5, h=3.0)",0.3364363000622102,676.0267606992848,1.0
612,"CUSUMHybrid(d=0.5, h=3.0)",0.7721721588590766,676.7989328581439,1.0
613,"CUSUMHybrid(d=0.5, h=3.0)",-1.0337729883389395,675.765159869805,1.0
614,"CUSUMHybrid(d=0.5, h=3.0)",11.51291546492478,687.2780753347297,1.0
615,"CUSUMHybrid(d=0.5, h=3.0)",0.5700137790756902,687.8480891138054,1.0
616,"CUSUMHybrid(d=0.5, h=3.0)",0.5443271097714736,688.3924162235769,1.0
617,"CUSUMHybrid(d=0.5, h=3.0)",1.501043018447587,689.8934592420245,1.0
618,"CUSUMHybrid(d=0.5, h=3.0)",1.0684538492287428,690.9619130912532,1.0
619,"CUSUMHybrid(d=0.5, h=3.0)",0.6953914534242926,691.6573045446776,1.0
620,"CUSUMHybrid(d=0.5, h=3.0)",-0.5629824335850838,691.0943221110925,1.0
621,"CUSUMHybrid(d=0.5, h=3.0)",1.0534691113120558,692.1477912224046,1.0
622,"CUSUMHybrid(d=0.5, h=3.0)",11.51291546492478,703.6607066873294,1.0
623,"CUSUMHybrid(d=0.5, h=3.0)",11.51291546492478,715.1736221522541,1.0
624,"CUSUMHybrid(d=0.5, h=3.0)",11.51291546492478,726.6865376171788,1.0
625,"CUSUMHybrid(d=0.5, h=3.0)",-0.21427491174483135,726.472262705434,1.0
626,"CUSUMHybrid(d=0.5, h=3.0)",-0.8324913085274098,725.6397713969066,1.0
627,"CUSUMHybrid(d=0.5, h=3.0)",0.2503551926452489,725.8901265895518,1.0
628,"CUSUMHybrid(d=0.5, h=3.0)",0.475638631919523,726.3657652214713,1.0
629,"CUSUMHybrid(d=0.5, h=3.0)",2.560225185591988,728.9259904070633,1.0
630,"CUSUMHybrid(d=0.5, h=3.0)",-2.2863400191667043,726.6396503878966,1.0
631,"CUSUMHybrid(d=0.5, h=3.0)",11.51291546492478,738.1525658528213,1.0
632,"CUSUMHybrid(d=0.5, h=3.0)",0.21117177907277676,738.3637376318941,1.0
633,"CUSUMHybrid(d=0.5, h=3.0)",-0.11237539330484121,738.2513622385892,1.0
634,"CUSUMHybrid(d=0.5, h=3.0)",-0.8646502703875482,737.3867119682017,1.0
635,"CUSUMHybrid(d=0.5, h=3.0)",-2.1584633590292652,735.2282486091724,1.0
636,"CUSUMHybrid(d=0.5, h=3.0)",1.7108860616849213,736.9391346708574,1.0
637,"CUSUMHybrid(d=0.5, h=3.0)",0.4980262904894509,737.4371609613468,1.0
638,"CUSUMHybrid(d=0.5, h=3.0)",-1.3068661085258864,736.1302948528208,1.0
639,"CUSUMHybrid(d=0.5, h=3.0)",-1.3160491174814746,734.8142457353393,1.0
640,"CUSUMHybrid(d=0.5, h=3.0)",-0.002941641269382742,734.81130409407,1.0
641,"CUSUMHybrid(d=0.5, h=3.0)",11.51291546492478,746.3242195589947,1.0
642,"CUSUMHybrid(d=0.5, h=3.0)",0.08854819028976599,746.4127677492845,1.0
643,"CUSUMHybrid(d=0.5, h=3.0)",-1.7420154638934189,744.6707522853911,1.0
644,"CUSUMHybrid(d=0.5, h=3.0)",0.10520525139738042,744.7759575367885,1.0
645,"CUSUMHybrid(d=0.5, h=3.0)",0.0727638037418933,744.8487213405303,1.0
646,"CUSUMHybrid(d=0.5, h=3.0)",-11.512915464920228,733.3358058756102,1.0
647,"CUSUMHybrid(d=0.5, h=3.0)",0.3380284892053391,733.6738343648155,1.0
648,"CUSUMHybrid(d=0.5, h=3.0)",0.12303352827704434,733.7968678930926,1.0
649,"CUSUMHybrid(d=0.5, h=3.0)",1.4426320555676166,735.2394999486602,1.0
650,"CUSUMHybrid(d=0.5, h=3.0)",11.51291546492478,746.7524154135849,1.0
651,"CUSUMHybrid(d=0.5, h=3.0)",2.7160913852710062,749.468506798856,1.0
652,"CUSUMHybrid(d=0.5, h=3.0)",0.07737214694304086,749.545878945799,1.0
653,"CUSUMHybrid(d=0.5, h=3.0)",-1.0045782916829,748.5413006541161,1.0
654,"CUSUMHybrid(d=0.5, h=3.0)",11.51291546492478,760.0542161190408,1.0
655,"CUSUMHybrid(d=0.5, h=3.0)",0.4800747689152146,760.534290887956,1.0
656,"CUSUMHybrid(d=0.5, h=3.0)",0.42290753451817187,760.9571984224741,1.0
657,"CUSUMHybrid(d=0.5, h=3.0)",0.3753971512794333,761.3325955737536,1.0
658,"CUSUMHybrid(d=0.5, h=3.0)",0.6607347842961145,761.9933303580497,1.0
659,"CUSUMHybrid(d=0.5, h=3.0)",0.2277468358851164,762.2210771939348,1.0
660,"CUSUMHybrid(d=0.5, h=3.0)",-0.29041856736856714,761.9306586265662,1.0
661,"CUSUMHybrid(d=0.5, h=3.0)",-0.25764658439975924,761.6730120421665,1.0
662,"CUSUMHybrid(d=0.5, h=3.0)",0.3646848075867448,762.0376968497533,1.0
663,"CUSUMHybrid(d=0.5, h=3.0)",-0.25345792928986977,761.7842389204634,1.0
664,"CUSUMHybrid(d=0.5, h=3.0)",-0.46354045976481856,761.3206984606986,1.0
665,"CUSUMHybrid(d=0.5, h=3.0)",0.540501485398218,761.8611999460968,1.0
666,"CUSUMHybrid(d=0.5, h=3.0)",0.0940967068547146,761.9552966529516,1.0
667,"CUSUMHybrid(d=0.5, h=3.0)",11.51291546492478,773.4682121178763,1.0
668,"CUSUMHybrid(d=0.5, h=3.0)",-11.512915464920228,761.9552966529561,1.0
669,"CUSUMHybrid(d=0.5, h=3.0)",2.548193455358584,764.5034901083147,1.0
670,"CUSUMHybrid(d=0.5, h=3.0)",3.6164487407261294,768.1199388490409,1.0
671,"CUSUMHybrid(d=0.5, h=3.0)",-11.512915464920228,756.6070233841207,1.0
672,"CUSUMHybrid(d=0.5, h=3.0)",-0.011225230765287189,756.5957981533554,1.0
673,"CUSUMHybrid(d=0.5, h=3.0)",-0.04573701053321999,756.5500611428222,1.0
674,"CUSUMHybrid(d=0.5, h=3.0)",-1.5316904213393692,755.0183707214828,1.0
675,"CUSUMHybrid(d=0.5, h=3.0)",-0.5465939729706997,754.4717767485121,1.0
676,"CUSUMHybrid(d=0.5, h=3.0)",-1.0107799227740883,753.460996825738,1.0
677,"CUSUMHybrid(d=0.5, h=3.0)",11.51291546492478,764.9739122906627,1.0
678,"CUSUMHybrid(d=0.5, h=3.0)",1.9991091998374086,766.9730214905002,1.0
679,"CUSUMHybrid(d=0.5, h=3.0)",3.969469543047771,770.942491033548,1.0
680,"CUSUMHybrid(d=0.5, h=3.0)",1.4928230521162231,772.4353140856642,1.0
681,"CUSUMHybrid(d=0.5, h=3.0)",-1.0393031776469959,771.3960109080173,1.0
682,"CUSUMHybrid(d=0.5, h=3.0)",-0.2304386625645414,771.1655722454527,1.0
683,"CUSUMHybrid(d=0.5, h=3.0)",1.0816831324914526,772.2472553779442,1.0
684,"CUSUMHybrid(d=0.5, h=3.0)",-1.1894257406442448,771.0578296373,1.0
685,"CUSUMHybrid(d=0.5, h=3.0)",1.4755502354367238,772.5333798727366,1.0
686,"CUSUMHybrid(d=0.5, h=3.0)",0.11172559623145137,772.645105468968,1.0
687,"CUSUMHybrid(d=0.5, h=3.0)",-0.04979525573366193,772.5953102132344,1.0
688,"CUSUMHybrid(d=0.5, h=3.0)",1.4715179048238987,774.0668281180583,1.0
689,"CUSUMHybrid(d=0.5, h=3.0)",1.0113230552673445,775.0781511733256,1.0
690,"CUSUMHybrid(d=0.5, h=3.0)",-0.033162437840443086,775.0449887354852,1.0
691,"CUSUMHybrid(d=0.5, h=3.0)",2.8990396103568568,777.9440283458421,1.0
692,"CUSUMHybrid(d=0.5, h=3.0)",-0.9659874943004236,776.9780408515417,1.0
693,"CUSUMHybrid(d=0.5, h=3.0)",1.2937467013359323,778.2717875528776,1.0
694,"CUSUMHybrid(d=0.5, h=3.0)",1.253646082895414,779.5254336357731,1.0
695,"CUSUMHybrid(d=0.5, h=3.0)",0.028546211157986313,779.553979846931,1.0
696,"CUSUMHybrid(d=0.5, h=3.0)",0.837032729115948,780.391012576047,1.0
697,"CUSUMHybrid(d=0.5, h=3.0)",-1.2386794679698372,779.1523331080772,1.0
698,"CUSUMHybrid(d=0.5, h=3.0)",1.9662532512958948,781.1185863593731,1.0
699,"CUSUMHybrid(d=0.5, h=3.0)",0.17859060020483422,781.297176959578,1.0
700,"CUSUMHybrid(d=0.5, h=3.0)",-0.22825348257895742,781.0689234769991,1.0
701,"CUSUMHybrid(d=0.5, h=3.0)",2.372457161800694,783.4413806387997,1.0
702,"CUSUMHybrid(d=0.5, h=3.0)",-0.4527930758026674,782.988587562997,1.0
703,"CUSUMHybrid(d=0.5, h=3.0)",-1.5336408450155332,781.4549467179816,1.0
704,"CUSUMHybrid(d=0.5, h=3.0)",-1.8745923076460451,779.5803544103355,1.0
705,"CUSUMHybrid(d=0.5, h=3.0)",1.276204380634694,780.8565587909702,1.0
706,"CUSUMHybrid(d=0.5, h=3.0)",-1.2898913930013933,779.5666673979688,1.0
707,"CUSUMHybrid(d=0.5, h=3.0)",11.51291546492478,791.0795828628935,1.0
708,"CUSUMHybrid(d=0.5, h=3.0)",-11.512915464920228,779.5666673979733,1.0
709,"CUSUMHybrid(d=0.5, h=3.0)",11.51291546492478,791.0795828628981,1.0
710,"CUSUMHybrid(d=0.5, h=3.0)",0.6780585138843507,791.7576413767824,1.0
711,"CUSUMHybrid(d=0.5, h=3.0)",0.2858754097607697,792.0435167865433,1.0
712,"CUSUMHybrid(d=0.5, h=3.0)",-0.2552802712576009,791.7882365152857,1.0
713,"CUSUMHybrid(d=0.5, h=3.0)",0.9431764280194278,792.7314129433051,1.0
714,"CUSUMHybrid(d=0.5, h=3.0)",0.3586334443775176,793.0900463876827,1.0
715,"CUSUMHybrid(d=0.5, h=3.0)",2.602005902432919,795.6920522901156,1.0
716,"CUSUMHybrid(d=0.5, h=3.0)",0.5505720232823224,796.242624313398,1.0
717,"CUSUMHybrid(d=0.5, h=3.0)",0.5975279138465398,796.8401522272445,1.0
718,"CUSUMHybrid(d=0.5, h=3.0)",-0.03633865288760666,796.8038135743569,1.0
719,"CUSUMHybrid(d=0.5, h=3.0)",0.3347567402008647,797.1385703145578,1.0
720,"CUSUMHybrid(d=0.5, h=3.0)",0.81108437864321,797.949654693201,1.0
721,"CUSUMHybrid(d=0.5, h=3.0)",-2.3514639250442495,795.5981907681567,1.0
722,"CUSUMHybrid(d=0.5, h=3.0)",-1.414378481034369,794.1838122871222,1.0
723,"CUSUMHybrid(d=0.5, h=3.0)",1.5366638807896285,795.7204761679119,1.0
724,"CUSUMHybrid(d=0.5, h=3.0)",0.6245806663884453,796.3450568343003,1.0
725,"CUSUMHybrid(d=0.5, h=3.0)",0.17970203025150788,796.5247588645518,1.0
726,"CUSUMHybrid(d=0.5, h=3.0)",0.42856176906100485,796.9533206336129,1.0
727,"CUSUMHybrid(d=0.5, h=3.0)",0.867736591480626,797.8210572250935,1.0
728,"CUSUMHybrid(d=0.5, h=3.0)",-0.24899005777338654,797.57206716732,1.0
729,"CUSUMHybrid(d=0.5, h=3.0)",-0.5472245139236543,797.0248426533964,1.0
730,"CUSUMHybrid(d=0.5, h=3.0)",0.6577446633350376,797.6825873167314,1.0
731,"CUSUMHybrid(d=0.5, h=3.0)",-0.8165891558937073,796.8659981608378,1.0
732,"CUSUMHybrid(d=0.5, h=3.0)",0.9567759212601784,797.8227740820979,1.0
733,"CUSUMHybrid(d=0.5, h=3.0)",-2.323135616131754,795.4996384659662,1.0
734,"CUSUMHybrid(d=0.5, h=3.0)",2.2984271351407806,797.7980656011069,1.0
735,"CUSUMHybrid(d=0.5, h=3.0)",1.0552368253773206,798.8533024264842,1.0
736,"CUSUMHybrid(d=0.5, h=3.0)",0.7391452619628275,799.592447688447,1.0
737,"CUSUMHybrid(d=0.5, h=3.0)",2.140814430400949,801.733262118848,1.0
738,"CUSUMHybrid(d=0.5, h=3.0)",11.51291546492478,813.2461775837727,1.0
739,"CUSUMHybrid(d=0.5, h=3.0)",2.246070203864946,815.4922477876377,1.0
740,"CUSUMHybrid(d=0.5, h=3.0)",-2.9931184067823158,812.4991293808554,1.0
741,"CUSUMHybrid(d=0.5, h=3.0)",-1.288381350926767,811.2107480299286,1.0
742,"CUSUMHybrid(d=0.5, h=3.0)",-0.3534154599851704,810.8573325699434,1.0
743,"CUSUMHybrid(d=0.5, h=3.0)",0.43818855476032337,811.2955211247038,1.0
744,"CUSUMHybrid(d=0.5, h=3.0)",1.1270696397232294,812.422590764427,1.0
745,"CUSUMHybrid(d=0.5, h=3.0)",-0.4798952697720088,811.942695494655,1.0
746,"CUSUMHybrid(d=0.5, h=3.0)",0.6456522053731685,812.5883477000282,1.0
747,"CUSUMHybrid(d=0.5, h=3.0)",-0.5177217438998803,812.0706259561283,1.0
748,"CUSUMHybrid(d=0.5, h=3.0)",-0.3369742316094227,811.7336517245188,1.0
749,"CUSUMHybrid(d=0.5, h=3.0)",-1.5299454246911786,810.2037062998277,1.0
750,"CUSUMHybrid(d=0.5, h=3.0)",-0.7398816409608406,809.4638246588669,1.0
751,"CUSUMHybrid(d=0.5, h=3.0)",-1.4210653904231783,808.0427592684437,1.0
752,"CUSUMHybrid(d=0.5, h=3.0)",-0.8130637010581145,807.2296955673855,1.0
753,"CUSUMHybrid(d=0.5, h=3.0)",2.3904028476372523,809.6200984150228,1.0
754,"CUSUMHybrid(d=0.5, h=3.0)",-0.7760105813932738,808.8440878336295,1.0
755,"CUSUMHybrid(d=0.5, h=3.0)",11.51291546492478,820.3570032985542,1.0
756,"CUSUMHybrid(d=0.5, h=3.0)",1.0879493291591917,821.4449526277134,1.0
757,"CUSUMHybrid(d=0.5, h=3.0)",0.6430865115638363,822.0880391392773,1.0
758,"CUSUMHybrid(d=0.5, h=3.0)",-0.6522056742694171,821.4358334650078,1.0
759,"CUSUMHybrid(d=0.5, h=3.0)",1.4506143420873627,822.8864478070952,1.0
760,"CUSUMHybrid(d=0.5, h=3.0)",-0.2928403208595816,822.5936074862357,1.0
761,"CUSUMHybrid(d=0.5, h=3.0)",0.5606500864433153,823.154257572679,1.0
762,"CUSUMHybrid(d=0.5, h=3.0)",11.51291546492478,834.6671730376037,1.0
763,"CUSUMHybrid(d=0.5, h=3.0)",0.2866754342559728,834.9538484718596,1.0
764,"CUSUMHybrid(d=0.5, h=3.0)",2.8396651854378834,837.7935136572975,1.0
765,"CUSUMHybrid(d=0.5, h=3.0)",-0.4513195693328789,837.3421940879646,1.0
766,"CUSUMHybrid(d=0.5, h=3.0)",0.3619130596864885,837.704107147651,1.0
767,"CUSUMHybrid(d=0.5, h=3.0)",11.51291546492478,849.2170226125758,1.0
768,"CUSUMHybrid(d=0.5, h=3.0)",-0.35607560290600043,848.8609470096698,1.0
769,"CUSUMHybrid(d=0.5, h=3.0)",11.51291546492478,860.3738624745945,1.0
770,"CUSUMHybrid(d=0.5, h=3.0)",1.4651925715602179,861.8390550461547,1.0
771,"CUSUMHybrid(d=0.5, h=3.0)",-0.27671236480871503,861.562342681346,1.0
772,"CUSUMHybrid(d=0.5, h=3.0)",1.3232524573574256,862.8855951387034,1.0
773,"CUSUMHybrid(d=0.5, h=3.0)",2.1089116860221444,864.9945068247255,1.0
774,"CUSUMHybrid(d=0.5, h=3.0)",1.3042119188600085,866.2987187435855,1.0
775,"CUSUMHybrid(d=0.5, h=3.0)",-1.9104297111483721,864.3882890324371,1.0
776,"CUSUMHybrid(d=0.5, h=3.0)",-0.48166580337089454,863.9066232290662,1.0
777,"CUSUMHybrid(d=0.5, h=3.0)",0.10306878364972809,864.009692012716,1.0
778,"CUSUMHybrid(d=0.5, h=3.0)",0.3132156546475371,864.3229076673636,1.0
779,"CUSUMHybrid(d=0.5, h=3.0)",1.3021799072636606,865.6250875746272,1.0
780,"CUSUMHybrid(d=0.5, h=3.0)",0.633622065501248,866.2587096401285,1.0
781,"CUSUMHybrid(d=0.5, h=3.0)",-1.390069308406143,864.8686403317223,1.0
782,"CUSUMHybrid(d=0.5, h=3.0)",0.9151818362981639,865.7838221680205,1.0
783,"CUSUMHybrid(d=0.5, h=3.0)",1.2842698549121045,867.0680920229325,1.0
784,"CUSUMHybrid(d=0.5, h=3.0)",1.1966995660574686,868.26479158899,1.0
785,"CUSUMHybrid(d=0.5, h=3.0)",2.5013187515168096,870.7661103405068,1.0
786,"CUSUMHybrid(d=0.5, h=3.0)",1.7359871894461025,872.5020975299528,1.0
787,"CUSUMHybrid(d=0.5, h=3.0)",1.0343275640126035,873.5364250939655,1.0
788,"CUSUMHybrid(d=0.5, h=3.0)",0.318465702141536,873.854890796107,1.0
789,"CUSUMHybrid(d=0.5, h=3.0)",-2.1783485045640893,871.676542291543,1.0
790,"CUSUMHybrid(d=0.5, h=3.0)",0.9889752409562911,872.6655175324993,1.0
791,"CUSUMHybrid(d=0.5, h=3.0)",0.6735888936380143,873.3391064261373,1.0
792,"CUSUMHybrid(d=0.5, h=3.0)",0.7605523878721483,874.0996588140094,1.0
793,"CUSUMHybrid(d=0.5, h=3.0)",-1.2833799696486172,872.8162788443608,1.0
794,"CUSUMHybrid(d=0.5, h=3.0)",-0.965977297271335,871.8503015470894,1.0
795,"CUSUMHybrid(d=0.5, h=3.0)",2.3884960911301873,874.2387976382196,1.0
796,"CUSUMHybrid(d=0.5, h=3.0)",0.35625450468222514,874.5950521429017,1.0
797,"CUSUMHybrid(d=0.5, h=3.0)",1.4143440428275618,876.0093961857293,1.0
798,"CUSUMHybrid(d=0.5, h=3.0)",0.4409925614425469,876.4503887471718,1.0
799,"CUSUMHybrid(d=0.5, h=3.0)",0.4428034844370991,876.893192231609,1.0
800,"CUSUMHybrid(d=0.5, h=3.0)",2.0065698076708043,878.8997620392797,1.0
801,"CUSUMHybrid(d=0.5, h=3.0)",-0.22013839563975837,878.67962364364,1.0
802,"CUSUMHybrid(d=0.5, h=3.0)",0.5272274765676986,879.2068511202076,1.0
803,"CUSUMHybrid(d=0.5, h=3.0)",-0.15504016596616121,879.0518109542414,1.0
804,"CUSUMHybrid(d=0.5, h=3.0)",-0.12154488568869005,878.9302660685528,1.0
805,"CUSUMHybrid(d=0.5, h=3.0)",0.02899548313399769,878.9592615516868,1.0
806,"CUSUMHybrid(d=0.5, h=3.0)",0.6930277746416584,879.6522893263285,1.0
807,"CUSUMHybrid(d=0.5, h=3.0)",-0.17494316425050147,879.477346162078,1.0
808,"CUSUMHybrid(d=0.5, h=3.0)",3.736906154697909,883.2142523167759,1.0
809,"CUSUMHybrid(d=0.5, h=3.0)",-0.7008770225420637,882.5133752942338,1.0
810,"CUSUMHybrid(d=0.5, h=3.0)",0.17620854736958963,882.6895838416034,1.0
811,"CUSUMHybrid(d=0.5, h=3.0)",-0.12785113937140766,882.561732702232,1.0
812,"CUSUMHybrid(d=0.5, h=3.0)",11.51291546492478,894.0746481671567,1.0
813,"CUSUMHybrid(d=0.5, h=3.0)",0.6586916873420372,894.7333398544988,1.0
814,"CUSUMHybrid(d=0.5, h=3.0)",2.30819362465354,897.0415334791523,1.0
815,"CUSUMHybrid(d=0.5, h=3.0)",-1.701021578990261,895.3405119001621,1.0
816,"CUSUMHybrid(d=0.5, h=3.0)",0.754300711932822,896.094812612095,1.0
817,"CUSUMHybrid(d=0.5, h=3.0)",1.8737296427701982,897.9685422548652,1.0
818,"CUSUMHybrid(d=0.5, h=3.0)",0.5094826886421627,898.4780249435073,1.0
819,"CUSUMHybrid(d=0.5, h=3.0)",2.437521398550577,900.9155463420578,1.0
820,"CUSUMHybrid(d=0.5, h=3.0)",-0.22164914198825802,900.6938972000696,1.0
821,"CUSUMHybrid(d=0.5, h=3.0)",11.51291546492478,912.2068126649943,1.0
822,"CUSUMHybrid(d=0.5, h=3.0)",11.51291546492478,923.7197281299191,1.0
823,"CUSUMHybrid(d=0.5, h=3.0)",-0.03540997201073764,923.6843181579084,1.0
824,"CUSUMHybrid(d=0.5, h=3.0)",-0.1348068076348774,923.5495113502735,1.0
825,"CUSUMHybrid(d=0.5, h=3.0)",11.51291546492478,935.0624268151983,1.0
826,"CUSUMHybrid(d=0.5, h=3.0)",11.51291546492478,946.575342280123,1.0
827,"CUSUMHybrid(d=0.5, h=3.0)",-0.22842004282937828,946.3469222372936,1.0
828,"CUSUMHybrid(d=0.5, h=3.0)",-0.10431868070006994,946.2426035565935,1.0
829,"CUSUMHybrid(d=0.5, h=3.0)",0.06187820566265396,946.3044817622562,1.0
830,"CUSUMHybrid(d=0.5, h=3.0)",-1.407271009276745,944.8972107529794,1.0
831,"CUSUMHybrid(d=0.5, h=3.0)",-0.7336037132781585,944.1636070397012,1.0
832,"CUSUMHybrid(d=0.5, h=3.0)",-0.8532202654081991,943.310386774293,1.0
833,"CUSUMHybrid(d=0.5, h=3.0)",-0.5336725571912153,942.7767142171017,1.0
834,"CUSUMHybrid(d=0.5, h=3.0)",0.3622894567660382,943.1390036738677,1.0
835,"CUSUMHybrid(d=0.5, h=3.0)",0.7093812296206784,943.8483849034884,1.0
836,"CUSUMHybrid(d=0.5, h=3.0)",11.51291546492478,955.3613003684131,1.0
837,"CUSUMHybrid(d=0.5, h=3.0)",-0.8449475942009385,954.5163527742122,1.0
838,"CUSUMHybrid(d=0.5, h=3.0)",2.146024744193052,956.6623775184053,1.0
839,"CUSUMHybrid(d=0.5, h=3.0)",0.143458919188583,956.8058364375938,1.0
840,"CUSUMHybrid(d=0.5, h=3.0)",0.3439960648175153,957.1498325024113,1.0
841,"CUSUMHybrid(d=0.5, h=3.0)",1.4016516372912051,958.5514841397026,1.0
842,"CUSUMHybrid(d=0.5, h=3.0)",-1.029487920350674,957.5219962193519,1.0
843,"CUSUMHybrid(d=0.5, h=3.0)",0.9184340435150028,958.4404302628669,1.0
844,"CUSUMHybrid(d=0.5, h=3.0)",0.6187564180439961,959.0591866809109,1.0
845,"CUSUMHybrid(d=0.5, h=3.0)",1.0865705251725788,960.1457572060834,1.0
846,"CUSUMHybrid(d=0.5, h=3.0)",0.7849714885458733,960.9307286946294,1.0
847,"CUSUMHybrid(d=0.5, h=3.0)",11.51291546492478,972.4436441595541,1.0
848,"CUSUMHybrid(d=0.5, h=3.0)",-0.3694331288331692,972.0742110307209,1.0
849,"CUSUMHybrid(d=0.5, h=3.0)",-0.2383179238523474,971.8358931068685,1.0
850,"CUSUMHybrid(d=0.5, h=3.0)",-0.35133863991979436,971.4845544669487,1.0
851,"CUSUMHybrid(d=0.5, h=3.0)",-0.2681681599365166,971.2163863070122,1.0
852,"CUSUMHybrid(d=0.5, h=3.0)",-0.3689951054850519,970.8473912015271,1.0
853,"CUSUMHybrid(d=0.5, h=3.0)",3.0954569522446396,973.9428481537717,1.0
854,"CUSUMHybrid(d=0.5, h=3.0)",11.51291546492478,985.4557636186964,1.0
855,"CUSUMHybrid(d=0.5, h=3.0)",-0.28684633213935135,985.1689172865571,1.0
856,"CUSUMHybrid(d=0.5, h=3.0)",-0.6177501033963346,984.5511671831607,1.0
857,"CUSUMHybrid(d=0.5, h=3.0)",1.0533864854730057,985.6045536686337,1.0
858,"CUSUMHybrid(d=0.5, h=3.0)",-0.26419369189366254,985.34035997674,1.0
859,"CUSUMHybrid(d=0.5, h=3.0)",1.3241994996075295,986.6645594763476,1.0
860,"CUSUMHybrid(d=0.5, h=3.0)",0.6672044491293934,987.3317639254769,1.0
861,"CUSUMHybrid(d=0.5, h=3.0)",-1.7721370634870264,985.55962686199,1.0
862,"CUSUMHybrid(d=0.5, h=3.0)",11.51291546492478,997.0725423269147,1.0
863,"CUSUMHybrid(d=0.5, h=3.0)",11.51291546492478,1008.5854577918394,1.0
864,"CUSUMHybrid(d=0.5, h=3.0)",-0.3385432069643316,1008.2469145848751,1.0
865,"CUSUMHybrid(d=0.5, h=3.0)",-0.06526502855564015,1008.1816495563195,1.0
866,"CUSUMHybrid(d=0.5, h=3.0)",0.7803689108107986,1008.9620184671303,1.0
867,"CUSUMHybrid(d=0.5, h=3.0)",0.8489033141394023,1009.8109217812697,1.0
868,"CUSUMHybrid(d=0.5, h=3.0)",1.3711338467504304,1011.1820556280202,1.0
869,"CUSUMHybrid(d=0.5, h=3.0)",11.51291546492478,1022.6949710929449,1.0
870,"CUSUMHybrid(d=0.5, h=3.0)",0.18821700800292798,1022.8831881009478,1.0
871,"CUSUMHybrid(d=0.5, h=3.0)",-0.5731477024682705,1022.3100403984795,1.0
872,"CUSUMHybrid(d=0.5, h=3.0)",-1.4748653450937403,1020.8351750533858,1.0
873,"CUSUMHybrid(d=0.5, h=3.0)",-0.48648912552768325,1020.3486859278581,1.0
874,"CUSUMHybrid(d=0.5, h=3.0)",0.36422130760312516,1020.7129072354612,1.0
875,"CUSUMHybrid(d=0.5, h=3.0)",11.51291546492478,1032.225822700386,1.0
876,"CUSUMHybrid(d=0.5, h=3.0)",-0.22204134702759798,1032.0037813533584,1.0
877,"CUSUMHybrid(d=0.5, h=3.0)",0.6952616609684451,1032.699043014327,1.0
878,"CUSUMHybrid(d=0.5, h=3.0)",0.38497782754466053,1033.0840208418715,1.0
879,"CUSUMHybrid(d=0.5, h=3.0)",3.090952116002686,1036.1749729578742,1.0
880,"CUSUMHybrid(d=0.5, h=3.0)",11.51291546492478,1047.687888422799,1.0
881,"CUSUMHybrid(d=0.5, h=3.0)",-0.23816191239394166,1047.449726510405,1.0
882,"CUSUMHybrid(d=0.5, h=3.0)",-0.1878780328918282,1047.2618484775132,1.0
883,"CUSUMHybrid(d=0.5, h=3.0)",2.3539573235177254,1049.615805801031,1.0
884,"CUSUMHybrid(d=0.5, h=3.0)",1.4150894769136133,1051.0308952779446,1.0
885,"CUSUMHybrid(d=0.5, h=3.0)",11.51291546492478,1062.5438107428695,1.0
886,"CUSUMHybrid(d=0.5, h=3.0)",1.2377863166183485,1063.781597059488,1.0
887,"CUSUMHybrid(d=0.5, h=3.0)",-0.031153028230123433,1063.7504440312578,1.0
888,"CUSUMHybrid(d=0.5, h=3.0)",1.2494027037395818,1064.9998467349974,1.0
889,"CUSUMHybrid(d=0.5, h=3.0)",2.6275075596675572,1067.6273542946649,1.0
890,"CUSUMHybrid(d=0.5, h=3.0)",1.704677484269017,1069.332031778934,1.0
891,"CUSUMHybrid(d=0.5, h=3.0)",1.1102848331634347,1070.4423166120973,1.0
892,"CUSUMHybrid(d=0.5, h=3.0)",2.442379737948074,1072.8846963500455,1.0
893,"CUSUMHybrid(d=0.5, h=3.0)",2.9611680900578174,1075.8458644401032,1.0
894,"CUSUMHybrid(d=0.5, h=3.0)",11.51291546492478,1087.358779905028,1.0
895,"CUSUMHybrid(d=0.5, h=3.0)",1.3529589926946946,1088.7117388977229,1.0
896,"CUSUMHybrid(d=0.5, h=3.0)",0.2001235423569018,1088.9118624400799,1.0
897,"CUSUMHybrid(d=0.5, h=3.0)",0.5928295228143451,1089.5046919628942,1.0
898,"CUSUMHybrid(d=0.5, h=3.0)",3.230134884008033,1092.7348268469023,1.0
899,"CUSUMHybrid(d=0.5, h=3.0)",-0.5974849912200354,1092.1373418556823,1.0
900,"CUSUMHybrid(d=0.5, h=3.0)",0.8983095590992655,1093.0356514147816,1.0
901,"CUSUMHybrid(d=0.5, h=3.0)",-0.07203771153448482,1092.9636137032471,1.0
902,"CUSUMHybrid(d=0.5, h=3.0)",0.44152961464436613,1093.4051433178915,1.0
903,"CUSUMHybrid(d=0.5, h=3.0)",4.0899508148445225,1097.495094132736,1.0
904,"CUSUMHybrid(d=0.5, h=3.0)",0.6514170492858059,1098.1465111820219,1.0
905,"CUSUMHybrid(d=0.5, h=3.0)",0.4638662840148105,1098.6103774660367,1.0
906,"CUSUMHybrid(d=0.5, h=3.0)",-1.4367885176045834,1097.173588948432,1.0
907,"CUSUMHybrid(d=0.5, h=3.0)",1.5428322218209767,1098.7164211702532,1.0
908,"CUSUMHybrid(d=0.5, h=3.0)",1.3470398244328294,1100.063460994686,1.0
909,"CUSUMHybrid(d=0.5, h=3.0)",11.51291546492478,1111.5763764596109,1.0
910,"CUSUMHybrid(d=0.5, h=3.0)",0.030668521624501913,1111.6070449812353,1.0
911,"CUSUMHybrid(d=0.5, h=3.0)",0.6890029813431803,1112.2960479625785,1.0
912,"CUSUMHybrid(d=0.5, h=3.0)",0.7300448070920471,1113.0260927696706,1.0
913,"CUSUMHybrid(d=0.5, h=3.0)",11.51291546492478,1124.5390082345955,1.0
914,"CUSUMHybrid(d=0.5, h=3.0)",0.2876117122980149,1124.8266199468935,1.0
915,"CUSUMHybrid(d=0.5, h=3.0)",0.7708579565171492,1125.5974779034107,1.0
916,"CUSUMHybrid(d=0.5, h=3.0)",1.279525251653346,1126.877003155064,1.0
917,"CUSUMHybrid(d=0.5, h=3.0)",0.6454426335599799,1127.5224457886238,1.0
918,"CUSUMHybrid(d=0.5, h=3.0)",-0.13592924581032143,1127.3865165428135,1.0
919,"CUSUMHybrid(d=0.5, h=3.0)",0.6554030731658976,1128.0419196159794,1.0
920,"CUSUMHybrid(d=0.5, h=3.0)",2.4710819058532056,1130.5130015218326,1.0
921,"CUSUMHybrid(d=0.5, h=3.0)",-0.8854706484882267,1129.6275308733443,1.0
922,"CUSUMHybrid(d=0.5, h=3.0)",0.5748906617171817,1130.2024215350616,1.0
923,"CUSUMHybrid(d=0.5, h=3.0)",-0.4474645723490133,1129.7549569627126,1.0
924,"CUSUMHybrid(d=0.5, h=3.0)",3.1400278628734277,1132.894984825586,1.0
925,"CUSUMHybrid(d=0.5, h=3.0)",-1.7902348829013985,1131.1047499426847,1.0
926,"CUSUMHybrid(d=0.5, h=3.0)",-0.2723777843933686,1130.8323721582915,1.0
927,"CUSUMHybrid(d=0.5, h=3.0)",0.9107986455001007,1131.7431708037916,1.0
928,"CUSUMHybrid(d=0.5, h=3.0)",11.51291546492478,1143.2560862687164,1.0
929,"CUSUMHybrid(d=0.5, h=3.0)",0.32390207260453224,1143.579988341321,1.0
930,"CUSUMHybrid(d=0.5, h=3.0)",-0.2678290318121646,1143.3121593095088,1.0
931,"CUSUMHybrid(d=0.5, h=3.0)",11.51291546492478,1154.8250747744337,1.0
932,"CUSUMHybrid(d=0.5, h=3.0)",-1.617167841706195,1153.2079069327274,1.0
933,"CUSUMHybrid(d=0.5, h=3.0)",-11.512915464920228,1141.694991467807,1.0
934,"CUSUMHybrid(d=0.5, h=3.0)",1.0048156311495826,1142.6998070989566,1.0
935,"CUSUMHybrid(d=0.5, h=3.0)",-0.20316097569721983,1142.4966461232593,1.0
936,"CUSUMHybrid(d=0.5, h=3.0)",-0.8778179615392346,1141.61882816172,1.0
937,"CUSUMHybrid(d=0.5, h=3.0)",1.4663825861739581,1143.085210747894,1.0
938,"CUSUMHybrid(d=0.5, h=3.0)",0.7224223603448293,1143.8076331082389,1.0
939,"CUSUMHybrid(d=0.5, h=3.0)",-0.2786841211179557,1143.5289489871209,1.0
940,"CUSUMHybrid(d=0.5, h=3.0)",-1.289669950293071,1142.2392790368278,1.0
941,"CUSUMHybrid(d=0.5, h=3.0)",1.8297941170556153,1144.0690731538834,1.0
942,"CUSUMHybrid(d=0.5, h=3.0)",1.3557024989602022,1145.4247756528437,1.0
943,"CUSUMHybrid(d=0.5, h=3.0)",0.28285995812392317,1145.7076356109676,1.0
944,"CUSUMHybrid(d=0.5, h=3.0)",11.51291546492478,1157.2205510758924,1.0
945,"CUSUMHybrid(d=0.5, h=3.0)",-0.9495537758989776,1156.2709972999935,1.0
946,"CUSUMHybrid(d=0.5, h=3.0)",-1.7959691303740684,1154.4750281696195,1.0
947,"CUSUMHybrid(d=0.5, h=3.0)",-0.43711937138668533,1154.0379087982328,1.0
948,"CUSUMHybrid(d=0.5, h=3.0)",0.3487902834247959,1154.3866990816575,1.0
949,"CUSUMHybrid(d=0.5, h=3.0)",0.7217934960543161,1155.1084925777118,1.0
950,"CUSUMHybrid(d=0.5, h=3.0)",0.11062942424068721,1155.2191220019524,1.0
951,"CUSUMHybrid(d=0.5, h=3.0)",0.8741891223459618,1156.0933111242985,1.0
952,"CUSUMHybrid(d=0.5, h=3.0)",-1.239413030792558,1154.853898093506,1.0
953,"CUSUMHybrid(d=0.5, h=3.0)",11.51291546492478,1166.3668135584307,1.0
954,"CUSUMHybrid(d=0.5, h=3.0)",0.30373226890393107,1166.6705458273348,1.0
955,"CUSUMHybrid(d=0.5, h=3.0)",2.6692691725343263,1169.339814999869,1.0
956,"CUSUMHybrid(d=0.5, h=3.0)",0.8607513257126749,1170.2005663255818,1.0
957,"CUSUMHybrid(d=0.5, h=3.0)",1.0305678250149963,1171.2311341505967,1.0
958,"CUSUMHybrid(d=0.5, h=3.0)",1.2135709868762383,1172.444705137473,1.0
959,"CUSUMHybrid(d=0.5, h=3.0)",1.0166142297788408,1173.461319367252,1.0
960,"CUSUMHybrid(d=0.5, h=3.0)",1.3419889177120052,1174.803308284964,1.0
961,"CUSUMHybrid(d=0.5, h=3.0)",6.67996967372588,1181.48327795869,1.0
962,"CUSUMHybrid(d=0.5, h=3.0)",0.6586468246810986,1182.141924783371,1.0
963,"CUSUMHybrid(d=0.5, h=3.0)",1.4676578339635469,1183.6095826173346,1.0
964,"CUSUMHybrid(d=0.5, h=3.0)",0.2944257859904214,1183.904008403325,1.0
965,"CUSUMHybrid(d=0.5, h=3.0)",11.51291546492478,1195.4169238682498,1.0
966,"CUSUMHybrid(d=0.5, h=3.0)",-0.4176370999892521,1194.9992867682606,1.0
967,"CUSUMHybrid(d=0.5, h=3.0)",11.51291546492478,1206.5122022331855,1.0
968,"CUSUMHybrid(d=0.5, h=3.0)",0.355508002246686,1206.8677102354322,1.0
969,"CUSUMHybrid(d=0.5, h=3.0)",-1.5801978083222017,1205.28751242711,1.0
970,"CUSUMHybrid(d=0.5, h=3.0)",0.5685621147384459,1205.8560745418483,1.0
971,"CUSUMHybrid(d=0.5, h=3.0)",-0.42347922448333986,1205.432595317365,1.0
972,"CUSUMHybrid(d=0.5, h=3.0)",1.7519061719341638,1207.1845014892992,1.0
973,"CUSUMHybrid(d=0.5, h=3.0)",-0.38794205858617664,1206.7965594307132,1.0
974,"CUSUMHybrid(d=0.5, h=3.0)",-0.13562764239291178,1206.6609317883203,1.0
975,"CUSUMHybrid(d=0.5, h=3.0)",-3.3733819598199726,1203.2875498285005,1.0
976,"CUSUMHybrid(d=0.5, h=3.0)",-0.14301082489095773,1203.1445390036095,1.0
977,"CUSUMHybrid(d=0.5, h=3.0)",-11.512915464920228,1191.6316235386892,1.0
978,"CUSUMHybrid(d=0.5, h=3.0)",-1.94747309501882,1189.6841504436704,1.0
979,"CUSUMHybrid(d=0.5, h=3.0)",1.5723924031440561,1191.2565428468145,1.0
980,"CUSUMHybrid(d=0.5, h=3.0)",1.6268673683213861,1192.8834102151359,1.0
981,"CUSUMHybrid(d=0.5, h=3.0)",0.9826679170790692,1193.8660781322149,1.0
982,"CUSUMHybrid(d=0.5, h=3.0)",-0.8005533842520604,1193.0655247479629,1.0
983,"CUSUMHybrid(d=0.5, h=3.0)",0.3461621137560944,1193.4116868617189,1.0
984,"CUSUMHybrid(d=0.5, h=3.0)",0.40096395359008874,1193.8126508153089,1.0
985,"CUSUMHybrid(d=0.5, h=3.0)",-1.0853728959417224,1192.7272779193672,1.0
986,"CUSUMHybrid(d=0.5, h=3.0)",11.51291546492478,1204.240193384292,1.0
987,"CUSUMHybrid(d=0.5, h=3.0)",1.8421999773621178,1206.082393361654,1.0
988,"CUSUMHybrid(d=0.5, h=3.0)",0.1350478671837706,1206.217441228838,1.0
989,"CUSUMHybrid(d=0.5, h=3.0)",0.43918892856255365,1206.6566301574005,1.0
990,"CUSUMHybrid(d=0.5, h=3.0)",0.6745214292976246,1207.331151586698,1.0
991,"CUSUMHybrid(d=0.5, h=3.0)",-11.512915464920228,1195.8182361217778,1.0
992,"CUSUMHybrid(d=0.5, h=3.0)",0.1034793801530076,1195.9217155019307,1.0
993,"CUSUMHybrid(d=0.5, h=3.0)",-0.4246494041286276,1195.4970660978022,1.0
994,"CUSUMHybrid(d=0.5, h=3.0)",-0.8496132329642684,1194.647452864838,1.0
995,"CUSUMHybrid(d=0.5, h=3.0)",0.06270018163345342,1194.7101530464715,1.0
996,"CUSUMHybrid(d=0.5, h=3.0)",11.51291546492478,1206.2230685113964,1.0
997,"CUSUMHybrid(d=0.5, h=3.0)",1.3385589315995285,1207.5616274429958,1.0
998,"CUSUMHybrid(d=0.5, h=3.0)",-0.28737634160999653,1207.2742511013857,1.0
999,"CUSUMHybrid(d=0.5, h=3.0)",1.2183601321854685,1208.4926112335713,1.0
0,ShiryaevRobertsHybrid(h=20.0),1.093361822300096,1.093361822300096,0.7490142459033697
1,ShiryaevRobertsHybrid(h=20.0),0.2351605871885146,1.3285224094886106,0.7905961189568046
2,ShiryaevRobertsHybrid(h=20.0),1.3510825861560942,2.679604995644705,0.9358124007345711
3,ShiryaevRobertsHybrid(h=20.0),11.51291546492478,14.192520460569483,0.9999993140911889
4,ShiryaevRobertsHybrid(h=20.0),0.11915673597567286,14.311677196545157,0.9999993911401978
5,ShiryaevRobertsHybrid(h=20.0),0.11917650733055411,14.43085370387571,0.9999994595448837
6,ShiryaevRobertsHybrid(h=20.0),11.51291546492478,25.94376916880049,0.9999999999945954
7,ShiryaevRobertsHybrid(h=20.0),1.5872611619387442,27.531030330739235,0.9999999999988949
8,ShiryaevRobertsHybrid(h=20.0),-0.16373407863388326,27.36729625210535,0.9999999999986982
9,ShiryaevRobertsHybrid(h=20.0),1.167915429123424,28.535211681228777,0.9999999999995952
10,ShiryaevRobertsHybrid(h=20.0),-0.15641937935367184,28.378792301875105,0.9999999999995266
11,ShiryaevRobertsHybrid(h=20.0),-0.15921116361118412,28.219581138263923,0.9999999999994449
12,ShiryaevRobertsHybrid(h=20.0),0.7199167358457066,28.93949787410963,0.9999999999997298
13,ShiryaevRobertsHybrid(h=20.0),-3.6226860396377574,-3.6226860396377574,0.026015926602660604
14,ShiryaevRobertsHybrid(h=20.0),-2.4085286732413422,-6.0312147128791,0.002396815242641952
15,ShiryaevRobertsHybrid(h=20.0),-0.27649312832750483,-6.3077078412066045,0.0018188908472710377
16,ShiryaevRobertsHybrid(h=20.0),-0.8656959975445164,-7.1734038387511205,0.000766121140766668
17,ShiryaevRobertsHybrid(h=20.0),0.8201783604936758,-6.353225478257444,0.001738095880734789
18,ShiryaevRobertsHybrid(h=20.0),-0.7190928385282216,-7.072318316785666,0.0008475453401018759
19,ShiryaevRobertsHybrid(h=20.0),-1.5415580823392778,-8.613876399124944,0.0001815357504726024
20,ShiryaevRobertsHybrid(h=20.0),11.51291546492478,11.51291546492478,0.99999
21,ShiryaevRobertsHybrid(h=20.0),0.1292480641024535,11.642163529027233,0.9999912124298388
22,ShiryaevRobertsHybrid(h=20.0),0.4906454046978576,12.13280893372509,0.9999946199576591
23,ShiryaevRobertsHybrid(h=20.0),-1.5674827334515828,10.565326200273509,0.9999742055703666
24,ShiryaevRobertsHybrid(h=20.0),-0.25462612048669714,10.31070007978681,0.9999667259703078
25,ShiryaevRobertsHybrid(h=20.0),0.5463001698811727,10.857000249667983,0.9999807311261674
26,ShiryaevRobertsHybrid(h=20.0),-1.073690289822031,-1.073690289822031,0.2547019267733091
27,ShiryaevRobertsHybrid(h=20.0),0.9085795435433601,-0.16511074627867095,0.4588158329954174
28,ShiryaevRobertsHybrid(h=20.0),-0.3235600057407681,-0.48867075201943905,0.38020675446662405
29,ShiryaevRobertsHybrid(h=20.0),0.04997790051089773,-0.4386928515085413,0.39205248061065695
30,ShiryaevRobertsHybrid(h=20.0),-0.32487548567991636,-0.7635683371884576,0.3178720434316768
31,ShiryaevRobertsHybrid(h=20.0),11.51291546492478,11.51291546492478,0.99999
32,ShiryaevRobertsHybrid(h=20.0),0.3886215958947493,11.901537060819528,0.9999932200704084
33,ShiryaevRobertsHybrid(h=20.0),-0.931173382352523,10.970363678467006,0.9999827962105647
34,ShiryaevRobertsHybrid(h=20.0),1.7094387520797427,12.679802430546749,0.9999968866322628
35,ShiryaevRobertsHybrid(h=20.0),-1.1872735989060132,11.492528831640735,0.9999897940435011
36,ShiryaevRobertsHybrid(h=20.0),0.6751665920419747,12.16769542368271,0.9999948044112997
37,ShiryaevRobertsHybrid(h=20.0),-4.4024627950158335,-4.4024627950158335,0.012098962836067302
38,ShiryaevRobertsHybrid(h=20.0),-1.3766709913219892,-5.779133786337823,0.0030818648024641274
39,ShiryaevRobertsHybrid(h=20.0),0.6591008179508016,-5.120032968387021,0.0059403275155244205
40,ShiryaevRobertsHybrid(h=20.0),1.526815963889893,-3.593217004497128,0.026773167608499335
41,ShiryaevRobertsHybrid(h=20.0),0.625244930800677,0.625244930800677,0.6514104843569912
42,ShiryaevRobertsHybrid(h=20.0),0.2627228696655296,0.8879678004662066,0.7084706199626514
43,ShiryaevRobertsHybrid(h=20.0),0.038680387281930115,0.9266481877481367,0.7163947809579196
44,ShiryaevRobertsHybrid(h=20.0),-1.6849326959776998,-0.7582845082295631,0.31901883385998075
45,ShiryaevRobertsHybrid(h=20.0),-0.4724068307469765,-1.2306913389765395,0.22606044814640044
46,ShiryaevRobertsHybrid(h=20.0),-0.15306467002892413,-1.3837560090054637,0.20040644563071086
47,ShiryaevRobertsHybrid(h=20.0),2.4040638493045856,2.4040638493045856,0.9171366678656748
48,ShiryaevRobertsHybrid(h=20.0),0.8620342245734769,3.2660980738780623,0.9632472853341855
49,ShiryaevRobertsHybrid(h=20.0),-2.5700961684477854,0.6960019054302768,0.6673007478526782
50,ShiryaevRobertsHybrid(h=20.0),0.8341191192271639,1.5301210246574408,0.8220240208753351
51,ShiryaevRobertsHybrid(h=20.0),-0.062118703754302215,1.4680023209031385,0.8127535587427346
52,ShiryaevRobertsHybrid(h=20.0),-0.4183009055847059,1.0497014153184328,0.7407175586058782
53,ShiryaevRobertsHybrid(h=20.0),1.2861975320065213,2.335898947324954,0.911806855030692
54,ShiryaevRobertsHybrid(h=20.0),2.3051159786759357,4.6410149260008895,0.9904442917730836
55,ShiryaevRobertsHybrid(h=20.0),1.9866100537871694,6.627624979788059,0.9986784465882538
56,ShiryaevRobertsHybrid(h=20.0),-0.6268076604567732,6.0008173193312855,0.9975293919495575
57,ShiryaevRobertsHybrid(h=20.0),0.02894717013859273,6.029764489469878,0.9975997146673848
58,ShiryaevRobertsHybrid(h=20.0),0.8443426032190158,6.874107092688893,0.9989668478176608
59,ShiryaevRobertsHybrid(h=20.0),2.1182413286294848,8.992348421318379,0.9998756577571559
60,ShiryaevRobertsHybrid(h=20.0),-0.1754578330210907,8.816890588297289,0.9998518134767987
61,ShiryaevRobertsHybrid(h=20.0),0.17767516819017284,8.994565756487463,0.9998759331259723
62,ShiryaevRobertsHybrid(h=20.0),-1.0042863557543196,7.990279400733143,0.9996613752794472
63,ShiryaevRobertsHybrid(h=20.0),-1.1464504891485003,-1.1464504891485003,0.24113801277579866
64,ShiryaevRobertsHybrid(h=20.0),1.6864577150497344,0.5400072259012341,0.6318140986632909
65,ShiryaevRobertsHybrid(h=20.0),11.51291546492478,12.052922690826014,0.9999941725352695
66,ShiryaevRobertsHybrid(h=20.0),0.31619622158418176,12.369118912410196,0.9999957522586365
67,ShiryaevRobertsHybrid(h=20.0),2.2090567769715825,14.578175689381778,0.9999995335785237
68,ShiryaevRobertsHybrid(h=20.0),0.8880655440652678,15.466241233447047,0.9999998080904031
69,ShiryaevRobertsHybrid(h=20.0),-0.37860219999547645,15.08763903345157,0.9999997197655642
70,ShiryaevRobertsHybrid(h=20.0),0.8877163451181581,15.975355378569727,0.9999998846569949
71,ShiryaevRobertsHybrid(h=20.0),11.51291546492478,27.488270843494504,0.9999999999988465
72,ShiryaevRobertsHybrid(h=20.0),0.36087482604525073,27.849145669539755,0.999999999999196
73,ShiryaevRobertsHybrid(h=20.0),11.51291546492478,39.36206113446453,1.0
74,ShiryaevRobertsHybrid(h=20.0),-11.512915464920228,-11.512915464920228,1e-05
75,ShiryaevRobertsHybrid(h=20.0),1.7079542389081912,-9.804961226012036,5.5174128471346074e-05
76,ShiryaevRobertsHybrid(h=20.0),0.5155820396568971,-9.28937918635514,9.23918688643479e-05
77,ShiryaevRobertsHybrid(h=20.0),0.04119700505873351,-9.248182181296405,9.627725431299127e-05
78,ShiryaevRobertsHybrid(h=20.0),0.5216274209955609,0.5216274209955609,0.6275282329606506
79,ShiryaevRobertsHybrid(h=20.0),-5.587791563779945,-5.587791563779945,0.0037293256197321
80,ShiryaevRobertsHybrid(h=20.0),0.13660577384122854,-5.451185789938716,0.004272877367454415
81,ShiryaevRobertsHybrid(h=20.0),0.8815039110743812,-4.569681878864335,0.010255000647600576
82,ShiryaevRobertsHybrid(h=20.0),11.51291546492478,11.51291546492478,0.99999
83,ShiryaevRobertsHybrid(h=20.0),-0.22284187157063606,11.290073593354142,0.9999875038016216
84,ShiryaevRobertsHybrid(h=20.0),-0.5864407868543062,10.703632806499837,0.9999775373194811
85,ShiryaevRobertsHybrid(h=20.0),-0.2028006728827269,10.50083213361711,0.9999724872120986
86,ShiryaevRobertsHybrid(h=20.0),1.9424461739465209,12.44327830756363,0.9999960558703604
87,ShiryaevRobertsHybrid(h=20.0),0.840760362190399,13.284038669754029,0.9999982985681065
88,ShiryaevRobertsHybrid(h=20.0),-0.23681278396640532,13.047225885787624,0.9999978439399263
89,ShiryaevRobertsHybrid(h=20.0),1.1199542485924217,14.167180134380045,0.9999992964879543
90,ShiryaevRobertsHybrid(h=20.0),0.5284574497298388,14.695637584109884,0.9999995852699451
91,ShiryaevRobertsHybrid(h=20.0),2.096817762048256,16.79245534615814,0.9999999490517485
92,ShiryaevRobertsHybrid(h=20.0),-0.4499019783174888,16.34255336784065,0.9999999201050705
93,ShiryaevRobertsHybrid(h=20.0),0.0068054503482797585,16.349358818188932,0.9999999206469455
94,ShiryaevRobertsHybrid(h=20.0),-0.07055904283643726,16.278799775352496,0.9999999148456088
95,ShiryaevRobertsHybrid(h=20.0),-1.6512097490546316,-1.6512097490546316,0.1609455155603644
96,ShiryaevRobertsHybrid(h=20.0),0.7946834999678606,-0.856526249086771,0.29806562233900336
97,ShiryaevRobertsHybrid(h=20.0),0.7460462244786675,-0.11048002460810347,0.4724080533712216
98,ShiryaevRobertsHybrid(h=20.0),0.4118610388652322,0.3013810142571287,0.5747800824678925
99,ShiryaevRobertsHybrid(h=20.0),0.11863438391882838,0.4200153981759571,0.6034869345071192
100,ShiryaevRobertsHybrid(h=20.0),-1.5479069350400911,-1.5479069350400911,0.17538877738487568
101,ShiryaevRobertsHybrid(h=20.0),-0.10487039369731217,-1.6527773287374032,0.16073393887140908
102,ShiryaevRobertsHybrid(h=20.0),-0.011257538721650206,-1.6640348674590535,0.15922110727246572
103,ShiryaevRobertsHybrid(h=20.0),-0.5783305728218663,-2.2423654402809197,0.09601004386417396
104,ShiryaevRobertsHybrid(h=20.0),0.20719521606443853,-2.0351702242164813,0.11555944569258383
105,ShiryaevRobertsHybrid(h=20.0),0.9504976927728337,-1.0846725314436476,0.25262280231538564
106,ShiryaevRobertsHybrid(h=20.0),11.51291546492478,11.51291546492478,0.99999
107,ShiryaevRobertsHybrid(h=20.0),0.6294879345828027,12.142403399507582,0.999994671329181
108,ShiryaevRobertsHybrid(h=20.0),0.7412316123399902,12.883635011847574,0.9999974607392209
109,ShiryaevRobertsHybrid(h=20.0),0.31320030015450145,13.196835312002076,0.9999981435363966
110,ShiryaevRobertsHybrid(h=20.0),-3.6897879434353613,-3.6897879434353613,0.0243686354102875
111,ShiryaevRobertsHybrid(h=20.0),0.37242923825902574,-3.3173587051763356,0.03498046083671968
112,ShiryaevRobertsHybrid(h=20.0),0.481360404498292,-2.8359983006780434,0.05540961202553346
113,ShiryaevRobertsHybrid(h=20.0),11.51291546492478,11.51291546492478,0.99999
114,ShiryaevRobertsHybrid(h=20.0),0.169572009471269,11.682487474396048,0.9999915597270912
115,ShiryaevRobertsHybrid(h=20.0),0.8022903817792333,12.484777856175281,0.9999962161995373
116,ShiryaevRobertsHybrid(h=20.0),0.3622561279340075,12.847033984109288,0.9999973660781323
117,ShiryaevRobertsHybrid(h=20.0),-1.101833076254119,11.74520090785517,0.9999920727854211
118,ShiryaevRobertsHybrid(h=20.0),2.803169250634786,14.548370158489956,0.9999995194673394
119,ShiryaevRobertsHybrid(h=20.0),1.5546193594717985,16.102989517961753,0.9999998984779296
120,ShiryaevRobertsHybrid(h=20.0),1.6383447697612363,17.74133428772299,0.9999999802741191
121,ShiryaevRobertsHybrid(h=20.0),-0.7209502598743726,17.020384027848618,0.9999999594359678
122,ShiryaevRobertsHybrid(h=20.0),11.51291546492478,28.533299492773395,0.9999999999995943
123,ShiryaevRobertsHybrid(h=20.0),-1.5201143516538718,27.01318514111952,0.999999999998145
124,ShiryaevRobertsHybrid(h=20.0),1.2428351532226163,28.256020294342136,0.9999999999994647
125,ShiryaevRobertsHybrid(h=20.0),11.51291546492478,39.76893575926692,1.0
126,ShiryaevRobertsHybrid(h=20.0),-0.8338145775846707,38.93512118168225,1.0
127,ShiryaevRobertsHybrid(h=20.0),-0.28139959105368023,38.65372159062857,1.0
128,ShiryaevRobertsHybrid(h=20.0),0.5317681463297265,39.185489736958296,1.0
129,ShiryaevRobertsHybrid(h=20.0),-0.2048845033967007,38.9806052335616,1.0
130,ShiryaevRobertsHybrid(h=20.0),-1.8591601728204052,-1.8591601728204052,0.1348009706801601
131,ShiryaevRobertsHybrid(h=20.0),0.4919635801898324,-1.367196592630573,0.2030731566846321
132,ShiryaevRobertsHybrid(h=20.0),-0.9379783569425223,-2.3051749495730953,0.09069527982481179
133,ShiryaevRobertsHybrid(h=20.0),1.0567957304057976,-1.2483792191672978,0.22298082983908377
134,ShiryaevRobertsHybrid(h=20.0),-0.7346610358545583,-1.983040255021856,0.12099511789484024
135,ShiryaevRobertsHybrid(h=20.0),11.51291546492478,11.51291546492478,0.99999
136,ShiryaevRobertsHybrid(h=20.0),-0.5536240449938881,10.95929141993089,0.9999826046706407
137,ShiryaevRobertsHybrid(h=20.0),0.013526386785265073,10.972817806716156,0.9999828383783819
138,ShiryaevRobertsHybrid(h=20.0),1.6887155325209424,12.6615333392371,0.9999968292313085
139,ShiryaevRobertsHybrid(h=20.0),-1.2041335060522622,11.457399833184837,0.9999894291506243
140,ShiryaevRobertsHybrid(h=20.0),0.700226464638256,12.157626297823093,0.9999947518322695
141,ShiryaevRobertsHybrid(h=20.0),4.838440111462973,16.996066409286065,0.9999999584374557
142,ShiryaevRobertsHybrid(h=20.0),-2.0138633151468635,14.982203094139201,0.9999996886049288
143,ShiryaevRobertsHybrid(h=20.0),0.6428178330827777,15.625020927221978,0.9999998362657402
144,ShiryaevRobertsHybrid(h=20.0),0.7444346881555982,16.369455615377575,0.9999999222257698
145,ShiryaevRobertsHybrid(h=20.0),1.6182008932834968,17.987656508661072,0.9999999845808643
146,ShiryaevRobertsHybrid(h=20.0),-1.2144490665121863,16.773207442148884,0.9999999480616031
147,ShiryaevRobertsHybrid(h=20.0),-1.362322982932805,-1.362322982932805,0.20386301607471702
148,ShiryaevRobertsHybrid(h=20.0),1.1340333414542063,-0.22828964147859865,0.4431741708644538
149,ShiryaevRobertsHybrid(h=20.0),0.795893619452655,0.5676039779740564,0.6382101219563298
150,ShiryaevRobertsHybrid(h=20.0),0.7315615714510475,1.299165549425104,0.7856945128811293
151,ShiryaevRobertsHybrid(h=20.0),0.8661044201705141,2.1652699695956183,0.8970871009431243
152,ShiryaevRobertsHybrid(h=20.0),-0.4221909941785967,1.7430789754170217,0.8510777304291898
153,ShiryaevRobertsHybrid(h=20.0),0.7067205157725885,2.4497994911896104,0.9205467867579681
154,ShiryaevRobertsHybrid(h=20.0),0.7904211010414606,3.240220592231071,0.9623201090072515
155,ShiryaevRobertsHybrid(h=20.0),-0.4654464412629664,2.7747741509681045,0.9412973465903075
156,ShiryaevRobertsHybrid(h=20.0),11.51291546492478,14.287689615892884,0.9999993763585541
157,ShiryaevRobertsHybrid(h=20.0),1.0571727120214405,15.344862327914324,0.9999997833239692
158,ShiryaevRobertsHybrid(h=20.0),-1.13842880625653,14.206433521657795,0.9999993235681935
159,ShiryaevRobertsHybrid(h=20.0),1.367439075614003,15.573872597271798,0.9999998276731322
160,ShiryaevRobertsHybrid(h=20.0),-0.8113847192941882,14.762487877977609,0.9999996120883642
161,ShiryaevRobertsHybrid(h=20.0),1.629676962869344,16.392164840846952,0.9999999239720587
162,ShiryaevRobertsHybrid(h=20.0),2.8945964674961537,19.286761308343106,0.9999999957940318
163,ShiryaevRobertsHybrid(h=20.0),-0.6023978096990971,18.684363498644007,0.9999999923178279
164,ShiryaevRobertsHybrid(h=20.0),2.0806971472259814,20.765060645869987,0.9999999990409334
165,ShiryaevRobertsHybrid(h=20.0),0.9635613412465699,21.728621987116558,0.9999999996340858
166,ShiryaevRobertsHybrid(h=20.0),1.7083184172436836,23.436940404360243,0.9999999999337073
167,ShiryaevRobertsHybrid(h=20.0),11.51291546492478,34.949855869285024,0.9999999999999993
168,ShiryaevRobertsHybrid(h=20.0),0.10563237356983537,35.05548824285486,0.9999999999999993
169,ShiryaevRobertsHybrid(h=20.0),-0.5156107837719653,34.53987745908289,0.9999999999999991
170,ShiryaevRobertsHybrid(h=20.0),-0.6939917794790841,33.8458856796038,0.999999999999998
171,ShiryaevRobertsHybrid(h=20.0),-0.5960106898012215,33.249874989802585,0.9999999999999964
172,ShiryaevRobertsHybrid(h=20.0),0.30993537644015473,33.559810366242736,0.9999999999999973
173,ShiryaevRobertsHybrid(h=20.0),0.8584924724830516,34.418302838725786,0.9999999999999989
174,ShiryaevRobertsHybrid(h=20.0),0.7676265243793439,35.18592936310513,0.9999999999999996
175,ShiryaevRobertsHybrid(h=20.0),1.7202029420263656,36.9061323051315,1.0
176,ShiryaevRobertsHybrid(h=20.0),0.4217442893956279,37.327876594527126,1.0
177,ShiryaevRobertsHybrid(h=20.0),11.51291546492478,48.84079205945191,1.0
178,ShiryaevRobertsHybrid(h=20.0),0.08245849074155558,48.923250550193465,1.0
179,ShiryaevRobertsHybrid(h=20.0),11.51291546492478,60.436166015118246,1.0
180,ShiryaevRobertsHybrid(h=20.0),1.3111181598570907,61.747284174975334,1.0
181,ShiryaevRobertsHybrid(h=20.0),-0.6506071386034638,61.09667703637187,1.0
182,ShiryaevRobertsHybrid(h=20.0),-0.9507587810613929,60.14591825531048,1.0
183,ShiryaevRobertsHybrid(h=20.0),1.0707616024579991,61.216679857768476,1.0
184,ShiryaevRobertsHybrid(h=20.0),0.13203614527698834,61.34871600304547,1.0
185,ShiryaevRobertsHybrid(h=20.0),1.4775361895230914,62.82625219256856,1.0
186,ShiryaevRobertsHybrid(h=20.0),1.0562396781695995,63.88249187073816,1.0
187,ShiryaevRobertsHybrid(h=20.0),0.3151889876175488,64.19768085835571,1.0
188,ShiryaevRobertsHybrid(h=20.0),-0.6368370214037428,63.56084383695197,1.0
189,ShiryaevRobertsHybrid(h=20.0),-1.769971826720288,-1.769971826720288,0.14554583259424056
190,ShiryaevRobertsHybrid(h=20.0),-0.1360273027071861,-1.905999129427474,0.12943099671218392
191,ShiryaevRobertsHybrid(h=20.0),1.789937700887714,-0.11606142853976009,0.47101716940711136
192,ShiryaevRobertsHybrid(h=20.0),0.6821936583997019,0.6821936583997019,0.6642281232390612
193,ShiryaevRobertsHybrid(h=20.0),-1.229446211392774,-0.5472525529930721,0.3665020722913748
194,ShiryaevRobertsHybrid(h=20.0),0.6276405764210091,0.08038802342793705,0.5200861902161852
195,ShiryaevRobertsHybrid(h=20.0),0.9227161369204,1.003104160348337,0.7316684556774926
196,ShiryaevRobertsHybrid(h=20.0),-0.686362374296845,0.31674178605149206,0.5785299958645717
197,ShiryaevRobertsHybrid(h=20.0),0.6020165776618156,0.9187583637133077,0.7147890462138509
198,ShiryaevRobertsHybrid(h=20.0),0.47879213936658405,1.3975505030798918,0.8017949026586113
199,ShiryaevRobertsHybrid(h=20.0),-1.0610496796923663,0.3365008233875255,0.5833402814891484
200,ShiryaevRobertsHybrid(h=20.0),0.8824816124974656,1.2189824358849912,0.7718844274706774
201,ShiryaevRobertsHybrid(h=20.0),1.1983737588248302,2.4173561947098214,0.9181412612584873
202,ShiryaevRobertsHybrid(h=20.0),2.5110864065790217,4.928442601288843,0.9928142422407492
203,ShiryaevRobertsHybrid(h=20.0),2.3910284625996745,7.319471063888518,0.999337926086912
204,ShiryaevRobertsHybrid(h=20.0),-1.4716023316369358,5.847868732251582,0.997122261738301
205,ShiryaevRobertsHybrid(h=20.0),-0.7599713428282344,5.087897389423348,0.9938668660291469
206,ShiryaevRobertsHybrid(h=20.0),1.1228154509359956,6.210712840359343,0.9979962174970675
207,ShiryaevRobertsHybrid(h=20.0),1.1207930274819506,7.331505867841294,0.9993458410811326
208,ShiryaevRobertsHybrid(h=20.0),1.1228355657211027,8.454341433562396,0.9997870715543652
209,ShiryaevRobertsHybrid(h=20.0),11.51291546492478,19.967256898487175,0.9999999978702407
210,ShiryaevRobertsHybrid(h=20.0),1.215480101117974,21.18273699960515,0.9999999993683824
211,ShiryaevRobertsHybrid(h=20.0),2.763471789309054,23.946208788914205,0.9999999999601623
212,ShiryaevRobertsHybrid(h=20.0),2.0525053829962197,25.998714171910425,0.9999999999948843
213,ShiryaevRobertsHybrid(h=20.0),1.3578950511845307,27.356609223094956,0.9999999999986842
214,ShiryaevRobertsHybrid(h=20.0),0.021677755301760023,27.378286978396716,0.9999999999987124
215,ShiryaevRobertsHybrid(h=20.0),1.5693488799817412,28.947635858378458,0.999999999999732
216,ShiryaevRobertsHybrid(h=20.0),-0.5401510897439648,28.407484768634493,0.9999999999995399
217,ShiryaevRobertsHybrid(h=20.0),0.11594739530196962,28.523432163936462,0.9999999999995903
218,ShiryaevRobertsHybrid(h=20.0),-0.18294480067621835,28.340487363260245,0.9999999999995082
219,ShiryaevRobertsHybrid(h=20.0),0.5089582909392062,28.84944565419945,0.9999999999997042
220,ShiryaevRobertsHybrid(h=20.0),11.51291546492478,40.36236111912423,1.0
221,ShiryaevRobertsHybrid(h=20.0),-3.1827399022126013,-3.1827399022126013,0.0398204422224756
222,ShiryaevRobertsHybrid(h=20.0),1.423445903974526,-1.7592939982380753,0.1468787835860823
223,ShiryaevRobertsHybrid(h=20.0),-2.029061692407611,-3.788355690645686,0.022131880447188827
224,ShiryaevRobertsHybrid(h=20.0),-0.16670322551207345,-3.9550589161577596,0.018797427364362938
225,ShiryaevRobertsHybrid(h=20.0),2.5368511115763575,2.5368511115763575,0.9266851790902098
226,ShiryaevRobertsHybrid(h=20.0),0.4865103059380912,3.0233614175144488,0.9536184289685752
227,ShiryaevRobertsHybrid(h=20.0),-0.961007276749074,2.0623541407653745,0.8871899963794907
228,ShiryaevRobertsHybrid(h=20.0),-0.4666523739695906,1.5957017667957838,0.8314167901572388
229,ShiryaevRobertsHybrid(h=20.0),1.4107190040556419,3.0064207708514257,0.9528633543497784
230,ShiryaevRobertsHybrid(h=20.0),-0.48577229888145174,2.5206484719699738,0.9255767367927125
231,ShiryaevRobertsHybrid(h=20.0),0.6853763147341951,3.2060247867041687,0.961060372164156
232,ShiryaevRobertsHybrid(h=20.0),0.4627719440946494,3.6687967307988183,0.975127288374531
233,ShiryaevRobertsHybrid(h=20.0),-0.3866670568883881,3.28212967391043,0.9638106394107571
234,ShiryaevRobertsHybrid(h=20.0),11.51291546492478,14.79504513883521,0.9999996245143246
235,ShiryaevRobertsHybrid(h=20.0),1.325984852329001,16.12102999116421,0.999999900293014
236,ShiryaevRobertsHybrid(h=20.0),-11.512915464920228,-11.512915464920228,1e-05
237,ShiryaevRobertsHybrid(h=20.0),0.6452368412444794,-10.867678623675749,1.9064212185372414e-05
238,ShiryaevRobertsHybrid(h=20.0),-0.39936855589155135,-11.2670471795673,1.2787275706170667e-05
239,ShiryaevRobertsHybrid(h=20.0),1.7802683654226275,-9.486778814144673,7.584227832230009e-05
240,ShiryaevRobertsHybrid(h=20.0),-0.565638706043284,-10.052417520187957,4.307961680266481e-05
241,ShiryaevRobertsHybrid(h=20.0),0.26383615015737827,-9.78858137003058,5.6085263824451905e-05
242,ShiryaevRobertsHybrid(h=20.0),1.1066079281424028,1.1066079281424028,0.7514961836941372
243,ShiryaevRobertsHybrid(h=20.0),1.813020710135784,2.919628638278187,0.948808264626146
244,ShiryaevRobertsHybrid(h=20.0),-1.1531670833543401,1.766461554923847,0.8540170787406653
245,ShiryaevRobertsHybrid(h=20.0),-0.0014014832385321812,1.7650600716853146,0.8538422664470119
246,ShiryaevRobertsHybrid(h=20.0),-0.1703450966749611,1.5947149750103535,0.8312784333109345
247,ShiryaevRobertsHybrid(h=20.0),-0.388820679847426,1.2058942951629275,0.7695716858093801
248,ShiryaevRobertsHybrid(h=20.0),11.51291546492478,12.718809760087707,0.9999970057379607
249,ShiryaevRobertsHybrid(h=20.0),0.9518870134819686,13.670696773569675,0.9999988441770181
250,ShiryaevRobertsHybrid(h=20.0),-1.255585187563429,12.415111586006246,0.999995943198257
251,ShiryaevRobertsHybrid(h=20.0),1.9491926709844065,14.364304256990652,0.9999994223541281
252,ShiryaevRobertsHybrid(h=20.0),11.51291546492478,25.87721972191543,0.9999999999942235
253,ShiryaevRobertsHybrid(h=20.0),2.3104593127756226,28.187679034691055,0.9999999999994269
254,ShiryaevRobertsHybrid(h=20.0),-1.780924535598948,26.406754499092106,0.9999999999965983
255,ShiryaevRobertsHybrid(h=20.0),-0.18157814338312864,26.225176355708978,0.999999999995921
256,ShiryaevRobertsHybrid(h=20.0),3.8955691154988847,30.12074547120786,0.9999999999999172
257,ShiryaevRobertsHybrid(h=20.0),-0.4569940509843736,29.663751420223488,0.999999999999869
258,ShiryaevRobertsHybrid(h=20.0),1.010642294252935,30.674393714476423,0.9999999999999523
259,ShiryaevRobertsHybrid(h=20.0),1.6026627772599829,32.2770564917364,0.9999999999999905
260,ShiryaevRobertsHybrid(h=20.0),-0.7449582746031959,31.532098217133207,0.9999999999999798
261,ShiryaevRobertsHybrid(h=20.0),0.33157435868543433,31.86367257581864,0.9999999999999856
262,ShiryaevRobertsHybrid(h=20.0),-11.512915464920228,-11.512915464920228,1e-05
263,ShiryaevRobertsHybrid(h=20.0),-0.8823854087211996,-12.395300873641428,4.137970897631245e-06
264,ShiryaevRobertsHybrid(h=20.0),0.09699418927237849,-12.29830668436905,4.5594377438972435e-06
265,ShiryaevRobertsHybrid(h=20.0),-1.2329527379221623,-13.531259422291212,1.3287648239277328e-06
266,ShiryaevRobertsHybrid(h=20.0),11.51291546492478,11.51291546492478,0.99999
267,ShiryaevRobertsHybrid(h=20.0),-1.5788558217074764,9.934059643217303,0.999951507826131
268,ShiryaevRobertsHybrid(h=20.0),-0.12822879711267035,9.805830846104632,0.9999448738285592
269,ShiryaevRobertsHybrid(h=20.0),0.5719897521293033,10.377820598233935,0.9999688859699268
270,ShiryaevRobertsHybrid(h=20.0),11.51291546492478,21.890736063158712,0.9999999996888469
271,ShiryaevRobertsHybrid(h=20.0),-1.5910134837552854,20.299722579403426,0.9999999984726362
272,ShiryaevRobertsHybrid(h=20.0),2.9225325169330594,23.222255096336486,0.999999999917832
273,ShiryaevRobertsHybrid(h=20.0),0.418272992224082,23.64052808856057,0.9999999999459184
274,ShiryaevRobertsHybrid(h=20.0),-0.8210189651838155,22.819509123376754,0.9999999998770828
275,ShiryaevRobertsHybrid(h=20.0),1.0388654898725007,23.858374613249254,0.999999999956505
276,ShiryaevRobertsHybrid(h=20.0),0.6620373785592917,24.520411991808544,0.9999999999775653
277,ShiryaevRobertsHybrid(h=20.0),-0.3230404880687681,24.197371503739777,0.9999999999690106
278,ShiryaevRobertsHybrid(h=20.0),0.4935426124763631,24.690914116216142,0.999999999981082
279,ShiryaevRobertsHybrid(h=20.0),-0.06239655255178449,24.628517563664357,0.9999999999798641
280,ShiryaevRobertsHybrid(h=20.0),0.5496535299475893,25.178171093611947,0.9999999999883786
281,ShiryaevRobertsHybrid(h=20.0),1.3778109701742556,26.555982063786203,0.9999999999970699
282,ShiryaevRobertsHybrid(h=20.0),11.51291546492478,38.068897528710984,1.0
283,ShiryaevRobertsHybrid(h=20.0),-1.2159194405096099,36.852978088201375,1.0
284,ShiryaevRobertsHybrid(h=20.0),11.51291546492478,48.365893553126156,1.0
285,ShiryaevRobertsHybrid(h=20.0),-4.227879942201274,-4.227879942201274,0.014373660143249395
286,ShiryaevRobertsHybrid(h=20.0),0.21872573820522975,-4.009154203996045,0.017825233372004635
287,ShiryaevRobertsHybrid(h=20.0),1.2453573513812197,-2.763796852614825,0.05931216868892463
288,ShiryaevRobertsHybrid(h=20.0),0.7735927293575486,-1.9902041232572765,0.12023526889111964
289,ShiryaevRobertsHybrid(h=20.0),-0.35079295798323984,-2.3409970812405163,0.08778403773338042
290,ShiryaevRobertsHybrid(h=20.0),0.1505369379253136,-2.1904601433152027,0.10061044846953167
291,ShiryaevRobertsHybrid(h=20.0),-0.19219052622337165,-2.3826506695385743,0.08450527300635953
292,ShiryaevRobertsHybrid(h=20.0),-0.309689325022122,-2.6923399945606965,0.06342687143815362
293,ShiryaevRobertsHybrid(h=20.0),1.7734051928284345,1.7734051928284345,0.8548806291063074
294,ShiryaevRobertsHybrid(h=20.0),0.881363276432602,2.6547684692610365,0.9343042849886314
295,ShiryaevRobertsHybrid(h=20.0),-0.4383797022583913,2.216388767002645,0.9017116040836594
296,ShiryaevRobertsHybrid(h=20.0),1.8998978393390742,4.11628660634172,0.983956637349717
297,ShiryaevRobertsHybrid(h=20.0),0.8103771002771262,4.926663706618846,0.9928015402559704
298,ShiryaevRobertsHybrid(h=20.0),1.6872232086289953,6.613886915247841,0.9986601902107083
299,ShiryaevRobertsHybrid(h=20.0),1.3182394789535719,7.932126394201413,0.9996411066726555
300,ShiryaevRobertsHybrid(h=20.0),-0.6133232331600674,7.3188031610413455,0.9993374840312168
301,ShiryaevRobertsHybrid(h=20.0),-0.27391717599082516,7.04488598505052,0.9991289032094113
302,ShiryaevRobertsHybrid(h=20.0),1.5449839796224867,8.589869964673007,0.9998140543121412
303,ShiryaevRobertsHybrid(h=20.0),1.2838892152945973,9.873759179967603,0.9999484939194007
304,ShiryaevRobertsHybrid(h=20.0),0.37940472494822425,10.253163904915828,0.9999647554323606
305,ShiryaevRobertsHybrid(h=20.0),0.5545829484783426,10.807746853394171,0.999979758327737
306,ShiryaevRobertsHybrid(h=20.0),4.075473190399025,14.883220043793196,0.9999996562050345
307,ShiryaevRobertsHybrid(h=20.0),-0.312401848787464,14.570818195005732,0.9999995301341765
308,ShiryaevRobertsHybrid(h=20.0),1.1754527669513906,15.746270961957123,0.9999998549621517
309,ShiryaevRobertsHybrid(h=20.0),0.15769479804353045,15.903965760000654,0.9999998761216602
310,ShiryaevRobertsHybrid(h=20.0),0.13900595481949957,16.042971714820155,0.9999998921982368
311,ShiryaevRobertsHybrid(h=20.0),2.581066331233826,18.624038046053982,0.9999999918401338
312,ShiryaevRobertsHybrid(h=20.0),1.7160929953124804,20.34013104136646,0.9999999985331243
313,ShiryaevRobertsHybrid(h=20.0),1.688698253287052,22.028829294653512,0.9999999997289801
314,ShiryaevRobertsHybrid(h=20.0),4.7763411423034725,26.805170436956985,0.9999999999977163
315,ShiryaevRobertsHybrid(h=20.0),0.43179054331786537,27.23696098027485,0.999999999998517
316,ShiryaevRobertsHybrid(h=20.0),1.4152067836776807,28.652167763952534,0.9999999999996398
317,ShiryaevRobertsHybrid(h=20.0),0.027681659597723292,28.679849423550255,0.9999999999996496
318,ShiryaevRobertsHybrid(h=20.0),0.8342361975711479,29.514085621121403,0.9999999999998479
319,ShiryaevRobertsHybrid(h=20.0),0.2450472353885502,29.759132856509954,0.999999999999881
320,ShiryaevRobertsHybrid(h=20.0),0.5283525542142211,30.287485410724173,0.9999999999999298
321,ShiryaevRobertsHybrid(h=20.0),1.2572196088778018,31.544705019601974,0.99999999999998
322,ShiryaevRobertsHybrid(h=20.0),-0.5991691811402978,30.945535838461677,0.9999999999999636
323,ShiryaevRobertsHybrid(h=20.0),11.51291546492478,42.458451303386454,1.0
324,ShiryaevRobertsHybrid(h=20.0),-0.8559089774701396,41.60254232591632,1.0
325,ShiryaevRobertsHybrid(h=20.0),-1.1761595815734964,40.426382744342824,1.0
326,ShiryaevRobertsHybrid(h=20.0),2.8916729372893717,43.318055681632195,1.0
327,ShiryaevRobertsHybrid(h=20.0),1.6397345046749872,44.957790186307186,1.0
328,ShiryaevRobertsHybrid(h=20.0),1.3083441784993013,46.26613436480649,1.0
329,ShiryaevRobertsHybrid(h=20.0),1.3159293114464692,47.58206367625296,1.0
330,ShiryaevRobertsHybrid(h=20.0),0.3901797435402924,47.97224341979325,1.0
331,ShiryaevRobertsHybrid(h=20.0),-0.7044619996847195,47.267781420108534,1.0
332,ShiryaevRobertsHybrid(h=20.0),0.5012003118751608,47.76898173198369,1.0
333,ShiryaevRobertsHybrid(h=20.0),-0.41860133597595833,47.350380396007736,1.0
334,ShiryaevRobertsHybrid(h=20.0),2.116910107410782,49.46729050341852,1.0
335,ShiryaevRobertsHybrid(h=20.0),0.22446893056647893,49.691759433985,1.0
336,ShiryaevRobertsHybrid(h=20.0),-0.6087217419985252,49.083037691986476,1.0
337,ShiryaevRobertsHybrid(h=20.0),0.014337235603814233,49.09737492759029,1.0
338,ShiryaevRobertsHybrid(h=20.0),0.9637872586479657,50.061162186238256,1.0
339,ShiryaevRobertsHybrid(h=20.0),-0.2782509372283818,49.78291124900988,1.0
340,ShiryaevRobertsHybrid(h=20.0),-0.6044166666003081,49.17849458240957,1.0
341,ShiryaevRobertsHybrid(h=20.0),0.7222676044598315,49.9007621868694,1.0
342,ShiryaevRobertsHybrid(h=20.0),0.7240124414465976,50.624774628316,1.0
343,ShiryaevRobertsHybrid(h=20.0),-0.20909025826504532,50.415684370050954,1.0
344,ShiryaevRobertsHybrid(h=20.0),-0.16562353480477168,50.25006083524618,1.0
345,ShiryaevRobertsHybrid(h=20.0),0.7064441943113665,50.95650502955755,1.0
346,ShiryaevRobertsHybrid(h=20.0),-1.6173207896413844,-1.6173207896413844,0.1655746975508027
347,ShiryaevRobertsHybrid(h=20.0),-1.5315920608640465,-3.1489128505054307,0.0411341362961086
348,ShiryaevRobertsHybrid(h=20.0),-0.4706317252203015,-3.6195445757257323,0.026095647103683065
349,ShiryaevRobertsHybrid(h=20.0),0.14411231573771371,-3.4754322599880187,0.03001939918408891
350,ShiryaevRobertsHybrid(h=20.0),0.8154623254071038,-2.659969934580915,0.06537717048875148
351,ShiryaevRobertsHybrid(h=20.0),11.51291546492478,11.51291546492478,0.99999
352,ShiryaevRobertsHybrid(h=20.0),1.7930261189836796,13.305941583908458,0.9999983354292049
353,ShiryaevRobertsHybrid(h=20.0),0.2088293847507977,13.514770968659256,0.9999986491443067
354,ShiryaevRobertsHybrid(h=20.0),0.3817501053824967,13.896521074041752,0.9999990778168568
355,ShiryaevRobertsHybrid(h=20.0),-0.8509138555699464,13.045607218471806,0.999997840447164
356,ShiryaevRobertsHybrid(h=20.0),0.3823760913274781,13.427983309799284,0.9999985266690721
357,ShiryaevRobertsHybrid(h=20.0),0.05362247830868851,13.481605788107974,0.9999986035917932
358,ShiryaevRobertsHybrid(h=20.0),0.8321794611007381,14.313785249208712,0.9999993924223535
359,ShiryaevRobertsHybrid(h=20.0),-0.6110017594143784,13.702783489794333,0.9999988806748615
360,ShiryaevRobertsHybrid(h=20.0),1.12981065402076,14.832594143815093,0.9999996383520113
361,ShiryaevRobertsHybrid(h=20.0),11.51291546492478,26.345509608739874,0.9999999999963836
362,ShiryaevRobertsHybrid(h=20.0),0.27113675546841715,26.616646364208293,0.9999999999972424
363,ShiryaevRobertsHybrid(h=20.0),0.9470102439414367,27.56365660814973,0.9999999999989304
364,ShiryaevRobertsHybrid(h=20.0),1.4309108528139438,28.994567460963676,0.9999999999997442
365,ShiryaevRobertsHybrid(h=20.0),-0.08150966429888504,28.91305779666479,0.9999999999997224
366,ShiryaevRobertsHybrid(h=20.0),0.695673095272585,29.608730891937377,0.9999999999998617
367,ShiryaevRobertsHybrid(h=20.0),0.4212307510281728,30.02996164296555,0.9999999999999092
368,ShiryaevRobertsHybrid(h=20.0),0.5292271097948046,30.559188752760353,0.9999999999999465
369,ShiryaevRobertsHybrid(h=20.0),-0.5403891321879268,30.018799620572427,0.9999999999999081
370,ShiryaevRobertsHybrid(h=20.0),0.4361994004421399,30.454999021014565,0.9999999999999407
371,ShiryaevRobertsHybrid(h=20.0),1.0954121142543882,31.550411135268952,0.9999999999999802
372,ShiryaevRobertsHybrid(h=20.0),11.51291546492478,43.06332660019373,1.0
373,ShiryaevRobertsHybrid(h=20.0),2.0682752593029456,45.131601859496676,1.0
374,ShiryaevRobertsHybrid(h=20.0),11.51291546492478,56.64451732442146,1.0
375,ShiryaevRobertsHybrid(h=20.0),-0.5330932279584953,56.11142409646296,1.0
376,ShiryaevRobertsHybrid(h=20.0),1.829449982172278,57.94087407863524,1.0
377,ShiryaevRobertsHybrid(h=20.0),0.641102331940095,58.581976410575336,1.0
378,ShiryaevRobertsHybrid(h=20.0),11.51291546492478,70.09489187550011,1.0
379,ShiryaevRobertsHybrid(h=20.0),-0.5861856792284024,69.5087061962717,1.0
380,ShiryaevRobertsHybrid(h=20.0),-0.6274743247563931,68.88123187151531,1.0
381,ShiryaevRobertsHybrid(h=20.0),-0.3220254633915609,68.55920640812376,1.0
382,ShiryaevRobertsHybrid(h=20.0),-11.512915464920228,-11.512915464920228,1e-05
383,ShiryaevRobertsHybrid(h=20.0),-0.23194025622709902,-11.744855721147328,7.92995139866461e-06
384,ShiryaevRobertsHybrid(h=20.0),-0.522532670706174,-12.267388391853501,4.702609011315734e-06
385,ShiryaevRobertsHybrid(h=20.0),0.5976484997363057,-11.669739892117196,8.54855375566529e-06
386,ShiryaevRobertsHybrid(h=20.0),0.8593593782796866,-10.81038051383751,2.0188433784441947e-05
387,ShiryaevRobertsHybrid(h=20.0),11.51291546492478,11.51291546492478,0.99999
388,ShiryaevRobertsHybrid(h=20.0),2.0419054568174033,13.554820921742182,0.9999987021768791
389,ShiryaevRobertsHybrid(h=20.0),-0.2943922904677547,13.260428631274428,0.9999982579193327
390,ShiryaevRobertsHybrid(h=20.0),-0.7060347868908219,12.554393844383606,0.9999964706518839
391,ShiryaevRobertsHybrid(h=20.0),1.0857244419109864,13.640118286294593,0.9999988082878197
392,ShiryaevRobertsHybrid(h=20.0),-1.3619100905533494,12.278208195741243,0.9999953479977878
393,ShiryaevRobertsHybrid(h=20.0),11.51291546492478,23.791123660666024,0.9999999999534792
394,ShiryaevRobertsHybrid(h=20.0),3.028201460320616,26.81932512098664,0.9999999999977482
395,ShiryaevRobertsHybrid(h=20.0),-0.16337319536751183,26.655951925619128,0.9999999999973486
396,ShiryaevRobertsHybrid(h=20.0),-2.3627247572287864,-2.3627247572287864,0.08605964127273678
397,ShiryaevRobertsHybrid(h=20.0),11.51291546492478,11.51291546492478,0.99999
398,ShiryaevRobertsHybrid(h=20.0),0.2640761987550044,11.776991663679784,0.9999923208319453
399,ShiryaevRobertsHybrid(h=20.0),3.523349938035629,15.300341601715413,0.9999997734594384
400,ShiryaevRobertsHybrid(h=20.0),-1.9766939857197703,13.323647615995643,0.9999983646427099
401,ShiryaevRobertsHybrid(h=20.0),-0.32200376344895154,13.001643852546692,0.9999977433882813
402,ShiryaevRobertsHybrid(h=20.0),0.4120240553978474,13.41366790794454,0.9999985054260911
403,ShiryaevRobertsHybrid(h=20.0),0.46455494605608877,13.878222854000628,0.9999990607872317
404,ShiryaevRobertsHybrid(h=20.0),-0.14030829416990848,13.737914559830719,0.9999989193151965
405,ShiryaevRobertsHybrid(h=20.0),1.3060711811869232,15.043985741017641,0.9999997072614755
406,ShiryaevRobertsHybrid(h=20.0),-0.9458813421379382,14.098104398879704,0.9999992461746692
407,ShiryaevRobertsHybrid(h=20.0),0.23015523597187576,14.32825963485158,0.9999994011533213
408,ShiryaevRobertsHybrid(h=20.0),0.5584278170998935,14.886687451951474,0.999999657395047
409,ShiryaevRobertsHybrid(h=20.0),1.121849670985375,16.00853712293685,0.9999998884214751
410,ShiryaevRobertsHybrid(h=20.0),1.472812286408716,17.481349409345565,0.9999999744172985
411,ShiryaevRobertsHybrid(h=20.0),-1.0324604515558302,16.448888957789734,0.9999999281646419
412,ShiryaevRobertsHybrid(h=20.0),-1.817236939094458,-1.817236939094458,0.1397657487793133
413,ShiryaevRobertsHybrid(h=20.0),4.075691086626745,4.075691086626745,0.9833030465695527
414,ShiryaevRobertsHybrid(h=20.0),0.8458421107323283,4.921533197359073,0.9927647814860088
415,ShiryaevRobertsHybrid(h=20.0),-0.5088888589484636,4.41264433841061,0.9880221302684116
416,ShiryaevRobertsHybrid(h=20.0),11.51291546492478,15.92555980333539,0.9999998787680184
417,ShiryaevRobertsHybrid(h=20.0),0.5524438218933246,16.478003625228713,0.9999999302259515
418,ShiryaevRobertsHybrid(h=20.0),3.0272281296631065,19.50523175489182,0.9999999966194646
419,ShiryaevRobertsHybrid(h=20.0),0.49063302036833073,19.995864775260152,0.9999999979303054
420,ShiryaevRobertsHybrid(h=20.0),11.51291546492478,31.508780240184933,0.9999999999999793
421,ShiryaevRobertsHybrid(h=20.0),11.51291546492478,43.021695705109714,1.0
422,ShiryaevRobertsHybrid(h=20.0),0.10132963470894107,43.12302533981865,1.0
423,ShiryaevRobertsHybrid(h=20.0),2.105858437641248,45.2288837774599,1.0
424,ShiryaevRobertsHybrid(h=20.0),1.346841576352688,46.57572535381259,1.0
425,ShiryaevRobertsHybrid(h=20.0),11.51291546492478,58.08864081873737,1.0
426,ShiryaevRobertsHybrid(h=20.0),-0.7976755447685746,57.290965273968794,1.0
427,ShiryaevRobertsHybrid(h=20.0),1.4230456738391812,58.71401094780798,1.0
428,ShiryaevRobertsHybrid(h=20.0),2.4092156133876474,61.12322656119562,1.0
429,ShiryaevRobertsHybrid(h=20.0),-2.5507196415879956,58.572506919607626,1.0
430,ShiryaevRobertsHybrid(h=20.0),-1.125338195248417,-1.125338195248417,0.24502244620026736
431,ShiryaevRobertsHybrid(h=20.0),-11.512915464920228,-12.638253660168646,3.245448821627696e-06
432,ShiryaevRobertsHybrid(h=20.0),0.07674945073494271,-12.561504209433703,3.5043422562765364e-06
433,ShiryaevRobertsHybrid(h=20.0),1.4845754222215233,-11.07692878721218,1.546479740515775e-05
434,ShiryaevRobertsHybrid(h=20.0),11.51291546492478,11.51291546492478,0.99999
435,ShiryaevRobertsHybrid(h=20.0),0.4990175928955506,12.011933057820329,0.9999939287080223
436,ShiryaevRobertsHybrid(h=20.0),11.51291546492478,23.52484852274511,0.9999999999392861
437,ShiryaevRobertsHybrid(h=20.0),-1.4764147397256908,22.04843378301942,0.9999999997342417
438,ShiryaevRobertsHybrid(h=20.0),-2.326088238042289,-2.326088238042289,0.0889852681934536
439,ShiryaevRobertsHybrid(h=20.0),0.33648193399093695,-1.9896063040513519,0.12029851981686904
440,ShiryaevRobertsHybrid(h=20.0),0.9208714417360684,-1.0687348623152835,0.2556437528200588
441,ShiryaevRobertsHybrid(h=20.0),0.3647573955462219,-0.7039774667690616,0.33093096293994123
442,ShiryaevRobertsHybrid(h=20.0),-11.512915464920228,-12.216892931689289,4.9461657481721984e-06
443,ShiryaevRobertsHybrid(h=20.0),0.29518074009461004,-11.921712191594679,6.644515129829205e-06
444,ShiryaevRobertsHybrid(h=20.0),-1.3330267266909956,-13.254738918285675,1.7520208404127764e-06
445,ShiryaevRobertsHybrid(h=20.0),1.3919399507579904,-11.862798967527684,7.04772269523636e-06
446,ShiryaevRobertsHybrid(h=20.0),0.8952843591419798,-10.967514608385704,1.7252873279884448e-05
447,ShiryaevRobertsHybrid(h=20.0),-0.7628119910556324,-11.730326599441337,8.046006750244585e-06
448,ShiryaevRobertsHybrid(h=20.0),-0.2174936148284095,-11.947820214269747,6.473286053525138e-06
449,ShiryaevRobertsHybrid(h=20.0),-0.9333975030603229,-12.88121771733007,2.545406329523789e-06
450,ShiryaevRobertsHybrid(h=20.0),0.3276861319240347,-12.553531585406036,3.532392629820614e-06
451,ShiryaevRobertsHybrid(h=20.0),2.0559026983480275,2.0559026983480275,0.8865426961503715
452,ShiryaevRobertsHybrid(h=20.0),-0.8269886237213545,1.228914074626673,0.7736284554185817
453,ShiryaevRobertsHybrid(h=20.0),1.105097232757292,2.334011307383965,0.9116549422060904
454,ShiryaevRobertsHybrid(h=20.0),-0.23741811083274517,2.0965931965512197,0.8905716143150797
455,ShiryaevRobertsHybrid(h=20.0),-0.5660959535985057,1.530497242952714,0.8220790551431976
456,ShiryaevRobertsHybrid(h=20.0),0.27325118760566414,1.803748430558378,0.8586046167939005
457,ShiryaevRobertsHybrid(h=20.0),-0.8981671058390928,0.9055813247192852,0.7120951147780926
458,ShiryaevRobertsHybrid(h=20.0),-0.26593544410284475,-0.26593544410284475,0.4339052083958453
459,ShiryaevRobertsHybrid(h=20.0),-1.149192362676354,-1.4151278067791988,0.19542652624536785
460,ShiryaevRobertsHybrid(h=20.0),11.51291546492478,11.51291546492478,0.99999
461,ShiryaevRobertsHybrid(h=20.0),0.4497469425612878,11.962662407486066,0.9999936220816128
462,ShiryaevRobertsHybrid(h=20.0),-0.4469660874521824,11.515696320033884,0.9999900277696442
463,ShiryaevRobertsHybrid(h=20.0),0.6820405431491503,12.197736863183035,0.9999949581723115
464,ShiryaevRobertsHybrid(h=20.0),0.2667773761286556,12.46451423931169,0.9999961387442384
465,ShiryaevRobertsHybrid(h=20.0),0.1350413266097221,12.599555565921412,0.9999966264971748
466,ShiryaevRobertsHybrid(h=20.0),1.2906075762852232,13.890163142206635,0.9999990719350063
467,ShiryaevRobertsHybrid(h=20.0),1.56627766964074,15.456440811847376,0.9999998062003621
468,ShiryaevRobertsHybrid(h=20.0),-0.23771448862027877,15.218726323227097,0.9999997541948207
469,ShiryaevRobertsHybrid(h=20.0),-0.293061496424599,14.925664826802498,0.9999996704919842
470,ShiryaevRobertsHybrid(h=20.0),0.06996649175798449,14.995631318560482,0.9999996927584607
471,ShiryaevRobertsHybrid(h=20.0),-11.512915464920228,-11.512915464920228,1e-05
472,ShiryaevRobertsHybrid(h=20.0),-1.7708015125828205,-13.28371697750305,1.7019793179820888e-06
473,ShiryaevRobertsHybrid(h=20.0),11.51291546492478,11.51291546492478,0.99999
474,ShiryaevRobertsHybrid(h=20.0),11.51291546492478,23.02583092984956,0.999999999899998
475,ShiryaevRobertsHybrid(h=20.0),0.10124314396922501,23.127074073818783,0.999999999909627
476,ShiryaevRobertsHybrid(h=20.0),1.225141482176049,24.35221555599483,0.9999999999734559
477,ShiryaevRobertsHybrid(h=20.0),0.8159456938669732,25.168161249861804,0.9999999999882616
478,ShiryaevRobertsHybrid(h=20.0),11.51291546492478,36.681076714786585,0.9999999999999998
479,ShiryaevRobertsHybrid(h=20.0),2.6806055174494583,39.36168223223604,1.0
480,ShiryaevRobertsHybrid(h=20.0),0.24775853203496975,39.609440764271014,1.0
481,ShiryaevRobertsHybrid(h=20.0),-0.7845603112157651,38.82488045305525,1.0
482,ShiryaevRobertsHybrid(h=20.0),-2.0108724350941976,-2.0108724350941976,0.11806610392272819
483,ShiryaevRobertsHybrid(h=20.0),0.6679281881686577,-1.3429442469255397,0.20702629517826374
484,ShiryaevRobertsHybrid(h=20.0),-0.5189628910186814,-1.8619071379442211,0.13448091432533002
485,ShiryaevRobertsHybrid(h=20.0),-1.5622509532540187,-3.42415809119824,0.031548935956641266
486,ShiryaevRobertsHybrid(h=20.0),-0.3804094988216972,-3.804567590019937,0.021783726370207226
487,ShiryaevRobertsHybrid(h=20.0),-0.9667157888038322,-4.771283378823769,0.008398373545522187
488,ShiryaevRobertsHybrid(h=20.0),11.51291546492478,11.51291546492478,0.99999
489,ShiryaevRobertsHybrid(h=20.0),1.8531107495772923,13.366026214502071,0.9999984324987735
490,ShiryaevRobertsHybrid(h=20.0),0.3955091460583248,13.761535360560396,0.9999989445426902
491,ShiryaevRobertsHybrid(h=20.0),11.51291546492478,25.274450825485175,0.9999999999894453
492,ShiryaevRobertsHybrid(h=20.0),0.5031976340509281,25.777648459536103,0.9999999999936187
493,ShiryaevRobertsHybrid(h=20.0),-0.6561066524112407,25.121541807124864,0.9999999999877014
494,ShiryaevRobertsHybrid(h=20.0),11.51291546492478,36.634457272049644,0.9999999999999998
495,ShiryaevRobertsHybrid(h=20.0),1.1618737216730617,37.796330993722705,1.0
496,ShiryaevRobertsHybrid(h=20.0),-0.9010919466481824,36.895239047074526,1.0
497,ShiryaevRobertsHybrid(h=20.0),0.17201649430965493,37.06725554138418,1.0
498,ShiryaevRobertsHybrid(h=20.0),-0.6752846817889976,36.39197085959518,0.9999999999999998
499,ShiryaevRobertsHybrid(h=20.0),-1.4817709238383419,-1.4817709238383419,0.1851600807106991
500,ShiryaevRobertsHybrid(h=20.0),1.9722563807010636,0.4904854568627217,0.6202207869041944
501,ShiryaevRobertsHybrid(h=20.0),11.51291546492478,12.0034009217875,0.999993876685635
502,ShiryaevRobertsHybrid(h=20.0),-1.5134387619313907,10.489962159856109,0.999972186525869
503,ShiryaevRobertsHybrid(h=20.0),1.2020584675692427,11.692020627425352,0.9999916398065205
504,ShiryaevRobertsHybrid(h=20.0),-0.38547436083899084,11.306546266586361,0.9999877079587604
505,ShiryaevRobertsHybrid(h=20.0),-0.18507695128215243,11.121469315304209,0.9999852088881241
506,ShiryaevRobertsHybrid(h=20.0),-0.31341324968067424,10.808056065623534,0.9999797645856154
507,ShiryaevRobertsHybrid(h=20.0),-0.6597188576906051,-0.6597188576906051,0.3408027690960551
508,ShiryaevRobertsHybrid(h=20.0),0.4665062010527492,-0.19321265663785592,0.4518465446300031
509,ShiryaevRobertsHybrid(h=20.0),-0.6158979829793466,-0.8091106396172025,0.3080800453777382
510,ShiryaevRobertsHybrid(h=20.0),0.75900213698713,-0.05010850263007249,0.487475494841532
511,ShiryaevRobertsHybrid(h=20.0),0.3430390996352045,0.292930597005132,0.5727134397406846
512,ShiryaevRobertsHybrid(h=20.0),0.11338365811494065,0.4063142551200727,0.6002037779668683
513,ShiryaevRobertsHybrid(h=20.0),-0.7184658556761984,-0.3121516005561257,0.4225896446456281
514,ShiryaevRobertsHybrid(h=20.0),-0.29423003689996885,-0.6063816374560945,0.3528850365057692
515,ShiryaevRobertsHybrid(h=20.0),1.5618410136149945,1.5618410136149945,0.8266173677477268
516,ShiryaevRobertsHybrid(h=20.0),1.1000803277175737,2.661921341332568,0.9347419652304236
517,ShiryaevRobertsHybrid(h=20.0),-0.8154355380943611,1.846485803238207,0.8637139678149385
518,ShiryaevRobertsHybrid(h=20.0),0.531357585908668,2.377843389146875,0.9151220722969295
519,ShiryaevRobertsHybrid(h=20.0),1.5534824512745398,3.931325840421415,0.9807598019478159
520,ShiryaevRobertsHybrid(h=20.0),-2.2063868118158614,1.7249390286055535,0.8487639211419021
521,ShiryaevRobertsHybrid(h=20.0),1.169242450033484,2.8941814786390374,0.9475580559941833
522,ShiryaevRobertsHybrid(h=20.0),-0.4004140153502081,2.493767463288829,0.923703739352746
523,ShiryaevRobertsHybrid(h=20.0),1.2149838775693018,3.708751340858131,0.9760781722558476
524,ShiryaevRobertsHybrid(h=20.0),-0.5278338355959186,3.1809175052622125,0.9601098203763241
525,ShiryaevRobertsHybrid(h=20.0),-2.7778055963817194,-2.7778055963817194,0.0585353698006443
526,ShiryaevRobertsHybrid(h=20.0),-2.0731172680855336,-4.850922864467253,0.007760460574849118
527,ShiryaevRobertsHybrid(h=20.0),0.46595318749038656,-4.3849696769768665,0.012309845177001502
528,ShiryaevRobertsHybrid(h=20.0),0.7442144426547455,-3.6407552343221212,0.02556196977398697
529,ShiryaevRobertsHybrid(h=20.0),-0.7140479341819228,-4.354803168504044,0.012682066890875693
530,ShiryaevRobertsHybrid(h=20.0),1.3344619607299728,-3.020341207774071,0.046515339040967586
531,ShiryaevRobertsHybrid(h=20.0),-2.1801857371906883,-5.200526944964759,0.0054834245317108765
532,ShiryaevRobertsHybrid(h=20.0),0.3234961779518242,-4.8770307670129345,0.007561985512826062
533,ShiryaevRobertsHybrid(h=20.0),-1.1708845214902295,-6.047915288503164,0.0023572130138619107
534,ShiryaevRobertsHybrid(h=20.0),-0.3869606844208848,-6.434875972924049,0.0016020370638433713
535,ShiryaevRobertsHybrid(h=20.0),0.4650842291580231,-5.9697917437660255,0.0025482631760782993
536,ShiryaevRobertsHybrid(h=20.0),-0.6549453078026597,-6.624737051568685,0.0013253704137540848
537,ShiryaevRobertsHybrid(h=20.0),-0.06148601656744394,-6.686223068136129,0.0012464319149223108
538,ShiryaevRobertsHybrid(h=20.0),2.2183788836359826,2.2183788836359826,0.9018878427643322
539,ShiryaevRobertsHybrid(h=20.0),-0.2943778384561596,1.924001045179823,0.8725839382516631
540,ShiryaevRobertsHybrid(h=20.0),1.7401619394434715,3.6641629846232946,0.9750146534397944
541,ShiryaevRobertsHybrid(h=20.0),-1.0403216111071365,2.623841373516158,0.9323802971982772
542,ShiryaevRobertsHybrid(h=20.0),1.1468837086498818,3.77072508216604,0.9774833248923684
543,ShiryaevRobertsHybrid(h=20.0),11.51291546492478,15.283640547090819,0.9999997696442025
544,ShiryaevRobertsHybrid(h=20.0),-11.512915464920228,-11.512915464920228,1e-05
545,ShiryaevRobertsHybrid(h=20.0),-0.5713237900137613,-12.084239254933989,5.647797551214376e-06
546,ShiryaevRobertsHybrid(h=20.0),1.2260223717888028,-10.858216883145186,1.924544538165775e-05
547,ShiryaevRobertsHybrid(h=20.0),0.15666518449186426,-10.701551698653322,2.2509475402989853e-05
548,ShiryaevRobertsHybrid(h=20.0),0.9019193116516826,0.9019193116516826,0.7113437620113926
549,ShiryaevRobertsHybrid(h=20.0),-0.327683195267959,0.5742361163837235,0.6397400612060202
550,ShiryaevRobertsHybrid(h=20.0),0.5149960640416325,1.089232180425356,0.7482371086023089
551,ShiryaevRobertsHybrid(h=20.0),0.21400029330973463,1.3032324737350907,0.7863785004205397
552,ShiryaevRobertsHybrid(h=20.0),2.9515060114289264,4.254738485164017,0.9860019249778047
553,ShiryaevRobertsHybrid(h=20.0),0.7369395275849417,4.991678012748959,0.9932515962928609
554,ShiryaevRobertsHybrid(h=20.0),0.8534043691690533,5.8450823819180115,0.9971142553412193
555,ShiryaevRobertsHybrid(h=20.0),-0.09432222676384677,5.750760155154165,0.9968297203293601
556,ShiryaevRobertsHybrid(h=20.0),-0.185658930550547,5.565101224603618,0.996185413869103
557,ShiryaevRobertsHybrid(h=20.0),-0.11921080257449468,5.445890422029123,0.9957045336102336
558,ShiryaevRobertsHybrid(h=20.0),0.9362207891062896,6.382111211135412,0.9983113085333553
559,ShiryaevRobertsHybrid(h=20.0),-0.10527850775514554,6.276832703380267,0.998124181690884
560,ShiryaevRobertsHybrid(h=20.0),0.7858170122508301,7.062649715631097,0.9991442273857148
561,ShiryaevRobertsHybrid(h=20.0),11.51291546492478,18.575565180555877,0.9999999914348586
562,ShiryaevRobertsHybrid(h=20.0),1.8264427456925825,20.40200792624846,0.9999999986211388
563,ShiryaevRobertsHybrid(h=20.0),0.008771817643626322,20.410779743892085,0.9999999986331811
564,ShiryaevRobertsHybrid(h=20.0),3.1875792238024636,23.598358967694548,0.9999999999435891
565,ShiryaevRobertsHybrid(h=20.0),-0.08975064559081813,23.50860832210373,0.999999999938292
566,ShiryaevRobertsHybrid(h=20.0),-11.512915464920228,-11.512915464920228,1e-05
567,ShiryaevRobertsHybrid(h=20.0),-0.8588766134433339,-12.371792078363562,4.23640165729146e-06
568,ShiryaevRobertsHybrid(h=20.0),-3.210770280391816,-15.582562358755379,1.708358762082512e-07
569,ShiryaevRobertsHybrid(h=20.0),-0.02181704618788996,-15.604379404943268,1.671491060821704e-07
570,ShiryaevRobertsHybrid(h=20.0),0.42854223424109567,-15.175837170702172,2.5657689613103044e-07
571,ShiryaevRobertsHybrid(h=20.0),11.51291546492478,11.51291546492478,0.99999
572,ShiryaevRobertsHybrid(h=20.0),0.8381631449729576,12.351078609897737,0.9999956749330371
573,ShiryaevRobertsHybrid(h=20.0),0.13729462452281907,12.488373234420557,0.9999962297792531
574,ShiryaevRobertsHybrid(h=20.0),1.7253890177038511,14.213762252124408,0.9999993285074554
575,ShiryaevRobertsHybrid(h=20.0),-11.512915464920228,-11.512915464920228,1e-05
576,ShiryaevRobertsHybrid(h=20.0),0.7112819746249044,-10.801633490295323,2.0365793447418546e-05
577,ShiryaevRobertsHybrid(h=20.0),1.594580403285387,-9.207053087009935,0.00010031920444879811
578,ShiryaevRobertsHybrid(h=20.0),-1.685078772790814,-10.892131859800749,1.8603692719077268e-05
579,ShiryaevRobertsHybrid(h=20.0),2.808365565392932,2.808365565392932,0.9431262129620789
580,ShiryaevRobertsHybrid(h=20.0),0.8546846108238545,3.663050176216786,0.9749875298915553
581,ShiryaevRobertsHybrid(h=20.0),-0.09842487700800846,3.5646252992087777,0.972471670306883
582,ShiryaevRobertsHybrid(h=20.0),1.32392847471359,4.888553773922368,0.9925240034866085
583,ShiryaevRobertsHybrid(h=20.0),11.51291546492478,16.40146923884715,0.9999999246761723
584,ShiryaevRobertsHybrid(h=20.0),0.6391437413008315,17.04061298014798,0.9999999602482916
585,ShiryaevRobertsHybrid(h=20.0),0.7284551568860554,17.769068137034036,0.9999999808136769
586,ShiryaevRobertsHybrid(h=20.0),-0.1515223156323381,17.6175458214017,0.9999999776747126
587,ShiryaevRobertsHybrid(h=20.0),-0.6408842131583248,16.976661608243372,0.9999999576230667
588,ShiryaevRobertsHybrid(h=20.0),1.7275654134006806,18.70422702164405,0.9999999924689175
589,ShiryaevRobertsHybrid(h=20.0),-0.6491777551982132,18.055049266445838,0.9999999855857606
590,ShiryaevRobertsHybrid(h=20.0),0.4957917618381312,18.55084102828397,0.9999999912204532
591,ShiryaevRobertsHybrid(h=20.0),-0.17362378588882654,18.377217242395144,0.9999999895557813
592,ShiryaevRobertsHybrid(h=20.0),1.0652573424930096,19.442474584888153,0.9999999964005133
593,ShiryaevRobertsHybrid(h=20.0),0.8477675787382087,20.290242163626363,0.9999999984580872
594,ShiryaevRobertsHybrid(h=20.0),2.3291420372138543,22.619384200840216,0.9999999998498497
595,ShiryaevRobertsHybrid(h=20.0),-0.21281930917710767,22.40656489166311,0.9999999998142399
596,ShiryaevRobertsHybrid(h=20.0),0.07618690816305583,22.482751799826165,0.9999999998278666
597,ShiryaevRobertsHybrid(h=20.0),-0.8171409894749482,21.665610810351218,0.9999999996102871
598,ShiryaevRobertsHybrid(h=20.0),-0.13334916257269305,21.532261647778526,0.9999999995546951
599,ShiryaevRobertsHybrid(h=20.0),0.9109286120736034,22.44319025985213,0.9999999998209204
600,ShiryaevRobertsHybrid(h=20.0),1.5651883339650492,24.00837859381718,0.9999999999625637
601,ShiryaevRobertsHybrid(h=20.0),-0.7384169838794803,23.2699616099377,0.99999999992166
602,ShiryaevRobertsHybrid(h=20.0),1.8226330811528804,25.09259469109058,0.9999999999873403
603,ShiryaevRobertsHybrid(h=20.0),11.51291546492478,36.605510156015356,0.9999999999999998
604,ShiryaevRobertsHybrid(h=20.0),0.9645430209035842,37.57005317691894,1.0
605,ShiryaevRobertsHybrid(h=20.0),11.51291546492478,49.08296864184372,1.0
606,ShiryaevRobertsHybrid(h=20.0),-0.5413945233235345,48.54157411852019,1.0
607,ShiryaevRobertsHybrid(h=20.0),-1.2275895516262993,47.313984566893886,1.0
608,ShiryaevRobertsHybrid(h=20.0),-2.6436103600154865,-2.6436103600154865,0.06638392532871641
609,ShiryaevRobertsHybrid(h=20.0),11.51291546492478,11.51291546492478,0.99999
610,ShiryaevRobertsHybrid(h=20.0),1.3633874584027708,12.87630292332755,0.9999974420527619
611,ShiryaevRobertsHybrid(h=20.0),0.3364363000622102,13.212739223389761,0.9999981728278337
612,ShiryaevRobertsHybrid(h=20.0),0.7721721588590766,13.984911382248837,0.9999991558302411
613,ShiryaevRobertsHybrid(h=20.0),-1.0337729883389395,12.951138393909897,0.9999976264901939
614,ShiryaevRobertsHybrid(h=20.0),11.51291546492478,24.464053858834674,0.9999999999762645
615,ShiryaevRobertsHybrid(h=20.0),0.5700137790756902,25.034067637910365,0.9999999999865772
616,ShiryaevRobertsHybrid(h=20.0),0.5443271097714736,25.578394747681838,0.9999999999922116
617,ShiryaevRobertsHybrid(h=20.0),1.501043018447587,27.079437766129423,0.999999999998264
618,ShiryaevRobertsHybrid(h=20.0),1.0684538492287428,28.147891615358166,0.9999999999994036
619,ShiryaevRobertsHybrid(h=20.0),0.6953914534242926,28.84328306878246,0.9999999999997025
620,ShiryaevRobertsHybrid(h=20.0),-0.5629824335850838,28.280300635197374,0.9999999999994775
621,ShiryaevRobertsHybrid(h=20.0),1.0534691113120558,29.33376974650943,0.9999999999998179
622,ShiryaevRobertsHybrid(h=20.0),11.51291546492478,40.846685211434206,1.0
623,ShiryaevRobertsHybrid(h=20.0),11.51291546492478,52.35960067635899,1.0
624,ShiryaevRobertsHybrid(h=20.0),11.51291546492478,63.87251614128377,1.0
625,ShiryaevRobertsHybrid(h=20.0),-0.21427491174483135,63.65824122953894,1.0
626,ShiryaevRobertsHybrid(h=20.0),-0.8324913085274098,62.82574992101153,1.0
627,ShiryaevRobertsHybrid(h=20.0),0.2503551926452489,63.07610511365678,1.0
628,ShiryaevRobertsHybrid(h=20.0),0.475638631919523,63.5517437455763,1.0
629,ShiryaevRobertsHybrid(h=20.0),2.560225185591988,66.11196893116829,1.0
630,ShiryaevRobertsHybrid(h=20.0),-2.2863400191667043,63.82562891200159,1.0
631,ShiryaevRobertsHybrid(h=20.0),11.51291546492478,75.33854437692636,1.0
632,ShiryaevRobertsHybrid(h=20.0),0.21117177907277676,75.54971615599914,1.0
633,ShiryaevRobertsHybrid(h=20.0),-0.11237539330484121,75.43734076269429,1.0
634,ShiryaevRobertsHybrid(h=20.0),-0.8646502703875482,74.57269049230675,1.0
635,ShiryaevRobertsHybrid(h=20.0),-2.1584633590292652,-2.1584633590292652,0.10354299844026917
636,ShiryaevRobertsHybrid(h=20.0),1.7108860616849213,-0.4475772973443439,0.3899369394735021
637,ShiryaevRobertsHybrid(h=20.0),0.4980262904894509,0.05044899314510698,0.512609574013189
638,ShiryaevRobertsHybrid(h=20.0),-1.3068661085258864,-1.3068661085258864,0.2130117300776838
639,ShiryaevRobertsHybrid(h=20.0),-1.3160491174814746,-2.622915226007361,0.06767811726950743
640,ShiryaevRobertsHybrid(h=20.0),-0.002941641269382742,-2.625856867276744,0.06749274208922779
641,ShiryaevRobertsHybrid(h=20.0),11.51291546492478,11.51291546492478,0.99999
642,ShiryaevRobertsHybrid(h=20.0),0.08854819028976599,11.601463655214545,0.9999908474022132
643,ShiryaevRobertsHybrid(h=20.0),-1.7420154638934189,9.859448191321126,0.9999477515556688
644,ShiryaevRobertsHybrid(h=20.0),0.10520525139738042,9.964653442718507,0.9999529688530637
645,ShiryaevRobertsHybrid(h=20.0),0.0727638037418933,10.0374172464604,0.9999562693346667
646,ShiryaevRobertsHybrid(h=20.0),-11.512915464920228,-11.512915464920228,1e-05
647,ShiryaevRobertsHybrid(h=20.0),0.3380284892053391,-11.17488697571489,1.4021748105700938e-05
648,ShiryaevRobertsHybrid(h=20.0),0.12303352827704434,-11.051853447437844,1.5857479042674307e-05
649,ShiryaevRobertsHybrid(h=20.0),1.4426320555676166,-9.609221391870229,6.710255101025516e-05
650,ShiryaevRobertsHybrid(h=20.0),11.51291546492478,11.51291546492478,0.99999
651,ShiryaevRobertsHybrid(h=20.0),2.7160913852710062,14.229006850195786,0.9999993386664509
652,ShiryaevRobertsHybrid(h=20.0),0.07737214694304086,14.306378997138827,0.9999993879057784
653,ShiryaevRobertsHybrid(h=20.0),-1.0045782916829,13.301800705455927,0.9999983285221404
654,ShiryaevRobertsHybrid(h=20.0),11.51291546492478,24.814716170380706,0.9999999999832849
655,ShiryaevRobertsHybrid(h=20.0),0.4800747689152146,25.294790939295922,0.9999999999896578
656,ShiryaevRobertsHybrid(h=20.0),0.42290753451817187,25.717698473814092,0.9999999999932245
657,ShiryaevRobertsHybrid(h=20.0),0.3753971512794333,26.093095625093525,0.9999999999953451
658,ShiryaevRobertsHybrid(h=20.0),0.6607347842961145,26.75383040938964,0.9999999999975959
659,ShiryaevRobertsHybrid(h=20.0),0.2277468358851164,26.981577245274757,0.9999999999980855
660,ShiryaevRobertsHybrid(h=20.0),-0.29041856736856714,26.691158677906188,0.9999999999974403
661,ShiryaevRobertsHybrid(h=20.0),-0.25764658439975924,26.43351209350643,0.9999999999966882
662,ShiryaevRobertsHybrid(h=20.0),0.3646848075867448,26.798196901093174,0.9999999999977003
663,ShiryaevRobertsHybrid(h=20.0),-0.25345792928986977,26.544738971803305,0.9999999999970368
664,ShiryaevRobertsHybrid(h=20.0),-0.46354045976481856,26.081198512038487,0.9999999999952893
665,ShiryaevRobertsHybrid(h=20.0),0.540501485398218,26.621699997436703,0.9999999999972562
666,ShiryaevRobertsHybrid(h=20.0),0.0940967068547146,26.715796704291417,0.9999999999975027
667,ShiryaevRobertsHybrid(h=20.0),11.51291546492478,38.228712169216195,1.0
668,ShiryaevRobertsHybrid(h=20.0),-11.512915464920228,-11.512915464920228,1e-05
669,ShiryaevRobertsHybrid(h=20.0),2.548193455358584,-8.964722009561644,0.00012782481777900937
670,ShiryaevRobertsHybrid(h=20.0),3.6164487407261294,3.6164487407261294,0.9738255577492889
671,ShiryaevRobertsHybrid(h=20.0),-11.512915464920228,-11.512915464920228,1e-05
672,ShiryaevRobertsHybrid(h=20.0),-0.011225230765287189,-11.524140695685515,9.888376474355861e-06
673,ShiryaevRobertsHybrid(h=20.0),-0.04573701053321999,-11.569877706218735,9.446302597296545e-06
674,ShiryaevRobertsHybrid(h=20.0),-1.5316904213393692,-13.101568127558105,2.042021785478733e-06
675,ShiryaevRobertsHybrid(h=20.0),-0.5465939729706997,-13.648162100528804,1.182164730608067e-06
676,ShiryaevRobertsHybrid(h=20.0),-1.0107799227740883,-14.658942023302892,4.3023147741352643e-07
677,ShiryaevRobertsHybrid(h=20.0),11.51291546492478,11.51291546492478,0.99999
678,ShiryaevRobertsHybrid(h=20.0),1.9991091998374086,13.512024664762187,0.9999986454293527
679,ShiryaevRobertsHybrid(h=20.0),3.969469543047771,17.48149420780996,0.9999999744210026
680,ShiryaevRobertsHybrid(h=20.0),1.4928230521162231,18.97431725992618,0.9999999942514446
681,ShiryaevRobertsHybrid(h=20.0),-1.0393031776469959,17.935014082279185,0.9999999837474187
682,ShiryaevRobertsHybrid(h=20.0),-0.2304386625645414,17.704575419714644,0.9999999795355263
683,ShiryaevRobertsHybrid(h=20.0),1.0816831324914526,18.786258552206096,0.9999999930620436
684,ShiryaevRobertsHybrid(h=20.0),-1.1894257406442448,17.59683281156185,0.9999999772074665
685,ShiryaevRobertsHybrid(h=20.0),1.4755502354367238,19.072383046998574,0.9999999947884215
686,ShiryaevRobertsHybrid(h=20.0),0.11172559623145137,19.184108643230026,0.9999999953393395
687,ShiryaevRobertsHybrid(h=20.0),-0.04979525573366193,19.134313387496363,0.9999999951013854
688,ShiryaevRobertsHybrid(h=20.0),1.4715179048238987,20.60583129232026,0.999999998875392
689,ShiryaevRobertsHybrid(h=20.0),1.0113230552673445,21.617154347587604,0.9999999995909379
690,ShiryaevRobertsHybrid(h=20.0),-0.033162437840443086,21.583991909747162,0.9999999995771451
691,ShiryaevRobertsHybrid(h=20.0),2.8990396103568568,24.48303152010402,0.9999999999767109
692,ShiryaevRobertsHybrid(h=20.0),-0.9659874943004236,23.517044025803596,0.9999999999388105
693,ShiryaevRobertsHybrid(h=20.0),1.2937467013359323,24.81079072713953,0.9999999999832192
694,ShiryaevRobertsHybrid(h=20.0),1.253646082895414,26.064436810034945,0.9999999999952098
695,ShiryaevRobertsHybrid(h=20.0),0.028546211157986313,26.092983021192932,0.9999999999953446
696,ShiryaevRobertsHybrid(h=20.0),0.837032729115948,26.93001575030888,0.9999999999979843
697,ShiryaevRobertsHybrid(h=20.0),-1.2386794679698372,25.69133628233904,0.9999999999930433
698,ShiryaevRobertsHybrid(h=20.0),1.9662532512958948,27.657589533634937,0.9999999999990261
699,ShiryaevRobertsHybrid(h=20.0),0.17859060020483422,27.836180133839772,0.9999999999991855
700,ShiryaevRobertsHybrid(h=20.0),-0.22825348257895742,27.607926651260815,0.9999999999989766
701,ShiryaevRobertsHybrid(h=20.0),2.372457161800694,29.980383813061508,0.9999999999999045
702,ShiryaevRobertsHybrid(h=20.0),-0.4527930758026674,29.52759073725884,0.9999999999998499
703,ShiryaevRobertsHybrid(h=20.0),-1.5336408450155332,27.993949892243307,0.9999999999993043
704,ShiryaevRobertsHybrid(h=20.0),-1.8745923076460451,-1.8745923076460451,0.1330112479428288
705,ShiryaevRobertsHybrid(h=20.0),1.276204380634694,-0.598387927011351,0.35471259721028
706,ShiryaevRobertsHybrid(h=20.0),-1.2898913930013933,-1.8882793200127443,0.13144078478282822
707,ShiryaevRobertsHybrid(h=20.0),11.51291546492478,11.51291546492478,0.99999
708,ShiryaevRobertsHybrid(h=20.0),-11.512915464920228,-11.512915464920228,1e-05
709,ShiryaevRobertsHybrid(h=20.0),11.51291546492478,11.51291546492478,0.99999
710,ShiryaevRobertsHybrid(h=20.0),0.6780585138843507,12.19097397880913,0.9999949239596291
711,ShiryaevRobertsHybrid(h=20.0),0.2858754097607697,12.4768493885699,0.9999961860806718
712,ShiryaevRobertsHybrid(h=20.0),-0.2552802712576009,12.2215691173123,0.9999950769093334
713,ShiryaevRobertsHybrid(h=20.0),0.9431764280194278,13.164745545331726,0.9999980829968723
714,ShiryaevRobertsHybrid(h=20.0),0.3586334443775176,13.523378989709244,0.999998660722581
715,ShiryaevRobertsHybrid(h=20.0),2.602005902432919,16.12538489214216,0.9999999007262838
716,ShiryaevRobertsHybrid(h=20.0),0.5505720232823224,16.675956915424482,0.9999999427567996
717,ShiryaevRobertsHybrid(h=20.0),0.5975279138465398,17.273484829271023,0.9999999685065063
718,ShiryaevRobertsHybrid(h=20.0),-0.03633865288760666,17.237146176383416,0.9999999673410276
719,ShiryaevRobertsHybrid(h=20.0),0.3347567402008647,17.571902916584282,0.9999999766321092
720,ShiryaevRobertsHybrid(h=20.0),0.81108437864321,18.38298729522749,0.9999999896158714
721,ShiryaevRobertsHybrid(h=20.0),-2.3514639250442495,-2.3514639250442495,0.08694948220301232
722,ShiryaevRobertsHybrid(h=20.0),-1.414378481034369,-3.7658424060786184,0.022624392135849887
723,ShiryaevRobertsHybrid(h=20.0),1.5366638807896285,-2.22917852528899,0.09716067730005304
724,ShiryaevRobertsHybrid(h=20.0),0.6245806663884453,-1.604597858900545,0.16733998130263741
725,ShiryaevRobertsHybrid(h=20.0),0.17970203025150788,-1.4248958286490372,0.19389521927257944
726,ShiryaevRobertsHybrid(h=20.0),0.42856176906100485,0.42856176906100485,0.6055301799196179
727,ShiryaevRobertsHybrid(h=20.0),0.867736591480626,1.296298360541631,0.7852113440491044
728,ShiryaevRobertsHybrid(h=20.0),-0.24899005777338654,1.0473083027682444,0.7402576845411795
729,ShiryaevRobertsHybrid(h=20.0),-0.5472245139236543,0.50008378884459,0.622479021689324
730,ShiryaevRobertsHybrid(h=20.0),0.6577446633350376,1.1578284521796276,0.760937909389948
731,ShiryaevRobertsHybrid(h=20.0),-0.8165891558937073,0.3412392962859203,0.5844915313752514
732,ShiryaevRobertsHybrid(h=20.0),0.9567759212601784,1.2980152175460988,0.7855007579027362
733,ShiryaevRobertsHybrid(h=20.0),-2.323135616131754,-2.323135616131754,0.0892249187286479
734,ShiryaevRobertsHybrid(h=20.0),2.2984271351407806,-0.024708480990973225,0.493823193998714
735,ShiryaevRobertsHybrid(h=20.0),1.0552368253773206,1.0552368253773206,0.741779244723913
736,ShiryaevRobertsHybrid(h=20.0),0.7391452619628275,1.7943820873401481,0.8574636933596199
737,ShiryaevRobertsHybrid(h=20.0),2.140814430400949,3.935196517741097,0.9808327059229488
738,ShiryaevRobertsHybrid(h=20.0),11.51291546492478,15.448111982665877,0.9999998045794978
739,ShiryaevRobertsHybrid(h=20.0),2.246070203864946,17.694182186530824,0.9999999793217251
740,ShiryaevRobertsHybrid(h=20.0),-2.9931184067823158,-2.9931184067823158,0.0477377306005064
741,ShiryaevRobertsHybrid(h=20.0),-1.288381350926767,-4.281499757709083,0.01363347623050404
742,ShiryaevRobertsHybrid(h=20.0),-0.3534154599851704,-4.634915217694253,0.009613611327365452
743,ShiryaevRobertsHybrid(h=20.0),0.43818855476032337,-4.19672666293393,0.014821753355054838
744,ShiryaevRobertsHybrid(h=20.0),1.1270696397232294,-3.0696570232107003,0.04437636997016269
745,ShiryaevRobertsHybrid(h=20.0),-0.4798952697720088,-3.549552292982709,0.02793472842121849
746,ShiryaevRobertsHybrid(h=20.0),0.6456522053731685,-2.9039000876095407,0.05196110422905506
747,ShiryaevRobertsHybrid(h=20.0),-0.5177217438998803,-3.421621831509421,0.031626519959198525
748,ShiryaevRobertsHybrid(h=20.0),-0.3369742316094227,-3.7585960631188438,0.0227851826120423
749,ShiryaevRobertsHybrid(h=20.0),-1.5299454246911786,-5.288541487810022,0.005023753563618793
750,ShiryaevRobertsHybrid(h=20.0),-0.7398816409608406,-6.0284231287708625,0.002403499397732107
751,ShiryaevRobertsHybrid(h=20.0),-1.4210653904231783,-7.449488519194041,0.0005814008608828475
752,ShiryaevRobertsHybrid(h=20.0),-0.8130637010581145,-8.262552220252156,0.0002579331315552064
753,ShiryaevRobertsHybrid(h=20.0),2.3904028476372523,-5.872149372614903,0.0028089002979543374
754,ShiryaevRobertsHybrid(h=20.0),-0.7760105813932738,-6.648159954008177,0.0012947268667819454
755,ShiryaevRobertsHybrid(h=20.0),11.51291546492478,11.51291546492478,0.99999
756,ShiryaevRobertsHybrid(h=20.0),1.0879493291591917,12.600864794083972,0.999996630910955
757,ShiryaevRobertsHybrid(h=20.0),0.6430865115638363,13.243951305647808,0.9999982289767598
758,ShiryaevRobertsHybrid(h=20.0),-0.6522056742694171,12.59174563137839,0.9999966000472768
759,ShiryaevRobertsHybrid(h=20.0),1.4506143420873627,14.042359973465754,0.9999992029598401
760,ShiryaevRobertsHybrid(h=20.0),-0.2928403208595816,13.749519652606171,0.9999989317841391
761,ShiryaevRobertsHybrid(h=20.0),0.5606500864433153,14.310169739049487,0.9999993902216758
762,ShiryaevRobertsHybrid(h=20.0),11.51291546492478,25.823085203974266,0.9999999999939022
763,ShiryaevRobertsHybrid(h=20.0),0.2866754342559728,26.109760638230238,0.9999999999954221
764,ShiryaevRobertsHybrid(h=20.0),2.8396651854378834,28.949425823668122,0.9999999999997324
765,ShiryaevRobertsHybrid(h=20.0),-0.4513195693328789,28.498106254335244,0.9999999999995799
766,ShiryaevRobertsHybrid(h=20.0),0.3619130596864885,28.860019314021734,0.9999999999997073
767,ShiryaevRobertsHybrid(h=20.0),11.51291546492478,40.372934778946515,1.0
768,ShiryaevRobertsHybrid(h=20.0),-0.35607560290600043,40.01685917604051,1.0
769,ShiryaevRobertsHybrid(h=20.0),11.51291546492478,51.52977464096529,1.0
770,ShiryaevRobertsHybrid(h=20.0),1.4651925715602179,52.99496721252551,1.0
771,ShiryaevRobertsHybrid(h=20.0),-0.27671236480871503,52.71825484771679,1.0
772,ShiryaevRobertsHybrid(h=20.0),1.3232524573574256,54.04150730507422,1.0
773,ShiryaevRobertsHybrid(h=20.0),2.1089116860221444,56.150418991096366,1.0
774,ShiryaevRobertsHybrid(h=20.0),1.3042119188600085,57.45463090995637,1.0
775,ShiryaevRobertsHybrid(h=20.0),-1.9104297111483721,55.544201198808,1.0
776,ShiryaevRobertsHybrid(h=20.0),-0.48166580337089454,55.0625353954371,1.0
777,ShiryaevRobertsHybrid(h=20.0),0.10306878364972809,55.16560417908683,1.0
778,ShiryaevRobertsHybrid(h=20.0),0.3132156546475371,55.47881983373436,1.0
779,ShiryaevRobertsHybrid(h=20.0),1.3021799072636606,56.78099974099803,1.0
780,ShiryaevRobertsHybrid(h=20.0),0.633622065501248,57.41462180649928,1.0
781,ShiryaevRobertsHybrid(h=20.0),-1.390069308406143,56.024552498093136,1.0
782,ShiryaevRobertsHybrid(h=20.0),0.9151818362981639,56.939734334391304,1.0
783,ShiryaevRobertsHybrid(h=20.0),1.2842698549121045,58.22400418930341,1.0
784,ShiryaevRobertsHybrid(h=20.0),1.1966995660574686,59.420703755360876,1.0
785,ShiryaevRobertsHybrid(h=20.0),2.5013187515168096,61.92202250687769,1.0
786,ShiryaevRobertsHybrid(h=20.0),1.7359871894461025,63.65800969632379,1.0
787,ShiryaevRobertsHybrid(h=20.0),1.0343275640126035,64.69233726033639,1.0
788,ShiryaevRobertsHybrid(h=20.0),0.318465702141536,65.01080296247792,1.0
789,ShiryaevRobertsHybrid(h=20.0),-2.1783485045640893,62.83245445791383,1.0
790,ShiryaevRobertsHybrid(h=20.0),0.9889752409562911,63.821429698870126,1.0
791,ShiryaevRobertsHybrid(h=20.0),0.6735888936380143,64.49501859250815,1.0
792,ShiryaevRobertsHybrid(h=20.0),0.7605523878721483,65.2555709803803,1.0
793,ShiryaevRobertsHybrid(h=20.0),-1.2833799696486172,63.972191010731684,1.0
794,ShiryaevRobertsHybrid(h=20.0),-0.965977297271335,-0.965977297271335,0.2756830378775213
795,ShiryaevRobertsHybrid(h=20.0),2.3884960911301873,1.4225187938588524,0.8057329801597547
796,ShiryaevRobertsHybrid(h=20.0),0.35625450468222514,1.7787732985410776,0.8555453270302467
797,ShiryaevRobertsHybrid(h=20.0),1.4143440428275618,3.193117341368639,0.9605744474907333
798,ShiryaevRobertsHybrid(h=20.0),0.4409925614425469,3.634109902811186,0.9742719817110609
799,ShiryaevRobertsHybrid(h=20.0),0.4428034844370991,4.076913387248285,0.9833231026525928
800,ShiryaevRobertsHybrid(h=20.0),2.0065698076708043,6.08348319491909,0.9977249672236911
801,ShiryaevRobertsHybrid(h=20.0),-0.22013839563975837,5.863344799279331,0.9971663297288497
802,ShiryaevRobertsHybrid(h=20.0),0.5272274765676986,6.39057227584703,0.9983255125605075
803,ShiryaevRobertsHybrid(h=20.0),-0.15504016596616121,6.235532109880869,0.9980452418098629
804,ShiryaevRobertsHybrid(h=20.0),-0.12154488568869005,6.113987224192178,0.9977931662798215
805,ShiryaevRobertsHybrid(h=20.0),0.02899548313399769,6.142982707326176,0.9978561004922909
806,ShiryaevRobertsHybrid(h=20.0),0.6930277746416584,6.8360104819678345,0.9989267719321737
807,ShiryaevRobertsHybrid(h=20.0),-0.17494316425050147,6.661067317717333,0.9987218560330899
808,ShiryaevRobertsHybrid(h=20.0),3.736906154697909,10.397973472415242,0.9999695067120619
809,ShiryaevRobertsHybrid(h=20.0),-0.7008770225420637,9.697096449873177,0.9999385420839759
810,ShiryaevRobertsHybrid(h=20.0),0.17620854736958963,9.873304997242768,0.9999484705221211
811,ShiryaevRobertsHybrid(h=20.0),-0.12785113937140766,9.74545385787136,0.9999414431462346
812,ShiryaevRobertsHybrid(h=20.0),11.51291546492478,21.25836932279614,0.9999999994143913
813,ShiryaevRobertsHybrid(h=20.0),0.6586916873420372,21.917061010138177,0.9999999996969311
814,ShiryaevRobertsHybrid(h=20.0),2.30819362465354,24.225254634791717,0.9999999999698626
815,ShiryaevRobertsHybrid(h=20.0),-1.701021578990261,22.524233055801457,0.999999999834861
816,ShiryaevRobertsHybrid(h=20.0),0.754300711932822,23.278533767734277,0.9999999999223286
817,ShiryaevRobertsHybrid(h=20.0),1.8737296427701982,25.152263410504474,0.9999999999880735
818,ShiryaevRobertsHybrid(h=20.0),0.5094826886421627,25.661746099146637,0.9999999999928346
819,ShiryaevRobertsHybrid(h=20.0),2.437521398550577,28.099267497697213,0.9999999999993738
820,ShiryaevRobertsHybrid(h=20.0),-0.22164914198825802,27.877618355708954,0.9999999999992186
821,ShiryaevRobertsHybrid(h=20.0),11.51291546492478,39.390533820633735,1.0
822,ShiryaevRobertsHybrid(h=20.0),11.51291546492478,50.903449285558516,1.0
823,ShiryaevRobertsHybrid(h=20.0),-0.03540997201073764,50.868039313547776,1.0
824,ShiryaevRobertsHybrid(h=20.0),-0.1348068076348774,50.733232505912895,1.0
825,ShiryaevRobertsHybrid(h=20.0),11.51291546492478,62.246147970837676,1.0
826,ShiryaevRobertsHybrid(h=20.0),11.51291546492478,73.75906343576246,1.0
827,ShiryaevRobertsHybrid(h=20.0),-0.22842004282937828,73.53064339293307,1.0
828,ShiryaevRobertsHybrid(h=20.0),-0.10431868070006994,73.426324712233,1.0
829,ShiryaevRobertsHybrid(h=20.0),0.06187820566265396,73.48820291789565,1.0
830,ShiryaevRobertsHybrid(h=20.0),-1.407271009276745,72.08093190861891,1.0
831,ShiryaevRobertsHybrid(h=20.0),-0.7336037132781585,-0.7336037132781585,0.3244044160547405
832,ShiryaevRobertsHybrid(h=20.0),-0.8532202654081991,-1.5868239786863576,0.16983121019904845
833,ShiryaevRobertsHybrid(h=20.0),-0.5336725571912153,-2.1204965358775727,0.10712056967309144
834,ShiryaevRobertsHybrid(h=20.0),0.3622894567660382,-1.7582070791115345,0.1470150327100215
835,ShiryaevRobertsHybrid(h=20.0),0.7093812296206784,-1.0488258494908562,0.2594506336771707
836,ShiryaevRobertsHybrid(h=20.0),11.51291546492478,11.51291546492478,0.99999
837,ShiryaevRobertsHybrid(h=20.0),-0.8449475942009385,10.66796787072384,0.9999767217509193
838,ShiryaevRobertsHybrid(h=20.0),2.146024744193052,12.813992614916891,0.9999972775962528
839,ShiryaevRobertsHybrid(h=20.0),0.143458919188583,12.957451534105475,0.9999976414272591
840,ShiryaevRobertsHybrid(h=20.0),0.3439960648175153,13.30144759892299,0.9999983279318272
841,ShiryaevRobertsHybrid(h=20.0),1.4016516372912051,14.703099236214197,0.9999995883529986
842,ShiryaevRobertsHybrid(h=20.0),-1.029487920350674,13.673611315863523,0.9999988475408049
843,ShiryaevRobertsHybrid(h=20.0),0.9184340435150028,14.592045359378526,0.9999995400029771
844,ShiryaevRobertsHybrid(h=20.0),0.6187564180439961,15.210801777422521,0.9999997522391882
845,ShiryaevRobertsHybrid(h=20.0),1.0865705251725788,16.2973723025951,0.9999999164125449
846,ShiryaevRobertsHybrid(h=20.0),0.7849714885458733,17.082343791140975,0.9999999618730261
847,ShiryaevRobertsHybrid(h=20.0),11.51291546492478,28.595259256065752,0.9999999999996187
848,ShiryaevRobertsHybrid(h=20.0),-0.3694331288331692,28.225826127232583,0.9999999999994482
849,ShiryaevRobertsHybrid(h=20.0),-0.2383179238523474,27.987508203380237,0.9999999999992999
850,ShiryaevRobertsHybrid(h=20.0),-0.35133863991979436,27.63616956346044,0.9999999999990052
851,ShiryaevRobertsHybrid(h=20.0),-0.2681681599365166,27.368001403523927,0.999999999998699
852,ShiryaevRobertsHybrid(h=20.0),-0.3689951054850519,26.999006298038875,0.9999999999981186
853,ShiryaevRobertsHybrid(h=20.0),3.0954569522446396,30.094463250283514,0.999999999999915
854,ShiryaevRobertsHybrid(h=20.0),11.51291546492478,41.60737871520829,1.0
855,ShiryaevRobertsHybrid(h=20.0),-0.28684633213935135,41.32053238306894,1.0
856,ShiryaevRobertsHybrid(h=20.0),-0.6177501033963346,40.702782279672604,1.0
857,ShiryaevRobertsHybrid(h=20.0),1.0533864854730057,41.75616876514561,1.0
858,ShiryaevRobertsHybrid(h=20.0),-0.26419369189366254,41.49197507325195,1.0
859,ShiryaevRobertsHybrid(h=20.0),1.3241994996075295,42.81617457285948,1.0
860,ShiryaevRobertsHybrid(h=20.0),0.6672044491293934,43.483379021988874,1.0
861,ShiryaevRobertsHybrid(h=20.0),-1.7721370634870264,41.711241958501844,1.0
862,ShiryaevRobertsHybrid(h=20.0),11.51291546492478,53.224157423426625,1.0
863,ShiryaevRobertsHybrid(h=20.0),11.51291546492478,64.7370728883514,1.0
864,ShiryaevRobertsHybrid(h=20.0),-0.3385432069643316,64.39852968138707,1.0
865,ShiryaevRobertsHybrid(h=20.0),-0.06526502855564015,64.33326465283143,1.0
866,ShiryaevRobertsHybrid(h=20.0),0.7803689108107986,65.11363356364222,1.0
867,ShiryaevRobertsHybrid(h=20.0),0.8489033141394023,65.96253687778163,1.0
868,ShiryaevRobertsHybrid(h=20.0),1.3711338467504304,67.33367072453206,1.0
869,ShiryaevRobertsHybrid(h=20.0),11.51291546492478,78.84658618945683,1.0
870,ShiryaevRobertsHybrid(h=20.0),0.18821700800292798,79.03480319745975,1.0
871,ShiryaevRobertsHybrid(h=20.0),-0.5731477024682705,78.46165549499148,1.0
872,ShiryaevRobertsHybrid(h=20.0),-1.4748653450937403,76.98679014989773,1.0
873,ShiryaevRobertsHybrid(h=20.0),-0.48648912552768325,-0.48648912552768325,0.3807209880174242
874,ShiryaevRobertsHybrid(h=20.0),0.36422130760312516,-0.1222678179245581,0.46947106852928466
875,ShiryaevRobertsHybrid(h=20.0),11.51291546492478,11.51291546492478,0.99999
876,ShiryaevRobertsHybrid(h=20.0),-0.22204134702759798,11.29087411789718,0.999987513801007
877,ShiryaevRobertsHybrid(h=20.0),0.6952616609684451,11.986135778865625,0.999993770048492
878,ShiryaevRobertsHybrid(h=20.0),0.38497782754466053,12.371113606410287,0.9999957607230999
879,ShiryaevRobertsHybrid(h=20.0),3.090952116002686,15.462065722412973,0.9999998072874073
880,ShiryaevRobertsHybrid(h=20.0),11.51291546492478,26.974981187337754,0.9999999999980729
881,ShiryaevRobertsHybrid(h=20.0),-0.23816191239394166,26.736819274943812,0.9999999999975546
882,ShiryaevRobertsHybrid(h=20.0),-0.1878780328918282,26.548941242051985,0.9999999999970492
883,ShiryaevRobertsHybrid(h=20.0),2.3539573235177254,28.90289856556971,0.9999999999997198
884,ShiryaevRobertsHybrid(h=20.0),1.4150894769136133,30.317988042483325,0.9999999999999318
885,ShiryaevRobertsHybrid(h=20.0),11.51291546492478,41.8309035074081,1.0
886,ShiryaevRobertsHybrid(h=20.0),1.2377863166183485,43.06868982402645,1.0
887,ShiryaevRobertsHybrid(h=20.0),-0.031153028230123433,43.03753679579633,1.0
888,ShiryaevRobertsHybrid(h=20.0),1.2494027037395818,44.28693949953591,1.0
889,ShiryaevRobertsHybrid(h=20.0),2.6275075596675572,46.91444705920347,1.0
890,ShiryaevRobertsHybrid(h=20.0),1.704677484269017,48.61912454347249,1.0
891,ShiryaevRobertsHybrid(h=20.0),1.1102848331634347,49.72940937663592,1.0
892,ShiryaevRobertsHybrid(h=20.0),2.442379737948074,52.171789114583994,1.0
893,ShiryaevRobertsHybrid(h=20.0),2.9611680900578174,55.13295720464181,1.0
894,ShiryaevRobertsHybrid(h=20.0),11.51291546492478,66.64587266956659,1.0
895,ShiryaevRobertsHybrid(h=20.0),1.3529589926946946,67.99883166226128,1.0
896,ShiryaevRobertsHybrid(h=20.0),0.2001235423569018,68.19895520461819,1.0
897,ShiryaevRobertsHybrid(h=20.0),0.5928295228143451,68.79178472743253,1.0
898,ShiryaevRobertsHybrid(h=20.0),3.230134884008033,72.02191961144057,1.0
899,ShiryaevRobertsHybrid(h=20.0),-0.5974849912200354,71.42443462022054,1.0
900,ShiryaevRobertsHybrid(h=20.0),0.8983095590992655,72.3227441793198,1.0
901,ShiryaevRobertsHybrid(h=20.0),-0.07203771153448482,72.2507064677853,1.0
902,ShiryaevRobertsHybrid(h=20.0),0.44152961464436613,72.69223608242967,1.0
903,ShiryaevRobertsHybrid(h=20.0),4.0899508148445225,76.7821868972742,1.0
904,ShiryaevRobertsHybrid(h=20.0),0.6514170492858059,77.43360394656001,1.0
905,ShiryaevRobertsHybrid(h=20.0),0.4638662840148105,77.89747023057483,1.0
906,ShiryaevRobertsHybrid(h=20.0),-1.4367885176045834,76.46068171297024,1.0
907,ShiryaevRobertsHybrid(h=20.0),1.5428322218209767,78.00351393479121,1.0
908,ShiryaevRobertsHybrid(h=20.0),1.3470398244328294,79.35055375922404,1.0
909,ShiryaevRobertsHybrid(h=20.0),11.51291546492478,90.86346922414882,1.0
910,ShiryaevRobertsHybrid(h=20.0),0.030668521624501913,90.89413774577332,1.0
911,ShiryaevRobertsHybrid(h=20.0),0.6890029813431803,91.5831407271165,1.0
912,ShiryaevRobertsHybrid(h=20.0),0.7300448070920471,92.31318553420854,1.0
913,ShiryaevRobertsHybrid(h=20.0),11.51291546492478,103.82610099913332,1.0
914,ShiryaevRobertsHybrid(h=20.0),0.2876117122980149,104.11371271143133,1.0
915,ShiryaevRobertsHybrid(h=20.0),0.7708579565171492,104.88457066794848,1.0
916,ShiryaevRobertsHybrid(h=20.0),1.279525251653346,106.16409591960182,1.0
917,ShiryaevRobertsHybrid(h=20.0),0.6454426335599799,106.8095385531618,1.0
918,ShiryaevRobertsHybrid(h=20.0),-0.13592924581032143,106.67360930735148,1.0
919,ShiryaevRobertsHybrid(h=20.0),0.6554030731658976,107.32901238051738,1.0
920,ShiryaevRobertsHybrid(h=20.0),2.4710819058532056,109.8000942863706,1.0
921,ShiryaevRobertsHybrid(h=20.0),-0.8854706484882267,108.91462363788237,1.0
922,ShiryaevRobertsHybrid(h=20.0),0.5748906617171817,109.48951429959955,1.0
923,ShiryaevRobertsHybrid(h=20.0),-0.4474645723490133,109.04204972725053,1.0
924,ShiryaevRobertsHybrid(h=20.0),3.1400278628734277,112.18207759012395,1.0
925,ShiryaevRobertsHybrid(h=20.0),-1.7902348829013985,110.39184270722255,1.0
926,ShiryaevRobertsHybrid(h=20.0),-0.2723777843933686,110.11946492282918,1.0
927,ShiryaevRobertsHybrid(h=20.0),0.9107986455001007,111.03026356832927,1.0
928,ShiryaevRobertsHybrid(h=20.0),11.51291546492478,122.54317903325405,1.0
929,ShiryaevRobertsHybrid(h=20.0),0.32390207260453224,122.86708110585857,1.0
930,ShiryaevRobertsHybrid(h=20.0),-0.2678290318121646,122.5992520740464,1.0
931,ShiryaevRobertsHybrid(h=20.0),11.51291546492478,134.1121675389712,1.0
932,ShiryaevRobertsHybrid(h=20.0),-1.617167841706195,132.494999697265,1.0
933,ShiryaevRobertsHybrid(h=20.0),-11.512915464920228,-11.512915464920228,1e-05
934,ShiryaevRobertsHybrid(h=20.0),1.0048156311495826,-10.508099833770645,2.731356349847779e-05
935,ShiryaevRobertsHybrid(h=20.0),-0.20316097569721983,-10.711260809467865,2.229199078337152e-05
936,ShiryaevRobertsHybrid(h=20.0),-0.8778179615392346,-11.589078771007099,9.26665543760777e-06
937,ShiryaevRobertsHybrid(h=20.0),1.4663825861739581,-10.12269618483314,4.015609426235779e-05
938,ShiryaevRobertsHybrid(h=20.0),0.7224223603448293,0.7224223603448293,0.6731402141313596
939,ShiryaevRobertsHybrid(h=20.0),-0.2786841211179557,0.4437382392268736,0.6091494169486442
940,ShiryaevRobertsHybrid(h=20.0),-1.289669950293071,-0.8459317110661975,0.30028696972147684
941,ShiryaevRobertsHybrid(h=20.0),1.8297941170556153,1.8297941170556153,0.8617371984840433
942,ShiryaevRobertsHybrid(h=20.0),1.3557024989602022,3.1854966160158176,0.9602848264996247
943,ShiryaevRobertsHybrid(h=20.0),0.28285995812392317,3.4683565741397406,0.9697738827686111
944,ShiryaevRobertsHybrid(h=20.0),11.51291546492478,14.98127203906452,0.999999688314868
945,ShiryaevRobertsHybrid(h=20.0),-0.9495537758989776,14.031718263165542,0.999999194432685
946,ShiryaevRobertsHybrid(h=20.0),-1.7959691303740684,-1.7959691303740684,0.1423424487225783
947,ShiryaevRobertsHybrid(h=20.0),-0.43711937138668533,-2.233088501760754,0.09681823210587462
948,ShiryaevRobertsHybrid(h=20.0),0.3487902834247959,-1.884298218335958,0.13189595094345252
949,ShiryaevRobertsHybrid(h=20.0),0.7217934960543161,-1.1625047222816418,0.23821246201301147
950,ShiryaevRobertsHybrid(h=20.0),0.11062942424068721,-1.0518752980409547,0.2588651547509701
951,ShiryaevRobertsHybrid(h=20.0),0.8741891223459618,0.8741891223459618,0.705616618954289
952,ShiryaevRobertsHybrid(h=20.0),-1.239413030792558,-0.36522390844659613,0.40969559581116516
953,ShiryaevRobertsHybrid(h=20.0),11.51291546492478,11.51291546492478,0.99999
954,ShiryaevRobertsHybrid(h=20.0),0.30373226890393107,11.81664773382871,0.9999926193962552
955,ShiryaevRobertsHybrid(h=20.0),2.6692691725343263,14.485916906363036,0.9999994884995737
956,ShiryaevRobertsHybrid(h=20.0),0.8607513257126749,15.34666823207571,0.999999783714912
957,ShiryaevRobertsHybrid(h=20.0),1.0305678250149963,16.377236057090705,0.9999999228285399
958,ShiryaevRobertsHybrid(h=20.0),1.2135709868762383,17.590807043966944,0.9999999770697093
959,ShiryaevRobertsHybrid(h=20.0),1.0166142297788408,18.607421273745786,0.9999999917034103
960,ShiryaevRobertsHybrid(h=20.0),1.3419889177120052,19.94941019145779,0.9999999978318903
961,ShiryaevRobertsHybrid(h=20.0),6.67996967372588,26.629379865183672,0.9999999999972773
962,ShiryaevRobertsHybrid(h=20.0),0.6586468246810986,27.288026689864772,0.9999999999985909
963,ShiryaevRobertsHybrid(h=20.0),1.4676578339635469,28.755684523828318,0.9999999999996751
964,ShiryaevRobertsHybrid(h=20.0),0.2944257859904214,29.050110309818738,0.999999999999758
965,ShiryaevRobertsHybrid(h=20.0),11.51291546492478,40.563025774743515,1.0
966,ShiryaevRobertsHybrid(h=20.0),-0.4176370999892521,40.145388674754265,1.0
967,ShiryaevRobertsHybrid(h=20.0),11.51291546492478,51.658304139679046,1.0
968,ShiryaevRobertsHybrid(h=20.0),0.355508002246686,52.01381214192573,1.0
969,ShiryaevRobertsHybrid(h=20.0),-1.5801978083222017,50.43361433360353,1.0
970,ShiryaevRobertsHybrid(h=20.0),0.5685621147384459,51.00217644834198,1.0
971,ShiryaevRobertsHybrid(h=20.0),-0.42347922448333986,50.57869722385864,1.0
972,ShiryaevRobertsHybrid(h=20.0),1.7519061719341638,52.33060339579281,1.0
973,ShiryaevRobertsHybrid(h=20.0),-0.38794205858617664,51.94266133720663,1.0
974,ShiryaevRobertsHybrid(h=20.0),-0.13562764239291178,51.80703369481372,1.0
975,ShiryaevRobertsHybrid(h=20.0),-3.3733819598199726,-3.3733819598199726,0.0331377807163406
976,ShiryaevRobertsHybrid(h=20.0),-0.14301082489095773,-3.51639278471093,0.02884938806136299
977,ShiryaevRobertsHybrid(h=20.0),-11.512915464920228,-15.029308249631159,2.970668775078537e-07
978,ShiryaevRobertsHybrid(h=20.0),-1.94747309501882,-16.97678134464998,4.2371859460373414e-08
979,ShiryaevRobertsHybrid(h=20.0),1.5723924031440561,-15.404388941505923,2.0415442469715067e-07
980,ShiryaevRobertsHybrid(h=20.0),1.6268673683213861,1.6268673683213861,0.8357400475952497
981,ShiryaevRobertsHybrid(h=20.0),0.9826679170790692,2.6095352854004554,0.931472738897185
982,ShiryaevRobertsHybrid(h=20.0),-0.8005533842520604,1.8089819011483952,0.8592387827883081
983,ShiryaevRobertsHybrid(h=20.0),0.3461621137560944,2.1551440149044896,0.896148488197556
984,ShiryaevRobertsHybrid(h=20.0),0.40096395359008874,2.556107968494578,0.9279827832748372
985,ShiryaevRobertsHybrid(h=20.0),-1.0853728959417224,1.4707350725528558,0.8131690877285106
986,ShiryaevRobertsHybrid(h=20.0),11.51291546492478,12.983650537477635,0.9999977024169493
987,ShiryaevRobertsHybrid(h=20.0),1.8421999773621178,14.825850514839752,0.9999996359049508
988,ShiryaevRobertsHybrid(h=20.0),0.1350478671837706,14.960898382023522,0.9999996818995743
989,ShiryaevRobertsHybrid(h=20.0),0.43918892856255365,15.400087310586077,0.999999794965487
990,ShiryaevRobertsHybrid(h=20.0),0.6745214292976246,16.0746087398837,0.9999998955553786
991,ShiryaevRobertsHybrid(h=20.0),-11.512915464920228,-11.512915464920228,1e-05
992,ShiryaevRobertsHybrid(h=20.0),0.1034793801530076,-11.40943608476722,1.1090217161583541e-05
993,ShiryaevRobertsHybrid(h=20.0),-0.4246494041286276,-11.834085488895848,7.253019145346532e-06
994,ShiryaevRobertsHybrid(h=20.0),-0.8496132329642684,-12.683698721860116,3.1012607886928123e-06
995,ShiryaevRobertsHybrid(h=20.0),0.06270018163345342,-12.620998540226664,3.301935183363596e-06
996,ShiryaevRobertsHybrid(h=20.0),11.51291546492478,11.51291546492478,0.99999
997,ShiryaevRobertsHybrid(h=20.0),1.3385589315995285,12.851474396524308,0.9999973777478726
998,ShiryaevRobertsHybrid(h=20.0),-0.28737634160999653,12.56409805491431,0.9999965047356558
999,ShiryaevRobertsHybrid(h=20.0),1.2183601321854685,13.78245818709978,0.9999989663963998
0,PageHinkleyHybrid(h=5.0),1.093361822300096,1.093361822300096,0.7490142459033697
1,PageHinkleyHybrid(h=5.0),0.2351605871885146,1.3285224094886106,0.7905961189568046
2,PageHinkleyHybrid(h=5.0),1.3510825861560942,2.679604995644705,0.9358124007345711
3,PageHinkleyHybrid(h=5.0),11.51291546492478,11.51291546492478,0.99999
4,PageHinkleyHybrid(h=5.0),0.11915673597567286,11.632072200900453,0.9999911233034263
5,PageHinkleyHybrid(h=5.0),0.11917650733055411,11.751248708231007,0.999992120582575
6,PageHinkleyHybrid(h=5.0),11.51291546492478,11.51291546492478,0.99999
7,PageHinkleyHybrid(h=5.0),1.5872611619387442,13.100176626863524,0.9999979551347676
8,PageHinkleyHybrid(h=5.0),-0.16373407863388326,12.93644254822964,0.9999975913519834
9,PageHinkleyHybrid(h=5.0),1.167915429123424,14.104357977353065,0.9999992508740624
10,PageHinkleyHybrid(h=5.0),-0.15641937935367184,13.947938597999393,0.9999991240348008
11,PageHinkleyHybrid(h=5.0),-0.15921116361118412,13.788727434388209,0.99999897285604
12,PageHinkleyHybrid(h=5.0),0.7199167358457066,14.508644170233914,0.9999994999934658
13,PageHinkleyHybrid(h=5.0),-3.6226860396377574,10.885958130596157,0.9999812811000065
14,PageHinkleyHybrid(h=5.0),-2.4085286732413422,-2.4085286732413422,0.08252465024609011
15,PageHinkleyHybrid(h=5.0),-0.27649312832750483,-2.685021801568847,0.06386299209483472
16,PageHinkleyHybrid(h=5.0),-0.8656959975445164,-3.5507177991133636,0.027903097232491042
17,PageHinkleyHybrid(h=5.0),0.8201783604936758,-2.730539438619688,0.06119516456373772
18,PageHinkleyHybrid(h=5.0),-0.7190928385282216,-3.4496322771479093,0.030779827530694744
19,PageHinkleyHybrid(h=5.0),-1.5415580823392778,-4.991190359487187,0.006751673166381492
20,PageHinkleyHybrid(h=5.0),11.51291546492478,11.51291546492478,0.99999
21,PageHinkleyHybrid(h=5.0),0.1292480641024535,11.642163529027233,0.9999912124298388
22,PageHinkleyHybrid(h=5.0),0.4906454046978576,12.13280893372509,0.9999946199576591
23,PageHinkleyHybrid(h=5.0),-1.5674827334515828,10.565326200273509,0.9999742055703666
24,PageHinkleyHybrid(h=5.0),-0.25462612048669714,10.31070007978681,0.9999667259703078
25,PageHinkleyHybrid(h=5.0),0.5463001698811727,10.857000249667983,0.9999807311261674
26,PageHinkleyHybrid(h=5.0),-1.073690289822031,9.783309959845953,0.9999436183238447
27,PageHinkleyHybrid(h=5.0),0.9085795435433601,10.691889503389312,0.9999772719845051
28,PageHinkleyHybrid(h=5.0),-0.3235600057407681,10.368329497648544,0.9999685892670221
29,PageHinkleyHybrid(h=5.0),0.04997790051089773,10.418307398159442,0.9999701204804793
30,PageHinkleyHybrid(h=5.0),-0.32487548567991636,-0.32487548567991636,0.41948801633118094
31,PageHinkleyHybrid(h=5.0),11.51291546492478,11.51291546492478,0.99999
32,PageHinkleyHybrid(h=5.0),0.3886215958947493,11.901537060819528,0.9999932200704084
33,PageHinkleyHybrid(h=5.0),-0.931173382352523,10.970363678467006,0.9999827962105647
34,PageHinkleyHybrid(h=5.0),1.7094387520797427,12.679802430546749,0.9999968866322628
35,PageHinkleyHybrid(h=5.0),-1.1872735989060132,11.492528831640735,0.9999897940435011
36,PageHinkleyHybrid(h=5.0),0.6751665920419747,12.16769542368271,0.9999948044112997
37,PageHinkleyHybrid(h=5.0),-4.4024627950158335,-4.4024627950158335,0.012098962836067302
38,PageHinkleyHybrid(h=5.0),-1.3766709913219892,-5.779133786337823,0.0030818648024641274
39,PageHinkleyHybrid(h=5.0),0.6591008179508016,-5.120032968387021,0.0059403275155244205
40,PageHinkleyHybrid(h=5.0),1.526815963889893,-3.593217004497128,0.026773167608499335
41,PageHinkleyHybrid(h=5.0),0.625244930800677,-2.967972073696451,0.04889394208894797
42,PageHinkleyHybrid(h=5.0),0.2627228696655296,-2.7052492040309217,0.0626643221810644
43,PageHinkleyHybrid(h=5.0),0.038680387281930115,-2.666568816748992,0.0649751135857406
44,PageHinkleyHybrid(h=5.0),-1.6849326959776998,-4.351501512726692,0.012723474274125682
45,PageHinkleyHybrid(h=5.0),-0.4724068307469765,-4.8239083434736685,0.00797126918885997
46,PageHinkleyHybrid(h=5.0),-0.15306467002892413,-4.976973013502593,0.006847687642456532
47,PageHinkleyHybrid(h=5.0),2.4040638493045856,-2.5729091641980073,0.0709024227165644
48,PageHinkleyHybrid(h=5.0),0.8620342245734769,-1.7108749396245304,0.15305026651275508
49,PageHinkleyHybrid(h=5.0),-2.5700961684477854,-4.280971108072316,0.01364058712993914
50,PageHinkleyHybrid(h=5.0),0.8341191192271639,-3.4468519888451516,0.030862878578352612
51,PageHinkleyHybrid(h=5.0),-0.062118703754302215,-3.508970692599454,0.029058062324652887
52,PageHinkleyHybrid(h=5.0),-0.4183009055847059,-0.4183009055847059,0.39692339990821224
53,PageHinkleyHybrid(h=5.0),1.2861975320065213,0.8678966264218154,0.704307841303941
54,PageHinkleyHybrid(h=5.0),2.3051159786759357,3.173012605097751,0.9598059674067965
55,PageHinkleyHybrid(h=5.0),1.9866100537871694,5.1596226588849206,0.9942889369111113
56,PageHinkleyHybrid(h=5.0),-0.6268076604567732,4.532814998428147,0.9893639701083161
57,PageHinkleyHybrid(h=5.0),0.02894717013859273,4.56176216856674,0.9896643030247053
58,PageHinkleyHybrid(h=5.0),0.8443426032190158,5.406104771785756,0.9955309696512401
59,PageHinkleyHybrid(h=5.0),2.1182413286294848,2.1182413286294848,0.8926635381367077
60,PageHinkleyHybrid(h=5.0),-0.1754578330210907,1.942783495608394,0.874657621120628
61,PageHinkleyHybrid(h=5.0),0.17767516819017284,2.120458663798567,0.8928758079694886
62,PageHinkleyHybrid(h=5.0),-1.0042863557543196,1.1161723080442474,0.7532780288381284
63,PageHinkleyHybrid(h=5.0),-1.1464504891485003,-0.030278181104252955,0.4924310329641576
64,PageHinkleyHybrid(h=5.0),1.6864577150497344,1.6561795339454815,0.8397244840650193
65,PageHinkleyHybrid(h=5.0),11.51291546492478,11.51291546492478,0.99999
66,PageHinkleyHybrid(h=5.0),0.31619622158418176,11.829111686508961,0.9999927108161704
67,PageHinkleyHybrid(h=5.0),2.2090567769715825,14.038168463480543,0.9999991996120297
68,PageHinkleyHybrid(h=5.0),0.8880655440652678,14.926234007545812,0.9999996706794804
69,PageHinkleyHybrid(h=5.0),-0.37860219999547645,14.547631807550335,0.999999519112407
70,PageHinkleyHybrid(h=5.0),0.8877163451181581,15.435348152668492,0.9999998020691977
71,PageHinkleyHybrid(h=5.0),11.51291546492478,11.51291546492478,0.99999
72,PageHinkleyHybrid(h=5.0),0.36087482604525073,11.87379029097003,0.999993029316408
73,PageHinkleyHybrid(h=5.0),11.51291546492478,11.51291546492478,0.99999
74,PageHinkleyHybrid(h=5.0),-11.512915464920228,-11.512915464920228,1e-05
75,PageHinkleyHybrid(h=5.0),1.7079542389081912,-9.804961226012036,5.5174128471346074e-05
76,PageHinkleyHybrid(h=5.0),0.5155820396568971,-9.28937918635514,9.23918688643479e-05
77,PageHinkleyHybrid(h=5.0),0.04119700505873351,-9.248182181296405,9.627725431299127e-05
78,PageHinkleyHybrid(h=5.0),0.5216274209955609,-8.726554760300845,0.0001621940714965287
79,PageHinkleyHybrid(h=5.0),-5.587791563779945,-5.587791563779945,0.0037293256197321
80,PageHinkleyHybrid(h=5.0),0.13660577384122854,-5.451185789938716,0.004272877367454415
81,PageHinkleyHybrid(h=5.0),0.8815039110743812,-4.569681878864335,0.010255000647600576
82,PageHinkleyHybrid(h=5.0),11.51291546492478,11.51291546492478,0.99999
83,PageHinkleyHybrid(h=5.0),-0.22284187157063606,11.290073593354142,0.9999875038016216
84,PageHinkleyHybrid(h=5.0),-0.5864407868543062,10.703632806499837,0.9999775373194811
85,PageHinkleyHybrid(h=5.0),-0.2028006728827269,10.50083213361711,0.9999724872120986
86,PageHinkleyHybrid(h=5.0),1.9424461739465209,12.44327830756363,0.9999960558703604
87,PageHinkleyHybrid(h=5.0),0.840760362190399,13.284038669754029,0.9999982985681065
88,PageHinkleyHybrid(h=5.0),-0.23681278396640532,13.047225885787624,0.9999978439399263
89,PageHinkleyHybrid(h=5.0),1.1199542485924217,14.167180134380045,0.9999992964879543
90,PageHinkleyHybrid(h=5.0),0.5284574497298388,14.695637584109884,0.9999995852699451
91,PageHinkleyHybrid(h=5.0),2.096817762048256,16.79245534615814,0.9999999490517485
92,PageHinkleyHybrid(h=5.0),-0.4499019783174888,16.34255336784065,0.9999999201050705
93,PageHinkleyHybrid(h=5.0),0.0068054503482797585,16.349358818188932,0.9999999206469455
94,PageHinkleyHybrid(h=5.0),-0.07055904283643726,16.278799775352496,0.9999999148456088
95,PageHinkleyHybrid(h=5.0),-1.6512097490546316,-1.6512097490546316,0.1609455155603644
96,PageHinkleyHybrid(h=5.0),0.7946834999678606,-0.856526249086771,0.29806562233900336
97,PageHinkleyHybrid(h=5.0),0.7460462244786675,-0.11048002460810347,0.4724080533712216
98,PageHinkleyHybrid(h=5.0),0.4118610388652322,0.3013810142571287,0.5747800824678925
99,PageHinkleyHybrid(h=5.0),0.11863438391882838,0.4200153981759571,0.6034869345071192
100,PageHinkleyHybrid(h=5.0),-1.5479069350400911,-1.127891536864134,0.24455042017318965
101,PageHinkleyHybrid(h=5.0),-0.10487039369731217,-1.2327619305614461,0.22569838889750435
102,PageHinkleyHybrid(h=5.0),-0.011257538721650206,-1.2440194692830964,0.22373711395029072
103,PageHinkleyHybrid(h=5.0),-0.5783305728218663,-0.5783305728218663,0.3593168192335143
104,PageHinkleyHybrid(h=5.0),0.20719521606443853,-0.37113535675742776,0.4082667078611326
105,PageHinkleyHybrid(h=5.0),0.9504976927728337,0.5793623360154059,0.6409206666655445
106,PageHinkleyHybrid(h=5.0),11.51291546492478,11.51291546492478,0.99999
107,PageHinkleyHybrid(h=5.0),0.6294879345828027,12.142403399507582,0.999994671329181
108,PageHinkleyHybrid(h=5.0),0.7412316123399902,12.883635011847574,0.9999974607392209
109,PageHinkleyHybrid(h=5.0),0.31320030015450145,13.196835312002076,0.9999981435363966
110,PageHinkleyHybrid(h=5.0),-3.6897879434353613,9.507047368566715,0.999925679348101
111,PageHinkleyHybrid(h=5.0),0.37242923825902574,0.37242923825902574,0.5920458373652349
112,PageHinkleyHybrid(h=5.0),0.481360404498292,0.8537896427573177,0.701361501801541
113,PageHinkleyHybrid(h=5.0),11.51291546492478,11.51291546492478,0.99999
114,PageHinkleyHybrid(h=5.0),0.169572009471269,11.682487474396048,0.9999915597270912
115,PageHinkleyHybrid(h=5.0),0.8022903817792333,12.484777856175281,0.9999962161995373
116,PageHinkleyHybrid(h=5.0),0.3622561279340075,12.847033984109288,0.9999973660781323
117,PageHinkleyHybrid(h=5.0),-1.101833076254119,11.74520090785517,0.9999920727854211
118,PageHinkleyHybrid(h=5.0),2.803169250634786,14.548370158489956,0.9999995194673394
119,PageHinkleyHybrid(h=5.0),1.5546193594717985,16.102989517961753,0.9999998984779296
120,PageHinkleyHybrid(h=5.0),1.6383447697612363,17.74133428772299,0.9999999802741191
121,PageHinkleyHybrid(h=5.0),-0.7209502598743726,17.020384027848618,0.9999999594359678
122,PageHinkleyHybrid(h=5.0),11.51291546492478,11.51291546492478,0.99999
123,PageHinkleyHybrid(h=5.0),-1.5201143516538718,9.992801113270907,0.9999542741530041
124,PageHinkleyHybrid(h=5.0),1.2428351532226163,11.235636266493524,0.9999868046948474
125,PageHinkleyHybrid(h=5.0),11.51291546492478,11.51291546492478,0.99999
126,PageHinkleyHybrid(h=5.0),-0.8338145775846707,10.679100887340109,0.9999769794648585
127,PageHinkleyHybrid(h=5.0),-0.28139959105368023,10.397701296286428,0.9999694984116402
128,PageHinkleyHybrid(h=5.0),0.5317681463297265,10.929469442616154,0.9999820781042191
129,PageHinkleyHybrid(h=5.0),-0.2048845033967007,10.724584939219454,0.9999780030540877
130,PageHinkleyHybrid(h=5.0),-1.8591601728204052,-1.8591601728204052,0.1348009706801601
131,PageHinkleyHybrid(h=5.0),0.4919635801898324,-1.367196592630573,0.2030731566846321
132,PageHinkleyHybrid(h=5.0),-0.9379783569425223,-2.3051749495730953,0.09069527982481179
133,PageHinkleyHybrid(h=5.0),1.0567957304057976,-1.2483792191672978,0.22298082983908377
134,PageHinkleyHybrid(h=5.0),-0.7346610358545583,-1.983040255021856,0.12099511789484024
135,PageHinkleyHybrid(h=5.0),11.51291546492478,11.51291546492478,0.99999
136,PageHinkleyHybrid(h=5.0),-0.5536240449938881,10.95929141993089,0.9999826046706407
137,PageHinkleyHybrid(h=5.0),0.013526386785265073,10.972817806716156,0.9999828383783819
138,PageHinkleyHybrid(h=5.0),1.6887155325209424,12.6615333392371,0.9999968292313085
139,PageHinkleyHybrid(h=5.0),-1.2041335060522622,11.457399833184837,0.9999894291506243
140,PageHinkleyHybrid(h=5.0),0.700226464638256,12.157626297823093,0.9999947518322695
141,PageHinkleyHybrid(h=5.0),4.838440111462973,16.996066409286065,0.9999999584374557
142,PageHinkleyHybrid(h=5.0),-2.0138633151468635,14.982203094139201,0.9999996886049288
143,PageHinkleyHybrid(h=5.0),0.6428178330827777,15.625020927221978,0.9999998362657402
144,PageHinkleyHybrid(h=5.0),0.7444346881555982,16.369455615377575,0.9999999222257698
145,PageHinkleyHybrid(h=5.0),1.6182008932834968,17.987656508661072,0.9999999845808643
146,PageHinkleyHybrid(h=5.0),-1.2144490665121863,-1.2144490665121863,0.2289147867365754
147,PageHinkleyHybrid(h=5.0),-1.362322982932805,-2.5767720494449913,0.07064837552417158
148,PageHinkleyHybrid(h=5.0),1.1340333414542063,-1.442738707990785,0.19112160217367613
149,PageHinkleyHybrid(h=5.0),0.795893619452655,-0.6468450885381299,0.34370084117152094
150,PageHinkleyHybrid(h=5.0),0.7315615714510475,0.08471648291291756,0.5211664631406507
151,PageHinkleyHybrid(h=5.0),0.8661044201705141,0.9508209030834317,0.7212802382941946
152,PageHinkleyHybrid(h=5.0),-0.4221909941785967,0.528629908904835,0.629163503321657
153,PageHinkleyHybrid(h=5.0),0.7067205157725885,1.2353504246774234,0.7747536515641588
154,PageHinkleyHybrid(h=5.0),0.7904211010414606,2.025771525718884,0.8834764796650894
155,PageHinkleyHybrid(h=5.0),-0.4654464412629664,-0.4654464412629664,0.38569457459208967
156,PageHinkleyHybrid(h=5.0),11.51291546492478,11.51291546492478,0.99999
157,PageHinkleyHybrid(h=5.0),1.0571727120214405,12.57008817694622,0.9999965256100605
158,PageHinkleyHybrid(h=5.0),-1.13842880625653,11.43165937068969,0.9999891535228488
159,PageHinkleyHybrid(h=5.0),1.367439075614003,12.799098446303693,0.9999972367449564
160,PageHinkleyHybrid(h=5.0),-0.8113847192941882,11.987713727009504,0.9999937798712194
161,PageHinkleyHybrid(h=5.0),1.629676962869344,13.617390689878848,0.999998780892969
162,PageHinkleyHybrid(h=5.0),2.8945964674961537,16.511987157375003,0.9999999325572823
163,PageHinkleyHybrid(h=5.0),-0.6023978096990971,15.909589347675906,0.9999998768163457
164,PageHinkleyHybrid(h=5.0),2.0806971472259814,17.990286494901888,0.9999999846213632
165,PageHinkleyHybrid(h=5.0),0.9635613412465699,18.95384783614846,0.9999999941325626
166,PageHinkleyHybrid(h=5.0),1.7083184172436836,20.662166253392144,0.9999999989369952
167,PageHinkleyHybrid(h=5.0),11.51291546492478,11.51291546492478,0.99999
168,PageHinkleyHybrid(h=5.0),0.10563237356983537,11.618547838494614,0.9999910024373692
169,PageHinkleyHybrid(h=5.0),-0.5156107837719653,11.102937054722648,0.9999849322238257
170,PageHinkleyHybrid(h=5.0),-0.6939917794790841,10.408945275243564,0.9999698394396653
171,PageHinkleyHybrid(h=5.0),-0.5960106898012215,-0.5960106898012215,0.3552569145103685
172,PageHinkleyHybrid(h=5.0),0.30993537644015473,-0.2860753133610668,0.4289649656746444
173,PageHinkleyHybrid(h=5.0),0.8584924724830516,0.5724171591219849,0.6393207347176093
174,PageHinkleyHybrid(h=5.0),0.7676265243793439,1.3400436835013287,0.7924971250843902
175,PageHinkleyHybrid(h=5.0),1.7202029420263656,3.0602466255276943,0.9552228468410516
176,PageHinkleyHybrid(h=5.0),0.4217442893956279,3.481990914923322,0.9701709897256791
177,PageHinkleyHybrid(h=5.0),11.51291546492478,11.51291546492478,0.99999
178,PageHinkleyHybrid(h=5.0),0.08245849074155558,11.595373955666334,0.999990791496103
179,PageHinkleyHybrid(h=5.0),11.51291546492478,11.51291546492478,0.99999
180,PageHinkleyHybrid(h=5.0),1.3111181598570907,12.824033624781869,0.9999973047950816
181,PageHinkleyHybrid(h=5.0),-0.6506071386034638,12.173426486178405,0.999994834102228
182,PageHinkleyHybrid(h=5.0),-0.9507587810613929,11.222667705117011,0.9999866324585958
183,PageHinkleyHybrid(h=5.0),1.0707616024579991,12.29342930757501,0.9999954182699422
184,PageHinkleyHybrid(h=5.0),0.13203614527698834,0.13203614527698834,0.5329611644022447
185,PageHinkleyHybrid(h=5.0),1.4775361895230914,1.6095723348000797,0.8333520022698503
186,PageHinkleyHybrid(h=5.0),1.0562396781695995,2.6658120129696794,0.9349788929105595
187,PageHinkleyHybrid(h=5.0),0.3151889876175488,2.981001000587228,0.9517083975975805
188,PageHinkleyHybrid(h=5.0),-0.6368370214037428,2.3441639791834854,0.912469230282168
189,PageHinkleyHybrid(h=5.0),-1.769971826720288,-1.769971826720288,0.14554583259424056
190,PageHinkleyHybrid(h=5.0),-0.1360273027071861,-1.905999129427474,0.12943099671218392
191,PageHinkleyHybrid(h=5.0),1.789937700887714,-0.11606142853976009,0.47101716940711136
192,PageHinkleyHybrid(h=5.0),0.6821936583997019,0.5661322298599418,0.6378702292395344
193,PageHinkleyHybrid(h=5.0),-1.229446211392774,-0.6633139815328322,0.33999556494492067
194,PageHinkleyHybrid(h=5.0),0.6276405764210091,-0.03567340511182304,0.4910825943867827
195,PageHinkleyHybrid(h=5.0),0.9227161369204,0.887042731808577,0.7082795194414998
196,PageHinkleyHybrid(h=5.0),-0.686362374296845,-0.686362374296845,0.3348427691396601
197,PageHinkleyHybrid(h=5.0),0.6020165776618156,-0.08434579663502939,0.4789260430790212
198,PageHinkleyHybrid(h=5.0),0.47879213936658405,0.39444634273155466,0.5973526059939309
199,PageHinkleyHybrid(h=5.0),-1.0610496796923663,-0.6666033369608116,0.33925782720027
200,PageHinkleyHybrid(h=5.0),0.8824816124974656,0.21587827553665395,0.5537609438430421
201,PageHinkleyHybrid(h=5.0),1.1983737588248302,1.4142520343614842,0.8044357349480951
202,PageHinkleyHybrid(h=5.0),2.5110864065790217,3.925338440940506,0.9806464938237369
203,PageHinkleyHybrid(h=5.0),2.3910284625996745,6.31636690354018,0.9981967627705326
204,PageHinkleyHybrid(h=5.0),-1.4716023316369358,4.844764571903244,0.992191975086039
205,PageHinkleyHybrid(h=5.0),-0.7599713428282344,4.08479322907501,0.9834518315017274
206,PageHinkleyHybrid(h=5.0),1.1228154509359956,5.207608680011005,0.9945550597605641
207,PageHinkleyHybrid(h=5.0),1.1207930274819506,6.328401707492956,0.9982182958779668
208,PageHinkleyHybrid(h=5.0),1.1228355657211027,7.451237273214058,0.9994196143881471
209,PageHinkleyHybrid(h=5.0),11.51291546492478,11.51291546492478,0.99999
210,PageHinkleyHybrid(h=5.0),1.215480101117974,12.728395566042753,0.9999970343031617
211,PageHinkleyHybrid(h=5.0),2.763471789309054,15.491867355351808,0.9999998129458224
212,PageHinkleyHybrid(h=5.0),2.0525053829962197,17.544372738348027,0.9999999759798496
213,PageHinkleyHybrid(h=5.0),1.3578950511845307,18.90226778953256,0.9999999938219786
214,PageHinkleyHybrid(h=5.0),0.021677755301760023,18.923945544834318,0.999999993954463
215,PageHinkleyHybrid(h=5.0),1.5693488799817412,20.49329442481606,0.9999999987414361
216,PageHinkleyHybrid(h=5.0),-0.5401510897439648,19.953143335072095,0.9999999978399692
217,PageHinkleyHybrid(h=5.0),0.11594739530196962,20.069090730374064,0.9999999980764449
218,PageHinkleyHybrid(h=5.0),-0.18294480067621835,19.886145929697847,0.9999999976902947
219,PageHinkleyHybrid(h=5.0),0.5089582909392062,0.5089582909392062,0.6245622418158967
220,PageHinkleyHybrid(h=5.0),11.51291546492478,11.51291546492478,0.99999
221,PageHinkleyHybrid(h=5.0),-3.1827399022126013,8.330175562712178,0.9997589284217425
222,PageHinkleyHybrid(h=5.0),1.423445903974526,9.753621466686704,0.9999419194401923
223,PageHinkleyHybrid(h=5.0),-2.029061692407611,-2.029061692407611,0.11618523864310443
224,PageHinkleyHybrid(h=5.0),-0.16670322551207345,-2.1957649179196843,0.10013144607074781
225,PageHinkleyHybrid(h=5.0),2.5368511115763575,0.34108619365667314,0.5844543482089549
226,PageHinkleyHybrid(h=5.0),0.4865103059380912,0.8275964995947643,0.6958464825904827
227,PageHinkleyHybrid(h=5.0),-0.961007276749074,-0.1334107771543097,0.46669668663769015
228,PageHinkleyHybrid(h=5.0),-0.4666523739695906,-0.6000631511239003,0.35432924592519033
229,PageHinkleyHybrid(h=5.0),1.4107190040556419,0.8106558529317416,0.6922492449742795
230,PageHinkleyHybrid(h=5.0),-0.48577229888145174,-0.48577229888145174,0.38089001048485893
231,PageHinkleyHybrid(h=5.0),0.6853763147341951,0.1996040158527434,0.5497359827406136
232,PageHinkleyHybrid(h=5.0),0.4627719440946494,0.6623759599473928,0.6597939127612295
233,PageHinkleyHybrid(h=5.0),-0.3866670568883881,0.27570890305900475,0.5684938919227426
234,PageHinkleyHybrid(h=5.0),11.51291546492478,11.51291546492478,0.99999
235,PageHinkleyHybrid(h=5.0),1.325984852329001,12.83890031725378,0.9999973445673841
236,PageHinkleyHybrid(h=5.0),-11.512915464920228,-11.512915464920228,1e-05
237,PageHinkleyHybrid(h=5.0),0.6452368412444794,-10.867678623675749,1.9064212185372414e-05
238,PageHinkleyHybrid(h=5.0),-0.39936855589155135,-11.2670471795673,1.2787275706170667e-05
239,PageHinkleyHybrid(h=5.0),1.7802683654226275,-9.486778814144673,7.584227832230009e-05
240,PageHinkleyHybrid(h=5.0),-0.565638706043284,-10.052417520187957,4.307961680266481e-05
241,PageHinkleyHybrid(h=5.0),0.26383615015737827,-9.78858137003058,5.6085263824451905e-05
242,PageHinkleyHybrid(h=5.0),1.1066079281424028,-8.681973441888177,0.0001695872450488018
243,PageHinkleyHybrid(h=5.0),1.813020710135784,-6.868952731752393,0.0010384856248408956
244,PageHinkleyHybrid(h=5.0),-1.1531670833543401,-1.1531670833543401,0.23991107788326713
245,PageHinkleyHybrid(h=5.0),-0.0014014832385321812,-1.1545685665928724,0.23965560531971322
246,PageHinkleyHybrid(h=5.0),-0.1703450966749611,-1.3249136632678336,0.21000194957647342
247,PageHinkleyHybrid(h=5.0),-0.388820679847426,-1.7137343431152596,0.15267998141280242
248,PageHinkleyHybrid(h=5.0),11.51291546492478,11.51291546492478,0.99999
249,PageHinkleyHybrid(h=5.0),0.9518870134819686,12.464802478406748,0.9999961398570387
250,PageHinkleyHybrid(h=5.0),-1.255585187563429,11.209217290843318,0.9999864514474536
251,PageHinkleyHybrid(h=5.0),1.9491926709844065,13.158409961827724,0.9999980708130071
252,PageHinkleyHybrid(h=5.0),11.51291546492478,11.51291546492478,0.99999
253,PageHinkleyHybrid(h=5.0),2.3104593127756226,13.823374777700401,0.999999007834362
254,PageHinkleyHybrid(h=5.0),-1.780924535598948,12.042450242101452,0.9999941111871314
255,PageHinkleyHybrid(h=5.0),-0.18157814338312864,11.860872098718323,0.9999929386842719
256,PageHinkleyHybrid(h=5.0),3.8955691154988847,15.756441214217208,0.9999998564297476
257,PageHinkleyHybrid(h=5.0),-0.4569940509843736,15.299447163232834,0.9999997732567213
258,PageHinkleyHybrid(h=5.0),1.010642294252935,16.31008945748577,0.9999999174688087
259,PageHinkleyHybrid(h=5.0),1.6026627772599829,17.912752234745753,0.9999999833815489
260,PageHinkleyHybrid(h=5.0),-0.7449582746031959,17.167793960142557,0.9999999649956673
261,PageHinkleyHybrid(h=5.0),0.33157435868543433,0.33157435868543433,0.58214239318146
262,PageHinkleyHybrid(h=5.0),-11.512915464920228,-11.512915464920228,1e-05
263,PageHinkleyHybrid(h=5.0),-0.8823854087211996,-12.395300873641428,4.137970897631245e-06
264,PageHinkleyHybrid(h=5.0),0.09699418927237849,-12.29830668436905,4.5594377438972435e-06
265,PageHinkleyHybrid(h=5.0),-1.2329527379221623,-1.2329527379221623,0.2256650454105451
266,PageHinkleyHybrid(h=5.0),11.51291546492478,11.51291546492478,0.99999
267,PageHinkleyHybrid(h=5.0),-1.5788558217074764,9.934059643217303,0.999951507826131
268,PageHinkleyHybrid(h=5.0),-0.12822879711267035,9.805830846104632,0.9999448738285592
269,PageHinkleyHybrid(h=5.0),0.5719897521293033,10.377820598233935,0.9999688859699268
270,PageHinkleyHybrid(h=5.0),11.51291546492478,11.51291546492478,0.99999
271,PageHinkleyHybrid(h=5.0),-1.5910134837552854,9.921901981169494,0.9999509147054326
272,PageHinkleyHybrid(h=5.0),2.9225325169330594,12.844434498102554,0.9999973592224005
273,PageHinkleyHybrid(h=5.0),0.418272992224082,13.262707490326637,0.9999982618847622
274,PageHinkleyHybrid(h=5.0),-0.8210189651838155,12.44168852514282,0.9999960495950904
275,PageHinkleyHybrid(h=5.0),1.0388654898725007,13.480554015015322,0.9999986021223178
276,PageHinkleyHybrid(h=5.0),0.6620373785592917,14.142591393574614,0.9999992789750637
277,PageHinkleyHybrid(h=5.0),-0.3230404880687681,-0.3230404880687681,0.4199349368523616
278,PageHinkleyHybrid(h=5.0),0.4935426124763631,0.170502124407595,0.5425225666089718
279,PageHinkleyHybrid(h=5.0),-0.06239655255178449,0.1081055718558105,0.5270001026513873
280,PageHinkleyHybrid(h=5.0),0.5496535299475893,0.6577591018033998,0.6587568222505966
281,PageHinkleyHybrid(h=5.0),1.3778109701742556,2.0355700719776553,0.8844814146503562
282,PageHinkleyHybrid(h=5.0),11.51291546492478,11.51291546492478,0.99999
283,PageHinkleyHybrid(h=5.0),-1.2159194405096099,10.296996024415169,0.9999662668578784
284,PageHinkleyHybrid(h=5.0),11.51291546492478,11.51291546492478,0.99999
285,PageHinkleyHybrid(h=5.0),-4.227879942201274,-4.227879942201274,0.014373660143249395
286,PageHinkleyHybrid(h=5.0),0.21872573820522975,-4.009154203996045,0.017825233372004635
287,PageHinkleyHybrid(h=5.0),1.2453573513812197,-2.763796852614825,0.05931216868892463
288,PageHinkleyHybrid(h=5.0),0.7735927293575486,-1.9902041232572765,0.12023526889111964
289,PageHinkleyHybrid(h=5.0),-0.35079295798323984,-2.3409970812405163,0.08778403773338042
290,PageHinkleyHybrid(h=5.0),0.1505369379253136,-2.1904601433152027,0.10061044846953167
291,PageHinkleyHybrid(h=5.0),-0.19219052622337165,-0.19219052622337165,0.4520997196023502
292,PageHinkleyHybrid(h=5.0),-0.309689325022122,-0.5018798512454936,0.3770989985819699
293,PageHinkleyHybrid(h=5.0),1.7734051928284345,1.2715253415829408,0.7810037494185627
294,PageHinkleyHybrid(h=5.0),0.881363276432602,2.1528886180155427,0.8959383989644369
295,PageHinkleyHybrid(h=5.0),-0.4383797022583913,1.7145089157571514,0.8474201971685138
296,PageHinkleyHybrid(h=5.0),1.8998978393390742,3.6144067550962253,0.9737734584913391
297,PageHinkleyHybrid(h=5.0),0.8103771002771262,4.424783855373351,0.9881649463258276
298,PageHinkleyHybrid(h=5.0),1.6872232086289953,6.112007064002347,0.9977888017384042
299,PageHinkleyHybrid(h=5.0),1.3182394789535719,7.430246542955919,0.999407310205785
300,PageHinkleyHybrid(h=5.0),-0.6133232331600674,6.816923309795851,0.9989061129175383
301,PageHinkleyHybrid(h=5.0),-0.27391717599082516,6.543006133805026,0.9985619183635589
302,PageHinkleyHybrid(h=5.0),1.5449839796224867,8.087990113427512,0.9996928877594624
303,PageHinkleyHybrid(h=5.0),1.2838892152945973,9.371879328722109,0.9999149239000467
304,PageHinkleyHybrid(h=5.0),0.37940472494822425,0.37940472494822425,0.5937295218107556
305,PageHinkleyHybrid(h=5.0),0.5545829484783426,0.9339876734265669,0.7178835972139395
306,PageHinkleyHybrid(h=5.0),4.075473190399025,5.009460863825592,0.9933697527890952
307,PageHinkleyHybrid(h=5.0),-0.312401848787464,4.697059015038128,0.9909603943276929
308,PageHinkleyHybrid(h=5.0),1.1754527669513906,5.872511781989519,0.9971921146315769
309,PageHinkleyHybrid(h=5.0),0.15769479804353045,6.030206580033049,0.9976007730309916
310,PageHinkleyHybrid(h=5.0),0.13900595481949957,6.169212534852549,0.997911487588468
311,PageHinkleyHybrid(h=5.0),2.581066331233826,8.750278866086376,0.9998416079502288
312,PageHinkleyHybrid(h=5.0),1.7160929953124804,10.466371861398857,0.9999715226162739
313,PageHinkleyHybrid(h=5.0),1.688698253287052,12.155070114685909,0.9999947383999018
314,PageHinkleyHybrid(h=5.0),4.7763411423034725,4.7763411423034725,0.9916436421462986
315,PageHinkleyHybrid(h=5.0),0.43179054331786537,5.208131685621338,0.9945578912566689
316,PageHinkleyHybrid(h=5.0),1.4152067836776807,6.623338469299019,0.9986727771117604
317,PageHinkleyHybrid(h=5.0),0.027681659597723292,6.651020128896742,0.9987089662136587
318,PageHinkleyHybrid(h=5.0),0.8342361975711479,7.48525632646789,0.999439015604465
319,PageHinkleyHybrid(h=5.0),0.2450472353885502,7.73030356185644,0.999560882170303
320,PageHinkleyHybrid(h=5.0),0.5283525542142211,8.25865611607066,0.9997410602346082
321,PageHinkleyHybrid(h=5.0),1.2572196088778018,9.515875724948463,0.9999263325414128
322,PageHinkleyHybrid(h=5.0),-0.5991691811402978,-0.5991691811402978,0.3545337950299582
323,PageHinkleyHybrid(h=5.0),11.51291546492478,11.51291546492478,0.99999
324,PageHinkleyHybrid(h=5.0),-0.8559089774701396,10.65700648745464,0.9999764651915608
325,PageHinkleyHybrid(h=5.0),-1.1761595815734964,9.480846905881142,0.9999237065296721
326,PageHinkleyHybrid(h=5.0),2.8916729372893717,12.372519843170513,0.9999957666803122
327,PageHinkleyHybrid(h=5.0),1.6397345046749872,14.0122543478455,0.9999991785996171
328,PageHinkleyHybrid(h=5.0),1.3083441784993013,15.320598526344801,0.9999997780022851
329,PageHinkleyHybrid(h=5.0),1.3159293114464692,16.63652783779127,0.999999940454666
330,PageHinkleyHybrid(h=5.0),0.3901797435402924,17.026707581331564,0.9999999596916672
331,PageHinkleyHybrid(h=5.0),-0.7044619996847195,-0.7044619996847195,0.3308236885542505
332,PageHinkleyHybrid(h=5.0),0.5012003118751608,-0.20326168780955867,0.44935881281827433
333,PageHinkleyHybrid(h=5.0),-0.41860133597595833,-0.6218630237855169,0.3493578544229963
334,PageHinkleyHybrid(h=5.0),2.116910107410782,1.495047083625265,0.8168346040418832
335,PageHinkleyHybrid(h=5.0),0.22446893056647893,1.7195160141917438,0.8480664854114317
336,PageHinkleyHybrid(h=5.0),-0.6087217419985252,1.1107942721932185,0.7522771586726695
337,PageHinkleyHybrid(h=5.0),0.014337235603814233,0.014337235603814233,0.5035842475041019
338,PageHinkleyHybrid(h=5.0),0.9637872586479657,0.9781244942517799,0.7267359165364689
339,PageHinkleyHybrid(h=5.0),-0.2782509372283818,0.6998735570233982,0.6681597375363643
340,PageHinkleyHybrid(h=5.0),-0.6044166666003081,0.09545689042309002,0.5238461181670363
341,PageHinkleyHybrid(h=5.0),0.7222676044598315,0.8177244948829215,0.6937531001535059
342,PageHinkleyHybrid(h=5.0),0.7240124414465976,1.541736936329519,0.8237170828003993
343,PageHinkleyHybrid(h=5.0),-0.20909025826504532,-0.20909025826504532,0.44791704738866106
344,PageHinkleyHybrid(h=5.0),-0.16562353480477168,-0.374713793069817,0.4074024959233814
345,PageHinkleyHybrid(h=5.0),0.7064441943113665,0.3317304012415495,0.5821803504565943
346,PageHinkleyHybrid(h=5.0),-1.6173207896413844,-1.285590388399835,0.21660011848472993
347,PageHinkleyHybrid(h=5.0),-1.5315920608640465,-1.5315920608640465,0.1777608676870334
348,PageHinkleyHybrid(h=5.0),-0.4706317252203015,-2.002223786084348,0.11896963639298246
349,PageHinkleyHybrid(h=5.0),0.14411231573771371,-1.8581114703466344,0.13492332735211013
350,PageHinkleyHybrid(h=5.0),0.8154623254071038,-1.0426491449395305,0.2606391631386201
351,PageHinkleyHybrid(h=5.0),11.51291546492478,11.51291546492478,0.99999
352,PageHinkleyHybrid(h=5.0),1.7930261189836796,13.305941583908458,0.9999983354292049
353,PageHinkleyHybrid(h=5.0),0.2088293847507977,13.514770968659256,0.9999986491443067
354,PageHinkleyHybrid(h=5.0),0.3817501053824967,13.896521074041752,0.9999990778168568
355,PageHinkleyHybrid(h=5.0),-0.8509138555699464,13.045607218471806,0.999997840447164
356,PageHinkleyHybrid(h=5.0),0.3823760913274781,13.427983309799284,0.9999985266690721
357,PageHinkleyHybrid(h=5.0),0.05362247830868851,0.05362247830868851,0.5134024083239584
358,PageHinkleyHybrid(h=5.0),0.8321794611007381,0.8858019394094266,0.7080230811215861
359,PageHinkleyHybrid(h=5.0),-0.6110017594143784,0.27480017999504824,0.5682709604918063
360,PageHinkleyHybrid(h=5.0),1.12981065402076,1.4046108340158083,0.8029145389576606
361,PageHinkleyHybrid(h=5.0),11.51291546492478,11.51291546492478,0.99999
362,PageHinkleyHybrid(h=5.0),0.27113675546841715,11.784052220393196,0.9999923748597755
363,PageHinkleyHybrid(h=5.0),0.9470102439414367,12.731062464334633,0.999997042201813
364,PageHinkleyHybrid(h=5.0),1.4309108528139438,14.161973317148576,0.9999992928153453
365,PageHinkleyHybrid(h=5.0),-0.08150966429888504,14.08046365284969,0.999999232758652
366,PageHinkleyHybrid(h=5.0),0.695673095272585,14.776136748122276,0.9999996173469491
367,PageHinkleyHybrid(h=5.0),0.4212307510281728,15.197367499150449,0.9999997488882431
368,PageHinkleyHybrid(h=5.0),0.5292271097948046,15.726594608945254,0.9999998520800749
369,PageHinkleyHybrid(h=5.0),-0.5403891321879268,-0.5403891321879268,0.36809706484336
370,PageHinkleyHybrid(h=5.0),0.4361994004421399,-0.10418973174578694,0.47397610467208895
371,PageHinkleyHybrid(h=5.0),1.0954121142543882,0.9912223825086013,0.7293292981591775
372,PageHinkleyHybrid(h=5.0),11.51291546492478,11.51291546492478,0.99999
373,PageHinkleyHybrid(h=5.0),2.0682752593029456,13.581190724227724,0.9999987359528848
374,PageHinkleyHybrid(h=5.0),11.51291546492478,11.51291546492478,0.99999
375,PageHinkleyHybrid(h=5.0),-0.5330932279584953,10.979822236966283,0.9999829581637113
376,PageHinkleyHybrid(h=5.0),1.829449982172278,12.809272219138562,0.9999972647150865
377,PageHinkleyHybrid(h=5.0),0.641102331940095,13.450374551078657,0.9999985592921343
378,PageHinkleyHybrid(h=5.0),11.51291546492478,11.51291546492478,0.99999
379,PageHinkleyHybrid(h=5.0),-0.5861856792284024,10.926729785696377,0.9999820289379372
380,PageHinkleyHybrid(h=5.0),-0.6274743247563931,10.299255460939984,0.9999663429871694
381,PageHinkleyHybrid(h=5.0),-0.3220254633915609,-0.3220254633915609,0.4201822063667934
382,PageHinkleyHybrid(h=5.0),-11.512915464920228,-11.512915464920228,1e-05
383,PageHinkleyHybrid(h=5.0),-0.23194025622709902,-11.744855721147328,7.92995139866461e-06
384,PageHinkleyHybrid(h=5.0),-0.522532670706174,-12.267388391853501,4.702609011315734e-06
385,PageHinkleyHybrid(h=5.0),0.5976484997363057,-11.669739892117196,8.54855375566529e-06
386,PageHinkleyHybrid(h=5.0),0.8593593782796866,-10.81038051383751,2.0188433784441947e-05
387,PageHinkleyHybrid(h=5.0),11.51291546492478,11.51291546492478,0.99999
388,PageHinkleyHybrid(h=5.0),2.0419054568174033,13.554820921742182,0.9999987021768791
389,PageHinkleyHybrid(h=5.0),-0.2943922904677547,13.260428631274428,0.9999982579193327
390,PageHinkleyHybrid(h=5.0),-0.7060347868908219,12.554393844383606,0.9999964706518839
391,PageHinkleyHybrid(h=5.0),1.0857244419109864,13.640118286294593,0.9999988082878197
392,PageHinkleyHybrid(h=5.0),-1.3619100905533494,-1.3619100905533494,0.2039300378938073
393,PageHinkleyHybrid(h=5.0),11.51291546492478,11.51291546492478,0.99999
394,PageHinkleyHybrid(h=5.0),3.028201460320616,14.541116925245396,0.999999515969255
395,PageHinkleyHybrid(h=5.0),-0.16337319536751183,14.377743729877883,0.9999994300654458
396,PageHinkleyHybrid(h=5.0),-2.3627247572287864,-2.3627247572287864,0.08605964127273678
397,PageHinkleyHybrid(h=5.0),11.51291546492478,11.51291546492478,0.99999
398,PageHinkleyHybrid(h=5.0),0.2640761987550044,11.776991663679784,0.9999923208319453
399,PageHinkleyHybrid(h=5.0),3.523349938035629,15.300341601715413,0.9999997734594384
400,PageHinkleyHybrid(h=5.0),-1.9766939857197703,13.323647615995643,0.9999983646427099
401,PageHinkleyHybrid(h=5.0),-0.32200376344895154,-0.32200376344895154,0.4201874931138681
402,PageHinkleyHybrid(h=5.0),0.4120240553978474,0.09002029194889588,0.5224898875177673
403,PageHinkleyHybrid(h=5.0),0.46455494605608877,0.5545752380049846,0.635196428308762
404,PageHinkleyHybrid(h=5.0),-0.14030829416990848,0.4142669438350762,0.6021105692601946
405,PageHinkleyHybrid(h=5.0),1.3060711811869232,1.7203381250219993,0.848172383854422
406,PageHinkleyHybrid(h=5.0),-0.9458813421379382,-0.9458813421379382,0.2797138711852216
407,PageHinkleyHybrid(h=5.0),0.23015523597187576,-0.7157261061660625,0.3283348168534954
408,PageHinkleyHybrid(h=5.0),0.5584278170998935,-0.15729828906616894,0.460756310789829
409,PageHinkleyHybrid(h=5.0),1.121849670985375,0.964551381919206,0.7240321415814227
410,PageHinkleyHybrid(h=5.0),1.472812286408716,2.4373636683279223,0.9196324556709085
411,PageHinkleyHybrid(h=5.0),-1.0324604515558302,1.404903216772092,0.8029608023207133
412,PageHinkleyHybrid(h=5.0),-1.817236939094458,-1.817236939094458,0.1397657487793133
413,PageHinkleyHybrid(h=5.0),4.075691086626745,2.258454147532287,0.9053772819773731
414,PageHinkleyHybrid(h=5.0),0.8458421107323283,3.104296258264615,0.9570696140465442
415,PageHinkleyHybrid(h=5.0),-0.5088888589484636,2.5954073993161515,0.9305654221793257
416,PageHinkleyHybrid(h=5.0),11.51291546492478,11.51291546492478,0.99999
417,PageHinkleyHybrid(h=5.0),0.5524438218933246,12.065359286818104,0.9999942445598782
418,PageHinkleyHybrid(h=5.0),3.0272281296631065,15.09258741648121,0.9999997211488458
419,PageHinkleyHybrid(h=5.0),0.49063302036833073,15.58322043684954,0.9999998292765101
420,PageHinkleyHybrid(h=5.0),11.51291546492478,11.51291546492478,0.99999
421,PageHinkleyHybrid(h=5.0),11.51291546492478,11.51291546492478,0.99999
422,PageHinkleyHybrid(h=5.0),0.10132963470894107,11.61424509963372,0.9999909636401493
423,PageHinkleyHybrid(h=5.0),2.105858437641248,13.72010353727497,0.9999988998946802
424,PageHinkleyHybrid(h=5.0),1.346841576352688,15.066945113627657,0.9999997139059974
425,PageHinkleyHybrid(h=5.0),11.51291546492478,11.51291546492478,0.99999
426,PageHinkleyHybrid(h=5.0),-0.7976755447685746,10.715239920156204,0.9999777965333055
427,PageHinkleyHybrid(h=5.0),1.4230456738391812,12.138285593995386,0.9999946493416291
428,PageHinkleyHybrid(h=5.0),2.4092156133876474,14.547501207383034,0.9999995190495988
429,PageHinkleyHybrid(h=5.0),-2.5507196415879956,-2.5507196415879956,0.07237815407306561
430,PageHinkleyHybrid(h=5.0),-1.125338195248417,-3.6760578368364127,0.024697206579786146
431,PageHinkleyHybrid(h=5.0),-11.512915464920228,-11.512915464920228,1e-05
432,PageHinkleyHybrid(h=5.0),0.07674945073494271,-11.436166014185286,1.079770645191772e-05
433,PageHinkleyHybrid(h=5.0),1.4845754222215233,-9.951590591963763,4.7649508505008064e-05
434,PageHinkleyHybrid(h=5.0),11.51291546492478,11.51291546492478,0.99999
435,PageHinkleyHybrid(h=5.0),0.4990175928955506,12.011933057820329,0.9999939287080223
436,PageHinkleyHybrid(h=5.0),11.51291546492478,11.51291546492478,0.99999
437,PageHinkleyHybrid(h=5.0),-1.4764147397256908,10.036500725199089,0.9999562292379646
438,PageHinkleyHybrid(h=5.0),-2.326088238042289,-2.326088238042289,0.0889852681934536
439,PageHinkleyHybrid(h=5.0),0.33648193399093695,-1.9896063040513519,0.12029851981686904
440,PageHinkleyHybrid(h=5.0),0.9208714417360684,-1.0687348623152835,0.2556437528200588
441,PageHinkleyHybrid(h=5.0),0.3647573955462219,-0.7039774667690616,0.33093096293994123
442,PageHinkleyHybrid(h=5.0),-11.512915464920228,-11.512915464920228,1e-05
443,PageHinkleyHybrid(h=5.0),0.29518074009461004,-11.217734724825618,1.3433645247115018e-05
444,PageHinkleyHybrid(h=5.0),-1.3330267266909956,-12.550761451516614,3.542191361327287e-06
445,PageHinkleyHybrid(h=5.0),1.3919399507579904,-11.158821500758624,1.4248830145242739e-05
446,PageHinkleyHybrid(h=5.0),0.8952843591419798,-10.263537141616643,3.4880869772550225e-05
447,PageHinkleyHybrid(h=5.0),-0.7628119910556324,-0.7628119910556324,0.3180360641017934
448,PageHinkleyHybrid(h=5.0),-0.2174936148284095,-0.9803056058840418,0.27283114898038024
449,PageHinkleyHybrid(h=5.0),-0.9333975030603229,-1.9137031089443646,0.12856539841914397
450,PageHinkleyHybrid(h=5.0),0.3276861319240347,-1.5860169770203298,0.16994501852780847
451,PageHinkleyHybrid(h=5.0),2.0559026983480275,0.4698857213276977,0.6153567078054362
452,PageHinkleyHybrid(h=5.0),-0.8269886237213545,-0.8269886237213545,0.3042821860993369
453,PageHinkleyHybrid(h=5.0),1.105097232757292,0.2781086090359376,0.569082463381494
454,PageHinkleyHybrid(h=5.0),-0.23741811083274517,0.04069049820319243,0.5101712212011708
455,PageHinkleyHybrid(h=5.0),-0.5660959535985057,-0.5254054553953134,0.37158912862412724
456,PageHinkleyHybrid(h=5.0),0.27325118760566414,-0.2521542677896492,0.4372933316060604
457,PageHinkleyHybrid(h=5.0),-0.8981671058390928,-0.8981671058390928,0.2894273032741877
458,PageHinkleyHybrid(h=5.0),-0.26593544410284475,-1.1641025499419375,0.23792262986162258
459,PageHinkleyHybrid(h=5.0),-1.149192362676354,-2.3132949126182916,0.09002785123883907
460,PageHinkleyHybrid(h=5.0),11.51291546492478,11.51291546492478,0.99999
461,PageHinkleyHybrid(h=5.0),0.4497469425612878,11.962662407486066,0.9999936220816128
462,PageHinkleyHybrid(h=5.0),-0.4469660874521824,11.515696320033884,0.9999900277696442
463,PageHinkleyHybrid(h=5.0),0.6820405431491503,12.197736863183035,0.9999949581723115
464,PageHinkleyHybrid(h=5.0),0.2667773761286556,12.46451423931169,0.9999961387442384
465,PageHinkleyHybrid(h=5.0),0.1350413266097221,0.1350413266097221,0.5337091201400331
466,PageHinkleyHybrid(h=5.0),1.2906075762852232,1.4256489028949453,0.8062224589963353
467,PageHinkleyHybrid(h=5.0),1.56627766964074,2.991926572535685,0.9522080607843527
468,PageHinkleyHybrid(h=5.0),-0.23771448862027877,2.754212083915406,0.9401507921873269
469,PageHinkleyHybrid(h=5.0),-0.293061496424599,2.461150587490807,0.9213730572713251
470,PageHinkleyHybrid(h=5.0),0.06996649175798449,2.5311170792487916,0.92629465592747
471,PageHinkleyHybrid(h=5.0),-11.512915464920228,-11.512915464920228,1e-05
472,PageHinkleyHybrid(h=5.0),-1.7708015125828205,-13.28371697750305,1.7019793179820888e-06
473,PageHinkleyHybrid(h=5.0),11.51291546492478,11.51291546492478,0.99999
474,PageHinkleyHybrid(h=5.0),11.51291546492478,11.51291546492478,0.99999
475,PageHinkleyHybrid(h=5.0),0.10124314396922501,11.614158608894003,0.999990962858561
476,PageHinkleyHybrid(h=5.0),1.225141482176049,12.839300091070053,0.9999973456287414
477,PageHinkleyHybrid(h=5.0),0.8159456938669732,13.655245784937026,0.9999988261797518
478,PageHinkleyHybrid(h=5.0),11.51291546492478,11.51291546492478,0.99999
479,PageHinkleyHybrid(h=5.0),2.6806055174494583,14.193520982374238,0.9999993147771119
480,PageHinkleyHybrid(h=5.0),0.24775853203496975,14.441279514409208,0.999999465150292
481,PageHinkleyHybrid(h=5.0),-0.7845603112157651,13.656719203193443,0.9999988279080043
482,PageHinkleyHybrid(h=5.0),-2.0108724350941976,-2.0108724350941976,0.11806610392272819
483,PageHinkleyHybrid(h=5.0),0.6679281881686577,-1.3429442469255397,0.20702629517826374
484,PageHinkleyHybrid(h=5.0),-0.5189628910186814,-1.8619071379442211,0.13448091432533002
485,PageHinkleyHybrid(h=5.0),-1.5622509532540187,-1.5622509532540187,0.1733238871206977
486,PageHinkleyHybrid(h=5.0),-0.3804094988216972,-1.942660452075716,0.1253558689688305
487,PageHinkleyHybrid(h=5.0),-0.9667157888038322,-2.9093762408795483,0.05169200355200939
488,PageHinkleyHybrid(h=5.0),11.51291546492478,11.51291546492478,0.99999
489,PageHinkleyHybrid(h=5.0),1.8531107495772923,13.366026214502071,0.9999984324987735
490,PageHinkleyHybrid(h=5.0),0.3955091460583248,13.761535360560396,0.9999989445426902
491,PageHinkleyHybrid(h=5.0),11.51291546492478,11.51291546492478,0.99999
492,PageHinkleyHybrid(h=5.0),0.5031976340509281,12.016113098975707,0.9999939540331523
493,PageHinkleyHybrid(h=5.0),-0.6561066524112407,11.360006446564466,0.9999883478296457
494,PageHinkleyHybrid(h=5.0),11.51291546492478,11.51291546492478,0.99999
495,PageHinkleyHybrid(h=5.0),1.1618737216730617,12.674789186597842,0.9999968709850505
496,PageHinkleyHybrid(h=5.0),-0.9010919466481824,11.773697239949659,0.9999922954919893
497,PageHinkleyHybrid(h=5.0),0.17201649430965493,11.945713734259314,0.9999935130638153
498,PageHinkleyHybrid(h=5.0),-0.6752846817889976,-0.6752846817889976,0.3373145239845728
499,PageHinkleyHybrid(h=5.0),-1.4817709238383419,-2.1570556056273396,0.1036737416576159
500,PageHinkleyHybrid(h=5.0),1.9722563807010636,-0.18479922492627598,0.45393122615081594
501,PageHinkleyHybrid(h=5.0),11.51291546492478,11.51291546492478,0.99999
502,PageHinkleyHybrid(h=5.0),-1.5134387619313907,9.999476702993388,0.9999545783695911
503,PageHinkleyHybrid(h=5.0),1.2020584675692427,11.20153517056263,0.9999863469664604
504,PageHinkleyHybrid(h=5.0),-0.38547436083899084,-0.38547436083899084,0.40480722926345186
505,PageHinkleyHybrid(h=5.0),-0.18507695128215243,-0.5705513121211433,0.3611096221908365
506,PageHinkleyHybrid(h=5.0),-0.31341324968067424,-0.8839645618018175,0.29235689846022533
507,PageHinkleyHybrid(h=5.0),-0.6597188576906051,-0.6597188576906051,0.3408027690960551
508,PageHinkleyHybrid(h=5.0),0.4665062010527492,-0.19321265663785592,0.4518465446300031
509,PageHinkleyHybrid(h=5.0),-0.6158979829793466,-0.8091106396172025,0.3080800453777382
510,PageHinkleyHybrid(h=5.0),0.75900213698713,-0.05010850263007249,0.487475494841532
511,PageHinkleyHybrid(h=5.0),0.3430390996352045,0.292930597005132,0.5727134397406846
512,PageHinkleyHybrid(h=5.0),0.11338365811494065,0.11338365811494065,0.5283155859400772
513,PageHinkleyHybrid(h=5.0),-0.7184658556761984,-0.6050821975612577,0.35318182964080685
514,PageHinkleyHybrid(h=5.0),-0.29423003689996885,-0.8993122344612265,0.28919185390756397
515,PageHinkleyHybrid(h=5.0),1.5618410136149945,0.662528779153768,0.6598282146250539
516,PageHinkleyHybrid(h=5.0),1.1000803277175737,1.7626091068713416,0.8535361313548387
517,PageHinkleyHybrid(h=5.0),-0.8154355380943611,-0.8154355380943611,0.3067334265604347
518,PageHinkleyHybrid(h=5.0),0.531357585908668,-0.2840779521856931,0.4294542965966036
519,PageHinkleyHybrid(h=5.0),1.5534824512745398,1.2694044990888467,0.7806407909338339
520,PageHinkleyHybrid(h=5.0),-2.2063868118158614,-0.9369823127270147,0.2815103041787161
521,PageHinkleyHybrid(h=5.0),1.169242450033484,0.23226013730646922,0.5578054093608362
522,PageHinkleyHybrid(h=5.0),-0.4004140153502081,-0.4004140153502081,0.4012128723162459
523,PageHinkleyHybrid(h=5.0),1.2149838775693018,0.8145698622190938,0.6930824583765984
524,PageHinkleyHybrid(h=5.0),-0.5278338355959186,0.2867360266231752,0.5711968710960518
525,PageHinkleyHybrid(h=5.0),-2.7778055963817194,-2.7778055963817194,0.0585353698006443
526,PageHinkleyHybrid(h=5.0),-2.0731172680855336,-4.850922864467253,0.007760460574849118
527,PageHinkleyHybrid(h=5.0),0.46595318749038656,-4.3849696769768665,0.012309845177001502
528,PageHinkleyHybrid(h=5.0),0.7442144426547455,-3.6407552343221212,0.02556196977398697
529,PageHinkleyHybrid(h=5.0),-0.7140479341819228,-0.7140479341819228,0.32870501246867745
530,PageHinkleyHybrid(h=5.0),1.3344619607299728,0.62041402654805,0.6503127065908069
531,PageHinkleyHybrid(h=5.0),-2.1801857371906883,-1.5597717106426383,0.17367940749600544
532,PageHinkleyHybrid(h=5.0),0.3234961779518242,-1.2362755326908141,0.22508494847338475
533,PageHinkleyHybrid(h=5.0),-1.1708845214902295,-1.1708845214902295,0.2366951400712629
534,PageHinkleyHybrid(h=5.0),-0.3869606844208848,-1.5578452059111143,0.17395606341028746
535,PageHinkleyHybrid(h=5.0),0.4650842291580231,-1.0927609767530913,0.25109872509504555
536,PageHinkleyHybrid(h=5.0),-0.6549453078026597,-1.747706284555751,0.14833673619477575
537,PageHinkleyHybrid(h=5.0),-0.06148601656744394,-1.809192301123195,0.14073577178474014
538,PageHinkleyHybrid(h=5.0),2.2183788836359826,0.4091865825127876,0.6008928205658044
539,PageHinkleyHybrid(h=5.0),-0.2943778384561596,-0.2943778384561596,0.4269324391430553
540,PageHinkleyHybrid(h=5.0),1.7401619394434715,1.445784100987312,0.8093487549156482
541,PageHinkleyHybrid(h=5.0),-1.0403216111071365,0.4054624898801755,0.5999993716251182
542,PageHinkleyHybrid(h=5.0),1.1468837086498818,1.5523461985300573,0.8252523375141942
543,PageHinkleyHybrid(h=5.0),11.51291546492478,11.51291546492478,0.99999
544,PageHinkleyHybrid(h=5.0),-11.512915464920228,-11.512915464920228,1e-05
545,PageHinkleyHybrid(h=5.0),-0.5713237900137613,-12.084239254933989,5.647797551214376e-06
546,PageHinkleyHybrid(h=5.0),1.2260223717888028,-10.858216883145186,1.924544538165775e-05
547,PageHinkleyHybrid(h=5.0),0.15666518449186426,-10.701551698653322,2.2509475402989853e-05
548,PageHinkleyHybrid(h=5.0),0.9019193116516826,-9.79963238700164,5.5468910937456067e-05
549,PageHinkleyHybrid(h=5.0),-0.327683195267959,-10.127315582269599,3.99710324840047e-05
550,PageHinkleyHybrid(h=5.0),0.5149960640416325,-9.612319518227967,6.689499441953474e-05
551,PageHinkleyHybrid(h=5.0),0.21400029330973463,-9.398319224918232,8.285635727330798e-05
552,PageHinkleyHybrid(h=5.0),2.9515060114289264,-6.446813213489306,0.0015830569467400947
553,PageHinkleyHybrid(h=5.0),0.7369395275849417,-5.709873685904364,0.0033021506828287057
554,PageHinkleyHybrid(h=5.0),0.8534043691690533,-4.8564693167353115,0.007717867979159997
555,PageHinkleyHybrid(h=5.0),-0.09432222676384677,-4.950791543499158,0.00702806108011801
556,PageHinkleyHybrid(h=5.0),-0.185658930550547,-0.185658930550547,0.45371813277825196
557,PageHinkleyHybrid(h=5.0),-0.11921080257449468,-0.3048697331250417,0.4243674701996864
558,PageHinkleyHybrid(h=5.0),0.9362207891062896,0.6313510559812479,0.6527957468866649
559,PageHinkleyHybrid(h=5.0),-0.10527850775514554,0.5260725482261023,0.6285666313066625
560,PageHinkleyHybrid(h=5.0),0.7858170122508301,1.3118895604769323,0.7878291759400187
561,PageHinkleyHybrid(h=5.0),11.51291546492478,11.51291546492478,0.99999
562,PageHinkleyHybrid(h=5.0),1.8264427456925825,13.339358210617362,0.9999983901343352
563,PageHinkleyHybrid(h=5.0),0.008771817643626322,13.34813002826099,0.9999984041940062
564,PageHinkleyHybrid(h=5.0),3.1875792238024636,16.53570925206345,0.9999999341383375
565,PageHinkleyHybrid(h=5.0),-0.08975064559081813,16.445958606472633,0.9999999279538304
566,PageHinkleyHybrid(h=5.0),-11.512915464920228,-11.512915464920228,1e-05
567,PageHinkleyHybrid(h=5.0),-0.8588766134433339,-12.371792078363562,4.23640165729146e-06
568,PageHinkleyHybrid(h=5.0),-3.210770280391816,-3.210770280391816,0.03876242369224319
569,PageHinkleyHybrid(h=5.0),-0.02181704618788996,-3.232587326579706,0.037957652973622025
570,PageHinkleyHybrid(h=5.0),0.42854223424109567,-2.8040450923386104,0.05710597775209572
571,PageHinkleyHybrid(h=5.0),11.51291546492478,11.51291546492478,0.99999
572,PageHinkleyHybrid(h=5.0),0.8381631449729576,12.351078609897737,0.9999956749330371
573,PageHinkleyHybrid(h=5.0),0.13729462452281907,12.488373234420557,0.9999962297792531
574,PageHinkleyHybrid(h=5.0),1.7253890177038511,14.213762252124408,0.9999993285074554
575,PageHinkleyHybrid(h=5.0),-11.512915464920228,-11.512915464920228,1e-05
576,PageHinkleyHybrid(h=5.0),0.7112819746249044,-10.801633490295323,2.0365793447418546e-05
577,PageHinkleyHybrid(h=5.0),1.594580403285387,-9.207053087009935,0.00010031920444879811
578,PageHinkleyHybrid(h=5.0),-1.685078772790814,-10.892131859800749,1.8603692719077268e-05
579,PageHinkleyHybrid(h=5.0),2.808365565392932,-8.083766294407816,0.00030841176954853375
580,PageHinkleyHybrid(h=5.0),0.8546846108238545,-7.229081683583962,0.000724660993766171
581,PageHinkleyHybrid(h=5.0),-0.09842487700800846,-7.32750656059197,0.0006567786181205397
582,PageHinkleyHybrid(h=5.0),1.32392847471359,-6.00357808587838,0.002463813466940993
583,PageHinkleyHybrid(h=5.0),11.51291546492478,11.51291546492478,0.99999
584,PageHinkleyHybrid(h=5.0),0.6391437413008315,12.15205920622561,0.9999947225339157
585,PageHinkleyHybrid(h=5.0),0.7284551568860554,12.880514363111665,0.999997452802723
586,PageHinkleyHybrid(h=5.0),-0.1515223156323381,12.728992047479327,0.999997036071612
587,PageHinkleyHybrid(h=5.0),-0.6408842131583248,12.088107834321002,0.9999943740090714
588,PageHinkleyHybrid(h=5.0),1.7275654134006806,13.815673247721683,0.9999990001636763
589,PageHinkleyHybrid(h=5.0),-0.6491777551982132,13.16649549252347,0.9999980863485866
590,PageHinkleyHybrid(h=5.0),0.4957917618381312,13.662287254361601,0.9999988344161294
591,PageHinkleyHybrid(h=5.0),-0.17362378588882654,-0.17362378588882654,0.456702765970465
592,PageHinkleyHybrid(h=5.0),1.0652573424930096,0.8916335566041831,0.7092271662359239
593,PageHinkleyHybrid(h=5.0),0.8477675787382087,1.739401135342392,0.8506109825532592
594,PageHinkleyHybrid(h=5.0),2.3291420372138543,4.068543172556247,0.9831852846156082
595,PageHinkleyHybrid(h=5.0),-0.21281930917710767,3.855723863379139,0.9792801151087879
596,PageHinkleyHybrid(h=5.0),0.07618690816305583,3.931910771542195,0.9807708365022135
597,PageHinkleyHybrid(h=5.0),-0.8171409894749482,3.1147697820672464,0.9574978894476395
598,PageHinkleyHybrid(h=5.0),-0.13334916257269305,2.9814206194945534,0.9517276794275646
599,PageHinkleyHybrid(h=5.0),0.9109286120736034,3.892349231568157,0.9800103644641123
600,PageHinkleyHybrid(h=5.0),1.5651883339650492,5.457537565533206,0.9957540621071297
601,PageHinkleyHybrid(h=5.0),-0.7384169838794803,-0.7384169838794803,0.3233504027467123
602,PageHinkleyHybrid(h=5.0),1.8226330811528804,1.0842160972734,0.7472910111192964
603,PageHinkleyHybrid(h=5.0),11.51291546492478,11.51291546492478,0.99999
604,PageHinkleyHybrid(h=5.0),0.9645430209035842,12.477458485828363,0.9999961884030035
605,PageHinkleyHybrid(h=5.0),11.51291546492478,11.51291546492478,0.99999
606,PageHinkleyHybrid(h=5.0),-0.5413945233235345,10.971520941601245,0.9999828161080183
607,PageHinkleyHybrid(h=5.0),-1.2275895516262993,9.743931389974946,0.9999413539326379
608,PageHinkleyHybrid(h=5.0),-2.6436103600154865,-2.6436103600154865,0.06638392532871641
609,PageHinkleyHybrid(h=5.0),11.51291546492478,11.51291546492478,0.99999
610,PageHinkleyHybrid(h=5.0),1.3633874584027708,12.87630292332755,0.9999974420527619
611,PageHinkleyHybrid(h=5.0),0.3364363000622102,13.212739223389761,0.9999981728278337
612,PageHinkleyHybrid(h=5.0),0.7721721588590766,13.984911382248837,0.9999991558302411
613,PageHinkleyHybrid(h=5.0),-1.0337729883389395,12.951138393909897,0.9999976264901939
614,PageHinkleyHybrid(h=5.0),11.51291546492478,11.51291546492478,0.99999
615,PageHinkleyHybrid(h=5.0),0.5700137790756902,12.08292924400047,0.9999943447989659
616,PageHinkleyHybrid(h=5.0),0.5443271097714736,12.627256353771942,0.999996718663126
617,PageHinkleyHybrid(h=5.0),1.501043018447587,14.12829937221953,0.9999992685961765
618,PageHinkleyHybrid(h=5.0),1.0684538492287428,15.196753221448272,0.9999997487339435
619,PageHinkleyHybrid(h=5.0),0.6953914534242926,15.892144674872565,0.9999998746485945
620,PageHinkleyHybrid(h=5.0),-0.5629824335850838,15.32916224128748,0.9999997798952927
621,PageHinkleyHybrid(h=5.0),1.0534691113120558,16.382631352599535,0.9999999232437814
622,PageHinkleyHybrid(h=5.0),11.51291546492478,11.51291546492478,0.99999
623,PageHinkleyHybrid(h=5.0),11.51291546492478,11.51291546492478,0.99999
624,PageHinkleyHybrid(h=5.0),11.51291546492478,11.51291546492478,0.99999
625,PageHinkleyHybrid(h=5.0),-0.21427491174483135,11.298640553179947,0.9999876103974714
626,PageHinkleyHybrid(h=5.0),-0.8324913085274098,10.466149244652538,0.9999715162762062
627,PageHinkleyHybrid(h=5.0),0.2503551926452489,0.2503551926452489,0.5622639239701055
628,PageHinkleyHybrid(h=5.0),0.475638631919523,0.7259938245647719,0.6739255300512523
629,PageHinkleyHybrid(h=5.0),2.560225185591988,3.28621901015676,0.963953003976397
630,PageHinkleyHybrid(h=5.0),-2.2863400191667043,0.9998789909900556,0.7310347861494074
631,PageHinkleyHybrid(h=5.0),11.51291546492478,11.51291546492478,0.99999
632,PageHinkleyHybrid(h=5.0),0.21117177907277676,11.724087243997555,0.9999919036348216
633,PageHinkleyHybrid(h=5.0),-0.11237539330484121,11.611711850692714,0.9999909407199886
634,PageHinkleyHybrid(h=5.0),-0.8646502703875482,-0.8646502703875482,0.2963686874219497
635,PageHinkleyHybrid(h=5.0),-2.1584633590292652,-3.0231136294168133,0.04639253201046999
636,PageHinkleyHybrid(h=5.0),1.7108860616849213,-1.312227567731892,0.21211433016848694
637,PageHinkleyHybrid(h=5.0),0.4980262904894509,-0.8142012772424411,0.30699595229098386
638,PageHinkleyHybrid(h=5.0),-1.3068661085258864,-1.3068661085258864,0.2130117300776838
639,PageHinkleyHybrid(h=5.0),-1.3160491174814746,-2.622915226007361,0.06767811726950743
640,PageHinkleyHybrid(h=5.0),-0.002941641269382742,-2.625856867276744,0.06749274208922779
641,PageHinkleyHybrid(h=5.0),11.51291546492478,11.51291546492478,0.99999
642,PageHinkleyHybrid(h=5.0),0.08854819028976599,11.601463655214545,0.9999908474022132
643,PageHinkleyHybrid(h=5.0),-1.7420154638934189,9.859448191321126,0.9999477515556688
644,PageHinkleyHybrid(h=5.0),0.10520525139738042,0.10520525139738042,0.5262770807742166
645,PageHinkleyHybrid(h=5.0),0.0727638037418933,0.17796905513927372,0.5443752009782644
646,PageHinkleyHybrid(h=5.0),-11.512915464920228,-11.512915464920228,1e-05
647,PageHinkleyHybrid(h=5.0),0.3380284892053391,-11.17488697571489,1.4021748105700938e-05
648,PageHinkleyHybrid(h=5.0),0.12303352827704434,-11.051853447437844,1.5857479042674307e-05
649,PageHinkleyHybrid(h=5.0),1.4426320555676166,-9.609221391870229,6.710255101025516e-05
650,PageHinkleyHybrid(h=5.0),11.51291546492478,11.51291546492478,0.99999
651,PageHinkleyHybrid(h=5.0),2.7160913852710062,14.229006850195786,0.9999993386664509
652,PageHinkleyHybrid(h=5.0),0.07737214694304086,14.306378997138827,0.9999993879057784
653,PageHinkleyHybrid(h=5.0),-1.0045782916829,13.301800705455927,0.9999983285221404
654,PageHinkleyHybrid(h=5.0),11.51291546492478,11.51291546492478,0.99999
655,PageHinkleyHybrid(h=5.0),0.4800747689152146,11.992990233839993,0.999993812605132
656,PageHinkleyHybrid(h=5.0),0.42290753451817187,12.415897768358166,0.9999959463863767
657,PageHinkleyHybrid(h=5.0),0.3753971512794333,12.791294919637599,0.9999972150975288
658,PageHinkleyHybrid(h=5.0),0.6607347842961145,13.452029703933713,0.9999985616747502
659,PageHinkleyHybrid(h=5.0),0.2277468358851164,13.679776539818828,0.9999988546241083
660,PageHinkleyHybrid(h=5.0),-0.29041856736856714,-0.29041856736856714,0.4279013979359291
661,PageHinkleyHybrid(h=5.0),-0.25764658439975924,-0.5480651517683264,0.36631342496136526
662,PageHinkleyHybrid(h=5.0),0.3646848075867448,-0.18338034418158156,0.4542829579334127
663,PageHinkleyHybrid(h=5.0),-0.25345792928986977,-0.4368382734714513,0.39249460272458747
664,PageHinkleyHybrid(h=5.0),-0.46354045976481856,-0.46354045976481856,0.38614626519685064
665,PageHinkleyHybrid(h=5.0),0.540501485398218,0.0769610256333994,0.5192307653608202
666,PageHinkleyHybrid(h=5.0),0.0940967068547146,0.171057732488114,0.5426604607345593
667,PageHinkleyHybrid(h=5.0),11.51291546492478,11.51291546492478,0.99999
668,PageHinkleyHybrid(h=5.0),-11.512915464920228,-11.512915464920228,1e-05
669,PageHinkleyHybrid(h=5.0),2.548193455358584,-8.964722009561644,0.00012782481777900937
670,PageHinkleyHybrid(h=5.0),3.6164487407261294,-5.348273268835515,0.004733841025091675
671,PageHinkleyHybrid(h=5.0),-11.512915464920228,-11.512915464920228,1e-05
672,PageHinkleyHybrid(h=5.0),-0.011225230765287189,-11.524140695685515,9.888376474355861e-06
673,PageHinkleyHybrid(h=5.0),-0.04573701053321999,-11.569877706218735,9.446302597296545e-06
674,PageHinkleyHybrid(h=5.0),-1.5316904213393692,-1.5316904213393692,0.1777464915846536
675,PageHinkleyHybrid(h=5.0),-0.5465939729706997,-2.078284394310069,0.11122544871045036
676,PageHinkleyHybrid(h=5.0),-1.0107799227740883,-3.0890643170841576,0.043560601738563895
677,PageHinkleyHybrid(h=5.0),11.51291546492478,11.51291546492478,0.99999
678,PageHinkleyHybrid(h=5.0),1.9991091998374086,13.512024664762187,0.9999986454293527
679,PageHinkleyHybrid(h=5.0),3.969469543047771,17.48149420780996,0.9999999744210026
680,PageHinkleyHybrid(h=5.0),1.4928230521162231,18.97431725992618,0.9999999942514446
681,PageHinkleyHybrid(h=5.0),-1.0393031776469959,17.935014082279185,0.9999999837474187
682,PageHinkleyHybrid(h=5.0),-0.2304386625645414,17.704575419714644,0.9999999795355263
683,PageHinkleyHybrid(h=5.0),1.0816831324914526,18.786258552206096,0.9999999930620436
684,PageHinkleyHybrid(h=5.0),-1.1894257406442448,-1.1894257406442448,0.2333616573324163
685,PageHinkleyHybrid(h=5.0),1.4755502354367238,0.28612449479247903,0.5710470814727906
686,PageHinkleyHybrid(h=5.0),0.11172559623145137,0.39785009102393043,0.5981710119606125
687,PageHinkleyHybrid(h=5.0),-0.04979525573366193,0.3480548352902685,0.5861458022035687
688,PageHinkleyHybrid(h=5.0),1.4715179048238987,1.8195727401141673,0.8605148513425416
689,PageHinkleyHybrid(h=5.0),1.0113230552673445,2.8308957953815117,0.9443227193432975
690,PageHinkleyHybrid(h=5.0),-0.033162437840443086,2.7977333575410688,0.9425532160448871
691,PageHinkleyHybrid(h=5.0),2.8990396103568568,5.6967729678979255,0.99665444984115
692,PageHinkleyHybrid(h=5.0),-0.9659874943004236,4.730785473597502,0.9912575634737694
693,PageHinkleyHybrid(h=5.0),1.2937467013359323,6.024532174933434,0.9975871530881988
694,PageHinkleyHybrid(h=5.0),1.253646082895414,7.278178257828848,0.9993100341551461
695,PageHinkleyHybrid(h=5.0),0.028546211157986313,7.306724468986834,0.9993294385794486
696,PageHinkleyHybrid(h=5.0),0.837032729115948,0.837032729115948,0.6978399066726354
697,PageHinkleyHybrid(h=5.0),-1.2386794679698372,-0.40164673885388924,0.4009167575590579
698,PageHinkleyHybrid(h=5.0),1.9662532512958948,1.5646065124420057,0.8270133641280212
699,PageHinkleyHybrid(h=5.0),0.17859060020483422,1.74319711264684,0.8510927030437018
700,PageHinkleyHybrid(h=5.0),-0.22825348257895742,1.5149436300678825,0.8197926972737006
701,PageHinkleyHybrid(h=5.0),2.372457161800694,3.8874007918685765,0.9799131936712141
702,PageHinkleyHybrid(h=5.0),-0.4527930758026674,3.434607716065909,0.9687687795556439
703,PageHinkleyHybrid(h=5.0),-1.5336408450155332,-1.5336408450155332,0.1774616110909321
704,PageHinkleyHybrid(h=5.0),-1.8745923076460451,-3.4082331526615786,0.03203914680794049
705,PageHinkleyHybrid(h=5.0),1.276204380634694,-2.1320287720268842,0.10602254732514463
706,PageHinkleyHybrid(h=5.0),-1.2898913930013933,-1.2898913930013933,0.215871194251115
707,PageHinkleyHybrid(h=5.0),11.51291546492478,11.51291546492478,0.99999
708,PageHinkleyHybrid(h=5.0),-11.512915464920228,-11.512915464920228,1e-05
709,PageHinkleyHybrid(h=5.0),11.51291546492478,11.51291546492478,0.99999
710,PageHinkleyHybrid(h=5.0),0.6780585138843507,12.19097397880913,0.9999949239596291
711,PageHinkleyHybrid(h=5.0),0.2858754097607697,12.4768493885699,0.9999961860806718
712,PageHinkleyHybrid(h=5.0),-0.2552802712576009,12.2215691173123,0.9999950769093334
713,PageHinkleyHybrid(h=5.0),0.9431764280194278,13.164745545331726,0.9999980829968723
714,PageHinkleyHybrid(h=5.0),0.3586334443775176,13.523378989709244,0.999998660722581
715,PageHinkleyHybrid(h=5.0),2.602005902432919,16.12538489214216,0.9999999007262838
716,PageHinkleyHybrid(h=5.0),0.5505720232823224,16.675956915424482,0.9999999427567996
717,PageHinkleyHybrid(h=5.0),0.5975279138465398,17.273484829271023,0.9999999685065063
718,PageHinkleyHybrid(h=5.0),-0.03633865288760666,17.237146176383416,0.9999999673410276
719,PageHinkleyHybrid(h=5.0),0.3347567402008647,0.3347567402008647,0.5829163128836797
720,PageHinkleyHybrid(h=5.0),0.81108437864321,1.1458411188440747,0.7587504606757738
721,PageHinkleyHybrid(h=5.0),-2.3514639250442495,-1.2056228062001748,0.23047646115208384
722,PageHinkleyHybrid(h=5.0),-1.414378481034369,-1.414378481034369,0.195544373368286
723,PageHinkleyHybrid(h=5.0),1.5366638807896285,0.12228539975525954,0.5305333105394986
724,PageHinkleyHybrid(h=5.0),0.6245806663884453,0.7468660661437049,0.6784954475674014
725,PageHinkleyHybrid(h=5.0),0.17970203025150788,0.9265680963952128,0.7163785082515235
726,PageHinkleyHybrid(h=5.0),0.42856176906100485,1.3551298654562176,0.794967033070006
727,PageHinkleyHybrid(h=5.0),0.867736591480626,2.2228664569368437,0.9022842153780377
728,PageHinkleyHybrid(h=5.0),-0.24899005777338654,1.9738763991634571,0.8780268675288637
729,PageHinkleyHybrid(h=5.0),-0.5472245139236543,1.426651885239803,0.8063791046025414
730,PageHinkleyHybrid(h=5.0),0.6577446633350376,0.6577446633350376,0.6587535765293044
731,PageHinkleyHybrid(h=5.0),-0.8165891558937073,-0.15884449255866973,0.46037216455993685
732,PageHinkleyHybrid(h=5.0),0.9567759212601784,0.7979314287015087,0.6895318198716236
733,PageHinkleyHybrid(h=5.0),-2.323135616131754,-2.323135616131754,0.0892249187286479
734,PageHinkleyHybrid(h=5.0),2.2984271351407806,-0.024708480990973225,0.493823193998714
735,PageHinkleyHybrid(h=5.0),1.0552368253773206,1.0305283443863473,0.737018313590741
736,PageHinkleyHybrid(h=5.0),0.7391452619628275,1.769673606349175,0.8544170761309623
737,PageHinkleyHybrid(h=5.0),2.140814430400949,3.910488036750124,0.9803626278147395
738,PageHinkleyHybrid(h=5.0),11.51291546492478,11.51291546492478,0.99999
739,PageHinkleyHybrid(h=5.0),2.246070203864946,13.758985668789725,0.9999989418481686
740,PageHinkleyHybrid(h=5.0),-2.9931184067823158,10.76586726200741,0.9999788926316934
741,PageHinkleyHybrid(h=5.0),-1.288381350926767,-1.288381350926767,0.21612690997928952
742,PageHinkleyHybrid(h=5.0),-0.3534154599851704,-1.6417968109119374,0.16222071847872824
743,PageHinkleyHybrid(h=5.0),0.43818855476032337,-1.2036082561516142,0.2308339498141986
744,PageHinkleyHybrid(h=5.0),1.1270696397232294,-0.07653861642838478,0.48087468157907853
745,PageHinkleyHybrid(h=5.0),-0.4798952697720088,-0.5564338862003936,0.3643729904735871
746,PageHinkleyHybrid(h=5.0),0.6456522053731685,0.0892183191727749,0.5222897963594143
747,PageHinkleyHybrid(h=5.0),-0.5177217438998803,-0.5177217438998803,0.3733851202940032
748,PageHinkleyHybrid(h=5.0),-0.3369742316094227,-0.8546959755093031,0.2984486982416533
749,PageHinkleyHybrid(h=5.0),-1.5299454246911786,-2.384641400200482,0.08435138919095865
750,PageHinkleyHybrid(h=5.0),-0.7398816409608406,-0.7398816409608406,0.3230300261667287
751,PageHinkleyHybrid(h=5.0),-1.4210653904231783,-2.160947031384019,0.10331268628735232
752,PageHinkleyHybrid(h=5.0),-0.8130637010581145,-2.9740107324421334,0.04861388812084414
753,PageHinkleyHybrid(h=5.0),2.3904028476372523,-0.5836078848048811,0.3581028426249128
754,PageHinkleyHybrid(h=5.0),-0.7760105813932738,-1.359618466198155,0.20430231852084157
755,PageHinkleyHybrid(h=5.0),11.51291546492478,11.51291546492478,0.99999
756,PageHinkleyHybrid(h=5.0),1.0879493291591917,12.600864794083972,0.999996630910955
757,PageHinkleyHybrid(h=5.0),0.6430865115638363,13.243951305647808,0.9999982289767598
758,PageHinkleyHybrid(h=5.0),-0.6522056742694171,12.59174563137839,0.9999966000472768
759,PageHinkleyHybrid(h=5.0),1.4506143420873627,14.042359973465754,0.9999992029598401
760,PageHinkleyHybrid(h=5.0),-0.2928403208595816,13.749519652606171,0.9999989317841391
761,PageHinkleyHybrid(h=5.0),0.5606500864433153,14.310169739049487,0.9999993902216758
762,PageHinkleyHybrid(h=5.0),11.51291546492478,11.51291546492478,0.99999
763,PageHinkleyHybrid(h=5.0),0.2866754342559728,11.799590899180751,0.9999924924277002
764,PageHinkleyHybrid(h=5.0),2.8396651854378834,14.639256084618635,0.9999995612151009
765,PageHinkleyHybrid(h=5.0),-0.4513195693328789,14.187936515285756,0.9999993109398052
766,PageHinkleyHybrid(h=5.0),0.3619130596864885,14.549849574972244,0.9999995201777216
767,PageHinkleyHybrid(h=5.0),11.51291546492478,11.51291546492478,0.99999
768,PageHinkleyHybrid(h=5.0),-0.35607560290600043,11.156839862018778,0.9999857229062292
769,PageHinkleyHybrid(h=5.0),11.51291546492478,11.51291546492478,0.99999
770,PageHinkleyHybrid(h=5.0),1.4651925715602179,12.978108036484997,0.9999976896472671
771,PageHinkleyHybrid(h=5.0),-0.27671236480871503,12.701395671676282,0.9999969531391245
772,PageHinkleyHybrid(h=5.0),1.3232524573574256,14.024648129033707,0.9999991887170394
773,PageHinkleyHybrid(h=5.0),2.1089116860221444,16.13355981505585,0.9999999015345306
774,PageHinkleyHybrid(h=5.0),1.3042119188600085,17.43777173391586,0.9999999732778162
775,PageHinkleyHybrid(h=5.0),-1.9104297111483721,15.527342022767487,0.9999998194651862
776,PageHinkleyHybrid(h=5.0),-0.48166580337089454,-0.48166580337089454,0.3818588472525393
777,PageHinkleyHybrid(h=5.0),0.10306878364972809,-0.37859701972116644,0.4064653233655837
778,PageHinkleyHybrid(h=5.0),0.3132156546475371,-0.06538136507362935,0.4836604788940314
779,PageHinkleyHybrid(h=5.0),1.3021799072636606,1.2367985421900314,0.7750062626234383
780,PageHinkleyHybrid(h=5.0),0.633622065501248,1.8704206076912793,0.8665069377797161
781,PageHinkleyHybrid(h=5.0),-1.390069308406143,-1.390069308406143,0.19939669238696964
782,PageHinkleyHybrid(h=5.0),0.9151818362981639,-0.4748874721079792,0.38346009879975096
783,PageHinkleyHybrid(h=5.0),1.2842698549121045,0.8093823828041253,0.6919778782078527
784,PageHinkleyHybrid(h=5.0),1.1966995660574686,2.0060819488615937,0.8814341661425031
785,PageHinkleyHybrid(h=5.0),2.5013187515168096,4.507400700378403,0.9890931847300545
786,PageHinkleyHybrid(h=5.0),1.7359871894461025,6.243387889824506,0.9980605081339667
787,PageHinkleyHybrid(h=5.0),1.0343275640126035,7.277715453837109,0.9993097149827684
788,PageHinkleyHybrid(h=5.0),0.318465702141536,7.596181155978645,0.9994978860118738
789,PageHinkleyHybrid(h=5.0),-2.1783485045640893,5.417832651414555,0.9955828455962107
790,PageHinkleyHybrid(h=5.0),0.9889752409562911,6.406807892370846,0.9983524349629096
791,PageHinkleyHybrid(h=5.0),0.6735888936380143,0.6735888936380143,0.6623063061489335
792,PageHinkleyHybrid(h=5.0),0.7605523878721483,1.4341412815101626,0.8075457554108751
793,PageHinkleyHybrid(h=5.0),-1.2833799696486172,0.1507613118615454,0.537619101314163
794,PageHinkleyHybrid(h=5.0),-0.965977297271335,-0.8152159854097896,0.30678011598758664
795,PageHinkleyHybrid(h=5.0),2.3884960911301873,1.5732801057203978,0.8282507106387094
796,PageHinkleyHybrid(h=5.0),0.35625450468222514,1.929534610402623,0.8731978993419963
797,PageHinkleyHybrid(h=5.0),1.4143440428275618,3.3438786532301847,0.9659038115606233
798,PageHinkleyHybrid(h=5.0),0.4409925614425469,3.7848712146727315,0.9777925826119969
799,PageHinkleyHybrid(h=5.0),0.4428034844370991,0.4428034844370991,0.6089268418487236
800,PageHinkleyHybrid(h=5.0),2.0065698076708043,2.449373292107903,0.9205156087988283
801,PageHinkleyHybrid(h=5.0),-0.22013839563975837,2.229234896468145,0.902844267494555
802,PageHinkleyHybrid(h=5.0),0.5272274765676986,2.7564623730358435,0.9402772844958787
803,PageHinkleyHybrid(h=5.0),-0.15504016596616121,2.601422207069682,0.9309530544159258
804,PageHinkleyHybrid(h=5.0),-0.12154488568869005,2.479877321380992,0.9227190502758611
805,PageHinkleyHybrid(h=5.0),0.02899548313399769,0.02899548313399769,0.5072483629594082
806,PageHinkleyHybrid(h=5.0),0.6930277746416584,0.7220232577756561,0.673052396532711
807,PageHinkleyHybrid(h=5.0),-0.17494316425050147,0.5470800935251546,0.6334578854401834
808,PageHinkleyHybrid(h=5.0),3.736906154697909,4.283986248223064,0.9863999207050126
809,PageHinkleyHybrid(h=5.0),-0.7008770225420637,3.5831092256810004,0.972962196845518
810,PageHinkleyHybrid(h=5.0),0.17620854736958963,3.75931777305059,0.9772308814610005
811,PageHinkleyHybrid(h=5.0),-0.12785113937140766,3.6314666336791825,0.9742056421695582
812,PageHinkleyHybrid(h=5.0),11.51291546492478,11.51291546492478,0.99999
813,PageHinkleyHybrid(h=5.0),0.6586916873420372,12.171607152266816,0.9999948246952288
814,PageHinkleyHybrid(h=5.0),2.30819362465354,14.479800776920356,0.9999994853615861
815,PageHinkleyHybrid(h=5.0),-1.701021578990261,12.778779197930096,0.9999971800235326
816,PageHinkleyHybrid(h=5.0),0.754300711932822,13.533079909862918,0.999998673651972
817,PageHinkleyHybrid(h=5.0),1.8737296427701982,15.406809552633117,0.999999796339156
818,PageHinkleyHybrid(h=5.0),0.5094826886421627,15.91629224127528,0.9999998776392715
819,PageHinkleyHybrid(h=5.0),2.437521398550577,18.353813639825855,0.9999999893084662
820,PageHinkleyHybrid(h=5.0),-0.22164914198825802,18.132164497837596,0.99999998665554
821,PageHinkleyHybrid(h=5.0),11.51291546492478,11.51291546492478,0.99999
822,PageHinkleyHybrid(h=5.0),11.51291546492478,11.51291546492478,0.99999
823,PageHinkleyHybrid(h=5.0),-0.03540997201073764,11.477505492914041,0.9999896395600251
824,PageHinkleyHybrid(h=5.0),-0.1348068076348774,11.342698685279164,0.9999881444037081
825,PageHinkleyHybrid(h=5.0),11.51291546492478,11.51291546492478,0.99999
826,PageHinkleyHybrid(h=5.0),11.51291546492478,11.51291546492478,0.99999
827,PageHinkleyHybrid(h=5.0),-0.22842004282937828,11.2844954220954,0.9999874339017873
828,PageHinkleyHybrid(h=5.0),-0.10431868070006994,11.18017674139533,0.9999860522267943
829,PageHinkleyHybrid(h=5.0),0.06187820566265396,11.242054947057984,0.9999868891189502
830,PageHinkleyHybrid(h=5.0),-1.407271009276745,-1.407271009276745,0.19666484668971693
831,PageHinkleyHybrid(h=5.0),-0.7336037132781585,-2.1408747225549036,0.10518702981982019
832,PageHinkleyHybrid(h=5.0),-0.8532202654081991,-2.994094987963103,0.04769335595568934
833,PageHinkleyHybrid(h=5.0),-0.5336725571912153,-0.5336725571912153,0.3696607304687614
834,PageHinkleyHybrid(h=5.0),0.3622894567660382,-0.17138310042517713,0.45725879054466734
835,PageHinkleyHybrid(h=5.0),0.7093812296206784,0.5379981291955013,0.6313466088081258
836,PageHinkleyHybrid(h=5.0),11.51291546492478,11.51291546492478,0.99999
837,PageHinkleyHybrid(h=5.0),-0.8449475942009385,10.66796787072384,0.9999767217509193
838,PageHinkleyHybrid(h=5.0),2.146024744193052,12.813992614916891,0.9999972775962528
839,PageHinkleyHybrid(h=5.0),0.143458919188583,12.957451534105475,0.9999976414272591
840,PageHinkleyHybrid(h=5.0),0.3439960648175153,13.30144759892299,0.9999983279318272
841,PageHinkleyHybrid(h=5.0),1.4016516372912051,14.703099236214197,0.9999995883529986
842,PageHinkleyHybrid(h=5.0),-1.029487920350674,-1.029487920350674,0.2631833935313104
843,PageHinkleyHybrid(h=5.0),0.9184340435150028,-0.11105387683567114,0.4722650294654585
844,PageHinkleyHybrid(h=5.0),0.6187564180439961,0.5077025412083249,0.624267742258056
845,PageHinkleyHybrid(h=5.0),1.0865705251725788,1.5942730663809037,0.8312164445192132
846,PageHinkleyHybrid(h=5.0),0.7849714885458733,2.379244554926777,0.9152308426938323
847,PageHinkleyHybrid(h=5.0),11.51291546492478,11.51291546492478,0.99999
848,PageHinkleyHybrid(h=5.0),-0.3694331288331692,11.14348233609161,0.9999855309229821
849,PageHinkleyHybrid(h=5.0),-0.2383179238523474,10.905164412239262,0.999981637183405
850,PageHinkleyHybrid(h=5.0),-0.35133863991979436,-0.35133863991979436,0.41305784207257074
851,PageHinkleyHybrid(h=5.0),-0.2681681599365166,-0.619506799856311,0.34989363040766996
852,PageHinkleyHybrid(h=5.0),-0.3689951054850519,-0.9885019053413628,0.2712080809274507
853,PageHinkleyHybrid(h=5.0),3.0954569522446396,2.106955046903277,0.8915773369500379
854,PageHinkleyHybrid(h=5.0),11.51291546492478,11.51291546492478,0.99999
855,PageHinkleyHybrid(h=5.0),-0.28684633213935135,11.226069132785428,0.9999866778494746
856,PageHinkleyHybrid(h=5.0),-0.6177501033963346,10.608319029389094,0.9999752910180485
857,PageHinkleyHybrid(h=5.0),1.0533864854730057,11.6617055148621,0.9999913824878826
858,PageHinkleyHybrid(h=5.0),-0.26419369189366254,-0.26419369189366254,0.43433308671570864
859,PageHinkleyHybrid(h=5.0),1.3241994996075295,1.060005807713867,0.742691655162787
860,PageHinkleyHybrid(h=5.0),0.6672044491293934,1.7272102568432603,0.849055233583708
861,PageHinkleyHybrid(h=5.0),-1.7721370634870264,-0.044926806643766026,0.488770187146844
862,PageHinkleyHybrid(h=5.0),11.51291546492478,11.51291546492478,0.99999
863,PageHinkleyHybrid(h=5.0),11.51291546492478,11.51291546492478,0.99999
864,PageHinkleyHybrid(h=5.0),-0.3385432069643316,11.174372257960448,0.9999859710328952
865,PageHinkleyHybrid(h=5.0),-0.06526502855564015,11.109107229404808,0.9999850249070147
866,PageHinkleyHybrid(h=5.0),0.7803689108107986,11.889476140215606,0.9999931378036679
867,PageHinkleyHybrid(h=5.0),0.8489033141394023,0.8489033141394023,0.7003370369961075
868,PageHinkleyHybrid(h=5.0),1.3711338467504304,2.2200371608898326,0.9020344795953212
869,PageHinkleyHybrid(h=5.0),11.51291546492478,11.51291546492478,0.99999
870,PageHinkleyHybrid(h=5.0),0.18821700800292798,11.701132472927707,0.9999917156366797
871,PageHinkleyHybrid(h=5.0),-0.5731477024682705,11.127984770459436,0.9999853049442696
872,PageHinkleyHybrid(h=5.0),-1.4748653450937403,-1.4748653450937403,0.1862042315956418
873,PageHinkleyHybrid(h=5.0),-0.48648912552768325,-1.9613544706214237,0.12332053752114722
874,PageHinkleyHybrid(h=5.0),0.36422130760312516,-1.5971331630182986,0.16838267634620263
875,PageHinkleyHybrid(h=5.0),11.51291546492478,11.51291546492478,0.99999
876,PageHinkleyHybrid(h=5.0),-0.22204134702759798,11.29087411789718,0.999987513801007
877,PageHinkleyHybrid(h=5.0),0.6952616609684451,11.986135778865625,0.999993770048492
878,PageHinkleyHybrid(h=5.0),0.38497782754466053,12.371113606410287,0.9999957607230999
879,PageHinkleyHybrid(h=5.0),3.090952116002686,15.462065722412973,0.9999998072874073
880,PageHinkleyHybrid(h=5.0),11.51291546492478,11.51291546492478,0.99999
881,PageHinkleyHybrid(h=5.0),-0.23816191239394166,11.274753552530838,0.999987310887831
882,PageHinkleyHybrid(h=5.0),-0.1878780328918282,11.08687551963901,0.9999846882619592
883,PageHinkleyHybrid(h=5.0),2.3539573235177254,13.440832843156736,0.9999985454795477
884,PageHinkleyHybrid(h=5.0),1.4150894769136133,14.855922320070349,0.9999996466909522
885,PageHinkleyHybrid(h=5.0),11.51291546492478,11.51291546492478,0.99999
886,PageHinkleyHybrid(h=5.0),1.2377863166183485,12.750701781543128,0.9999970997240833
887,PageHinkleyHybrid(h=5.0),-0.031153028230123433,12.719548753313004,0.9999970079498761
888,PageHinkleyHybrid(h=5.0),1.2494027037395818,13.968951457052587,0.9999991422492792
889,PageHinkleyHybrid(h=5.0),2.6275075596675572,16.596459016720143,0.9999999380203096
890,PageHinkleyHybrid(h=5.0),1.704677484269017,18.30113650098916,0.999999988730169
891,PageHinkleyHybrid(h=5.0),1.1102848331634347,19.411421334152593,0.9999999962869839
892,PageHinkleyHybrid(h=5.0),2.442379737948074,21.853801072100666,0.9999999996771396
893,PageHinkleyHybrid(h=5.0),2.9611680900578174,24.814969162158484,0.9999999999832891
894,PageHinkleyHybrid(h=5.0),11.51291546492478,11.51291546492478,0.99999
895,PageHinkleyHybrid(h=5.0),1.3529589926946946,12.865874457619473,0.9999974152377894
896,PageHinkleyHybrid(h=5.0),0.2001235423569018,13.065997999976375,0.9999978840361239
897,PageHinkleyHybrid(h=5.0),0.5928295228143451,13.65882752279072,0.9999988303765428
898,PageHinkleyHybrid(h=5.0),3.230134884008033,16.888962406798754,0.9999999537388099
899,PageHinkleyHybrid(h=5.0),-0.5974849912200354,16.29147741557872,0.9999999159183512
900,PageHinkleyHybrid(h=5.0),0.8983095590992655,0.8983095590992655,0.7106019926618703
901,PageHinkleyHybrid(h=5.0),-0.07203771153448482,0.8262718475647807,0.6955660550207059
902,PageHinkleyHybrid(h=5.0),0.44152961464436613,1.267801462209147,0.7803661622114614
903,PageHinkleyHybrid(h=5.0),4.0899508148445225,5.357752277053669,0.9953106096629635
904,PageHinkleyHybrid(h=5.0),0.6514170492858059,6.009169326339475,0.9975498902084738
905,PageHinkleyHybrid(h=5.0),0.4638662840148105,6.473035610354286,0.9984578518760323
906,PageHinkleyHybrid(h=5.0),-1.4367885176045834,-1.4367885176045834,0.19204315770602418
907,PageHinkleyHybrid(h=5.0),1.5428322218209767,0.10604370421639331,0.5264861104222907
908,PageHinkleyHybrid(h=5.0),1.3470398244328294,1.4530835286492227,0.8104725384707413
909,PageHinkleyHybrid(h=5.0),11.51291546492478,11.51291546492478,0.99999
910,PageHinkleyHybrid(h=5.0),0.030668521624501913,11.543583986549281,0.9999903020272055
911,PageHinkleyHybrid(h=5.0),0.6890029813431803,12.23258696789246,0.9999951308532281
912,PageHinkleyHybrid(h=5.0),0.7300448070920471,12.962631774984509,0.9999976536136141
913,PageHinkleyHybrid(h=5.0),11.51291546492478,11.51291546492478,0.99999
914,PageHinkleyHybrid(h=5.0),0.2876117122980149,11.800527177222794,0.9999924994535329
915,PageHinkleyHybrid(h=5.0),0.7708579565171492,12.571385133739943,0.9999965301132576
916,PageHinkleyHybrid(h=5.0),1.279525251653346,13.85091038539329,0.9999990347815138
917,PageHinkleyHybrid(h=5.0),0.6454426335599799,14.49635301895327,0.9999994938098893
918,PageHinkleyHybrid(h=5.0),-0.13592924581032143,-0.13592924581032143,0.4660699156348415
919,PageHinkleyHybrid(h=5.0),0.6554030731658976,0.5194738273555762,0.6270247213217334
920,PageHinkleyHybrid(h=5.0),2.4710819058532056,2.9905557332087818,0.9521456381204793
921,PageHinkleyHybrid(h=5.0),-0.8854706484882267,2.105085084720555,0.8913964405560236
922,PageHinkleyHybrid(h=5.0),0.5748906617171817,2.6799757464377367,0.9358346672288494
923,PageHinkleyHybrid(h=5.0),-0.4474645723490133,-0.4474645723490133,0.38996375551824797
924,PageHinkleyHybrid(h=5.0),3.1400278628734277,2.6925632905244146,0.9365863919206747
925,PageHinkleyHybrid(h=5.0),-1.7902348829013985,0.902328407623016,0.7114277559843041
926,PageHinkleyHybrid(h=5.0),-0.2723777843933686,-0.2723777843933686,0.43232344581852344
927,PageHinkleyHybrid(h=5.0),0.9107986455001007,0.6384208611067321,0.6543964069201277
928,PageHinkleyHybrid(h=5.0),11.51291546492478,11.51291546492478,0.99999
929,PageHinkleyHybrid(h=5.0),0.32390207260453224,11.836817537529312,0.9999927667692686
930,PageHinkleyHybrid(h=5.0),-0.2678290318121646,11.568988505717147,0.9999905452940896
931,PageHinkleyHybrid(h=5.0),11.51291546492478,11.51291546492478,0.99999
932,PageHinkleyHybrid(h=5.0),-1.617167841706195,9.895747623218584,0.9999496140408729
933,PageHinkleyHybrid(h=5.0),-11.512915464920228,-11.512915464920228,1e-05
934,PageHinkleyHybrid(h=5.0),1.0048156311495826,-10.508099833770645,2.731356349847779e-05
935,PageHinkleyHybrid(h=5.0),-0.20316097569721983,-10.711260809467865,2.229199078337152e-05
936,PageHinkleyHybrid(h=5.0),-0.8778179615392346,-0.8778179615392346,0.293630154860786
937,PageHinkleyHybrid(h=5.0),1.4663825861739581,0.5885646246347235,0.6430357362037024
938,PageHinkleyHybrid(h=5.0),0.7224223603448293,1.3109869849795528,0.7876782673115186
939,PageHinkleyHybrid(h=5.0),-0.2786841211179557,1.032302863861597,0.7373621103816344
940,PageHinkleyHybrid(h=5.0),-1.289669950293071,-1.289669950293071,0.2159086803987316
941,PageHinkleyHybrid(h=5.0),1.8297941170556153,0.5401241667625443,0.6318413016168779
942,PageHinkleyHybrid(h=5.0),1.3557024989602022,1.8958266657227465,0.8694184570010675
943,PageHinkleyHybrid(h=5.0),0.28285995812392317,2.17868662384667,0.898319168651932
944,PageHinkleyHybrid(h=5.0),11.51291546492478,11.51291546492478,0.99999
945,PageHinkleyHybrid(h=5.0),-0.9495537758989776,10.563361689025802,0.9999741548484237
946,PageHinkleyHybrid(h=5.0),-1.7959691303740684,-1.7959691303740684,0.1423424487225783
947,PageHinkleyHybrid(h=5.0),-0.43711937138668533,-2.233088501760754,0.09681823210587462
948,PageHinkleyHybrid(h=5.0),0.3487902834247959,-1.884298218335958,0.13189595094345252
949,PageHinkleyHybrid(h=5.0),0.7217934960543161,-1.1625047222816418,0.23821246201301147
950,PageHinkleyHybrid(h=5.0),0.11062942424068721,0.11062942424068721,0.527629182643101
951,PageHinkleyHybrid(h=5.0),0.8741891223459618,0.984818546586649,0.728063274310103
952,PageHinkleyHybrid(h=5.0),-1.239413030792558,-0.2545944842059089,0.4366929649057799
953,PageHinkleyHybrid(h=5.0),11.51291546492478,11.51291546492478,0.99999
954,PageHinkleyHybrid(h=5.0),0.30373226890393107,11.81664773382871,0.9999926193962552
955,PageHinkleyHybrid(h=5.0),2.6692691725343263,14.485916906363036,0.9999994884995737
956,PageHinkleyHybrid(h=5.0),0.8607513257126749,15.34666823207571,0.999999783714912
957,PageHinkleyHybrid(h=5.0),1.0305678250149963,16.377236057090705,0.9999999228285399
958,PageHinkleyHybrid(h=5.0),1.2135709868762383,17.590807043966944,0.9999999770697093
959,PageHinkleyHybrid(h=5.0),1.0166142297788408,18.607421273745786,0.9999999917034103
960,PageHinkleyHybrid(h=5.0),1.3419889177120052,19.94941019145779,0.9999999978318903
961,PageHinkleyHybrid(h=5.0),6.67996967372588,26.629379865183672,0.9999999999972773
962,PageHinkleyHybrid(h=5.0),0.6586468246810986,27.288026689864772,0.9999999999985909
963,PageHinkleyHybrid(h=5.0),1.4676578339635469,28.755684523828318,0.9999999999996751
964,PageHinkleyHybrid(h=5.0),0.2944257859904214,29.050110309818738,0.999999999999758
965,PageHinkleyHybrid(h=5.0),11.51291546492478,11.51291546492478,0.99999
966,PageHinkleyHybrid(h=5.0),-0.4176370999892521,11.095278364935528,0.9999848163831265
967,PageHinkleyHybrid(h=5.0),11.51291546492478,11.51291546492478,0.99999
968,PageHinkleyHybrid(h=5.0),0.355508002246686,11.868423467171466,0.9999929918056729
969,PageHinkleyHybrid(h=5.0),-1.5801978083222017,10.288225658849264,0.9999659697148363
970,PageHinkleyHybrid(h=5.0),0.5685621147384459,0.5685621147384459,0.6384313244732368
971,PageHinkleyHybrid(h=5.0),-0.42347922448333986,0.145082890255106,0.5362072341913021
972,PageHinkleyHybrid(h=5.0),1.7519061719341638,1.8969890621892698,0.8695503672176154
973,PageHinkleyHybrid(h=5.0),-0.38794205858617664,1.5090470036030932,0.8189199298864557
974,PageHinkleyHybrid(h=5.0),-0.13562764239291178,-0.13562764239291178,0.46614497003556604
975,PageHinkleyHybrid(h=5.0),-3.3733819598199726,-3.3733819598199726,0.0331377807163406
976,PageHinkleyHybrid(h=5.0),-0.14301082489095773,-3.51639278471093,0.02884938806136299
977,PageHinkleyHybrid(h=5.0),-11.512915464920228,-11.512915464920228,1e-05
978,PageHinkleyHybrid(h=5.0),-1.94747309501882,-13.460388559939048,1.4263526216339394e-06
979,PageHinkleyHybrid(h=5.0),1.5723924031440561,-11.887996156794992,6.87235971809713e-06
980,PageHinkleyHybrid(h=5.0),1.6268673683213861,-10.261128788473606,3.49649735227647e-05
981,PageHinkleyHybrid(h=5.0),0.9826679170790692,-9.278460871394536,9.340606474366043e-05
982,PageHinkleyHybrid(h=5.0),-0.8005533842520604,-0.8005533842520604,0.3099071570612361
983,PageHinkleyHybrid(h=5.0),0.3461621137560944,-0.45439127049596595,0.3883172108298654
984,PageHinkleyHybrid(h=5.0),0.40096395359008874,-0.05342731690587721,0.48664634709833693
985,PageHinkleyHybrid(h=5.0),-1.0853728959417224,-1.1388002128475996,0.24254071145886621
986,PageHinkleyHybrid(h=5.0),11.51291546492478,11.51291546492478,0.99999
987,PageHinkleyHybrid(h=5.0),1.8421999773621178,13.355115442286897,0.9999984153025101
988,PageHinkleyHybrid(h=5.0),0.1350478671837706,13.490163309470667,0.9999986154905849
989,PageHinkleyHybrid(h=5.0),0.43918892856255365,13.929352238033221,0.9999991076015672
990,PageHinkleyHybrid(h=5.0),0.6745214292976246,14.603873667330847,0.9999995454119087
991,PageHinkleyHybrid(h=5.0),-11.512915464920228,-11.512915464920228,1e-05
992,PageHinkleyHybrid(h=5.0),0.1034793801530076,-11.40943608476722,1.1090217161583541e-05
993,PageHinkleyHybrid(h=5.0),-0.4246494041286276,-11.834085488895848,7.253019145346532e-06
994,PageHinkleyHybrid(h=5.0),-0.8496132329642684,-0.8496132329642684,0.2995139970315253
995,PageHinkleyHybrid(h=5.0),0.06270018163345342,-0.7869130513308149,0.3128318811767792
996,PageHinkleyHybrid(h=5.0),11.51291546492478,11.51291546492478,0.99999
997,PageHinkleyHybrid(h=5.0),1.3385589315995285,12.851474396524308,0.9999973777478726
998,PageHinkleyHybrid(h=5.0),-0.28737634160999653,12.56409805491431,0.9999965047356558
999,PageHinkleyHybrid(h=5.0),1.2183601321854685,13.78245818709978,0.9999989663963998
